# NHTSA vPIC World Manufacturer Identifier table, retrieved 2026-09-21.
# Regenerate with: go run ./tools/wmi-import
# Left out because they cannot appear in a VIN: 1OY, 4OG
wmi,manufacturer_id,manufacturer,make,vehicle_type,country
101,11778,MO TRAILERS CORP.,MO TRAILERS CORP.,Trailer,UNITED STATES (USA)
102,23465,CAMELOT MOTORS,CAMELOT,Passenger Car,UNITED STATES (USA)
109013,15279,ODOM'S MANUFACTURING INC  WELDING,,Trailer,UNITED STATES (USA)
109015,15285,"OREGON MANUFACTURING COMPANY, INC",,Trailer,UNITED STATES (USA)
109016,15278,ODOM TRAILER MFG. CO INC,,Trailer,UNITED STATES (USA)
109021,1677,WILLIAMSON OCEAN-TRAILERS,,Trailer,UNITED STATES (USA)
109022,15281,ON THE ROAD,,Trailer,UNITED STATES (USA)
109024,8288,OTTAWA TRUCK CORPORATION,,Truck,UNITED STATES (USA)
109123,18076,OK TRAILER MFG.,,Trailer,UNITED STATES (USA)
109125,17237,OUTDOOR ALUMINUM,,Trailer,UNITED STATES (USA)
109127,11627,ONAN CORPORATION,,Trailer,UNITED STATES (USA)
109131,18117,OVERLAND R.V. DEPOT,,Trailer,UNITED STATES (USA)
109133,17781,OREGON WOODCHUCK INC.,,Trailer,UNITED STATES (USA)
109134,17345,"OMEGA MANUFACTURING, INC",,Trailer,UNITED STATES (USA)
109135,10977,MIKE OLSEFSKI'S AUTO ACCESSORIES,,Trailer,UNITED STATES (USA)
109136,18018,"OMEGA SOUTHWEST MFG., INC.",,Trailer,UNITED STATES (USA)
109137,17806,"OZARK SALES AND SERVICE, INC.",,Trailer,UNITED STATES (USA)
10B,5083,BRENNER TANK LLC,"BRENNER TANK, WABASH, BRENNER/BEALL/LAFAYETTE, BRENNER, WABASH TANKS",Trailer,UNITED STATES (USA)
10H,12469,"HUDSON BROTHERS TRAILER MFG., INC.",HUDSON BROTHERS,Trailer,UNITED STATES (USA)
10R,7721,TEXTRON E-Z-GO LLC,"E-Z-GO DIVISION OF TEXTRON, CUSHMAN",Low Speed Vehicle (LSV),UNITED STATES (USA)
10T,1058,OSHKOSH CORPORATION,"OSHKOSH, PIERCE MANUFACTURING, JLG, MCNEILUS, JERR-DAN, LONDON, FRONTLINE, SMIT",Truck,UNITED STATES (USA)
10W,15288,CLASSIC MANUFACTURING INC,OWENS CLASSIC,Trailer,UNITED STATES (USA)
10Z,15280,"OMNI TRAILERS, INC",OMNI,Trailer,UNITED STATES (USA)
112,15467,"GENERAL ENGINES CO., INC",EAGER BEAVER,Trailer,UNITED STATES (USA)
119001,1938,1M CUSTOM CAR TRANSPORTS INC,,Trailer,UNITED STATES (USA)
11H,17262,"HENDRICKSON MOBILE EQUIPMENT, INC.",HENDRICKSON,Incomplete Vehicle,UNITED STATES (USA)
11J,18096,MCCULLUGH TRAILERS,MCCULLUGH TRAILERS,Trailer,UNITED STATES (USA)
11L,9159,"C.E. SMITH COMPANY, INC.",CAROLINA RUNNING GEAR,Trailer,UNITED STATES (USA)
11N,15490,"CITY TRAILER SALES, INC",CITY TRAILERS,Trailer,UNITED STATES (USA)
11P,15303,"PLEASANT VIEW MFG. CO., INC",PLEASANT VIEW MFG,Trailer,UNITED STATES (USA)
11R,10931,"REID'S TRAILER, INC.",REID'S TRAILER,Trailer,UNITED STATES (USA)
11U,5967,TRAIL-ET INC,"TRAIL-ET, EQUIBUILT LLC TRAILER",Trailer,UNITED STATES (USA)
11V,13339,KALMAR SOLUTIONS LLC,KALMAR,Truck,UNITED STATES (USA)
11W,17473,"W-W TRAILER MANUFACTURER, INC",W-W,Trailer,UNITED STATES (USA)
11X,15225,LINDIG MANUFACTURING CORPORATION,LINDIG,Trailer,UNITED STATES (USA)
11Y,2847,SAM'S TRAILERS,SAM'S,Trailer,UNITED STATES (USA)
11Z,13444,"BADSEY BULLET U.S.A., INC.","BADSEY BULLET U.S.A, INC.",Motorcycle,UNITED STATES (USA)
123,19306,"SHERMAN + REILLY, INC.",SHERMAN + REILLY,Trailer,UNITED STATES (USA)
127,16159,IDEAL WELDING CO INC,IDEAL,Trailer,UNITED STATES (USA)
129001,8806,"2-G TRAILER CO., LLC",,Trailer,UNITED STATES (USA)
12A,13131,AVANTI MOTOR CORPORATION,AVANTI,Passenger Car,UNITED STATES (USA)
12H,17090,"HOLDEN INDUSTRIES, INC","HOLDEN INDUSTRIES, INC",Trailer,UNITED STATES (USA)
12J,15313,"REBUILDERS & SANDBLASTERS, INC","REBUILDERS & SANDBLASTERS, INC",Trailer,UNITED STATES (USA)
12R,15368,"TERRELL INDUSTRIES, LTD",TERRELL,Trailer,UNITED STATES (USA)
12U,15267,MITCHELL INDUSTRIES INC,MITCHELL INDUSTRIES INC,Trailer,UNITED STATES (USA)
12Z,15291,"PATENT PRODUCTS, INC","PATENT PRODUCTS, INC",Trailer,UNITED STATES (USA)
130,2967,LIGHTLINE PRODUCTS INC,LIGHTLINE PRODUCTS INC,Trailer,UNITED STATES (USA)
137,1174,AM GENERAL LLC,"AM GENERAL, HUMMER",Multipurpose Passenger Vehicle (MPV),UNITED STATES (USA)
138,15382,TRAVALONG INC.,TRAVALONG,Trailer,UNITED STATES (USA)
139002,1940,33 EAST MAINTENANCE INC.,,Trailer,UNITED STATES (USA)
139003,1941,3M DYNAMIC MESSAGE SYSTEMS,,Trailer,UNITED STATES (USA)
13D,17320,"DIXIE CRAFT TRAILERS, INC",DIXIE CRAFT TRAILERS INC,Trailer,UNITED STATES (USA)
13E,16113,ALLEN MANUFACTURING SYSTEMS INC,AMS,Trailer,UNITED STATES (USA)
13K,1243,D & P WELDING,D & P WELDING,Trailer,UNITED STATES (USA)
13N,12268,FONTAINE COMMERCIAL TRAILER INC.,FONTAINE TRAILER CO.,Trailer,UNITED STATES (USA)
13S,3005,"SUNDOWNER TRAILERS, INC.",SUNDOWNER,Trailer,UNITED STATES (USA)
13T,4720,CARRIAGE INC.,CARRIAGE,Trailer,UNITED STATES (USA)
13U,16086,"BESTRAILERS,  INC",BESTRAILERS,Trailer,UNITED STATES (USA)
13W,15412,WOLVERINE WESTERN CORPORATION,WOLVERINE,Incomplete Vehicle,UNITED STATES (USA)
13X,9889,J-10 TRAILERS,J-10 TRAILERS,Trailer,UNITED STATES (USA)
13Y,17222,"STARLITE TRAILERS, INC",STARLITE TRAILERS,Trailer,UNITED STATES (USA)
13Z,17020,"PARKER TRAILER SALES, INC",PARK,Trailer,
141,16170,KARI-KOOL,KARI-KOOL,Trailer,UNITED STATES (USA)
143,15662,"ZOE MOTORS, INC",ZOE MOTORS,Motorcycle,UNITED STATES (USA)
145,15105,"HYUNDAI STEEL INDUSTRIES, INC.","HYUNDAI STEEL INDUSTRIES, INC.",Trailer,UNITED STATES (USA)
148,15379,"TRANSGLOBAL INDUSTRIES, INC",TRANSGLOBAL INDUSTRIES,Trailer,UNITED STATES (USA)
149002,4394,4 STAR FABRICATION,,Trailer,UNITED STATES (USA)
149004,4398,"4X4 TRAILERS, LTD.",,Trailer,UNITED STATES (USA)
14D,13425,CHILTON MANUFACTURING CORPORATION,CHILTON MANUFACTURING CORP.,Trailer,UNITED STATES (USA)
14J,2303,"TRINITY INDUSTRIES, INC.",TRINITY INDUSTRIES,Trailer,UNITED STATES (USA)
14K,12507,INTERSTATE MANUFACTURING CO,INTERSTATE MANUFACTURING,Trailer,UNITED STATES (USA)
14V,11517,WESTERN GOLF CAR MANUFACTURING INC,"WESTERN, EZGO, WESTERN LIDO",Low Speed Vehicle (LSV),UNITED STATES (USA)
14X,1838,GENERAL AUTOMOTIVE CORPORATION,GENERAL AUTOMOTIVE CORPORATION,Incomplete Vehicle,UNITED STATES (USA)
14Y,13661,TM MARINE GROUP,"TM MARINE GROUP, STAR CUSTOM",Trailer,UNITED STATES (USA)
154,15290,PARIS CUSTOM TRAILERS,PARIS,Trailer,UNITED STATES (USA)
159001,13542,FIVE STAR CUSTOM TRAILER,,Trailer,UNITED STATES (USA)
15C,4452,"MCT INDUSTRIES, INC.","MCT INDUSTRIES, INC.",Trailer,UNITED STATES (USA)
15G,1118,GILLIG LLC,GILLIG,Bus,UNITED STATES (USA)
15R,15505,BOCATS  INC,BOCATS,Trailer,UNITED STATES (USA)
15U,15376,"TRAILBOSS, INC",TRAILBOSS BOAT TRAILERS INC,Trailer,UNITED STATES (USA)
15V,15216,LANDMARK INDUSTRIES INC.,LANDMARK,Trailer,UNITED STATES (USA)
15X,16370,"KAUFMAN TRAILERS OF NC, INC.",KAUFMAN TRAILERS OF NC,Trailer,UNITED STATES (USA)
166,15255,"MCCULLOUGH ALUMINUM TRAILER CO., INC",MCCULLOUGH,Trailer,UNITED STATES (USA)
169002,17669,"6 & 34 TRAILERS & MFG, INC.",,Trailer,UNITED STATES (USA)
16C,23457,CLENET COACHWORKS,CLENET COACHWORKS,Passenger Car,UNITED STATES (USA)
16D,15445,BOSS EQUIPMENT CO.,BOSS EQUIPMENT TRAILER,Trailer,UNITED STATES (USA)
16F,4720,CARRIAGE INC.,CARRIAGE,Trailer,UNITED STATES (USA)
16G,16129,"GOOSENECK TRAILER MFG. CO, INC","GOOSENECK TRAILER MFG.,CO, INC",Trailer,UNITED STATES (USA)
16J,10945,"BELSHE INDUSTRIES, INC. DBA DURABUILT TRAILERS",BELSHE INDUSTRIES,Trailer,UNITED STATES (USA)
16M,4461,MGS INCORPORATED,MGS INCORPARATED,Trailer,UNITED STATES (USA)
16R,15308,PYRAMID MANUFACTURING COMPANY,PYRAMID,Trailer,UNITED STATES (USA)
16S,4720,CARRIAGE INC.,CARRIAGE,Trailer,UNITED STATES (USA)
16U,1939,1ST CHOICE MANUFACTURING INC,1ST CHOICE MANUFACTURING INC,Trailer,UNITED STATES (USA)
16V,9132,"BIG TEX TRAILER MANUFACTURING, LLC",BIG TEX,Trailer,UNITED STATES (USA)
16W,2208,CERTIFIED STAINLESS SERVICES INC DBA WESTMARK,WEST-MARK,Trailer,UNITED STATES (USA)
171,18322,"HYDRA-SPORTS, INC.","HYDRA-SPORTS, INC.",Trailer,UNITED STATES (USA)
173,11513,"R & R TRAILERS, INC.",LONG NECK TRAILERS,Trailer,UNITED STATES (USA)
176,15460,"CUSTOM HAUL, INC",CUSTOM HAUL,Trailer,UNITED STATES (USA)
177,16123,GOLDEN AGE AUTO CORP,FORD,Passenger Car,UNITED STATES (USA)
179446,1517,OREGON TRAILER LLC,,Trailer,UNITED STATES (USA)
17E,16274,MEARS WELDING & MFG CORP,VALLEY TRAILERS,Trailer,UNITED STATES (USA)
17J,1061,OWOSSO MOTOR CAR COMPANY,OWOSSO,Motorcycle,UNITED STATES (USA)
17N,15751,JOHN DEERE WATERLOO WORKS,JOHN DEERE,Incomplete Vehicle,UNITED STATES (USA)
17X,3035,DOUG BRAGG INC.DBA TEXAS BRAGG ENTERPRISES,TEXAS BRAGG ENTERPRISES,Trailer,UNITED STATES (USA)
17Y,9060,"AMERITRAIL, INC.","AMERITRAIL, INC.",Trailer,UNITED STATES (USA)
184,11613,EAGLE TRAILER MANUFACTURING,EAGLE TRAILER MANUFACTURING,Trailer,UNITED STATES (USA)
185,15424,AMERICAN BOS CORPORATION,AMERICAN BOS CORP,Trailer,UNITED STATES (USA)
186,10097,KARAVAN TRAILERS INC.,KARAVAN TRAILER,Trailer,UNITED STATES (USA)
188,15372,THOMSEN EQUIPMENT,THOMSEN,Trailer,UNITED STATES (USA)
18D,15476,DRI INDUSTRIES INC,SIX WHEEL WONDER,Trailer,UNITED STATES (USA)
18F,15451,CATALINA MARINA,CATALINA MARINA,Trailer,UNITED STATES (USA)
18G,5925,SHELLER-GLOBE CORPORATION,SHELLER-GLOBE CORPORATION,Trailer,UNITED STATES (USA)
18L,3410,"THE LONDONCOACH COMPANY, INCORPORATED",LONDONCOACH INC,Passenger Car,UNITED STATES (USA)
18S,15338,"SNO BIRD TRAILER CO., INC",SNO-BIRD,Trailer,UNITED STATES (USA)
18X,11243,"WESTERN RECREATIONAL VEHICLES, INC.","WESTERN RECREATIONAL VEHICLES, INC.",Trailer,UNITED STATES (USA)
18Y,3011,"ROGUE INDUSTRIES, INC.","ROGUE INDUSTRIES, INC.",Trailer,UNITED STATES (USA)
197,15204,KROSS KOUNTRY INDUSTRIES,KROSS KOUNTRY,Trailer,UNITED STATES (USA)
198,15488,FIRST PRODUCTS INC.,FIRST PRODUCTS INC,Trailer,UNITED STATES (USA)
19B,13369,B & M MANUFACTURING COMPANY,B & M MANUFACTURING,Trailer,UNITED STATES (USA)
19D,10600,SKYLINE CORPORATION,SKYLINE CORPORATION,Trailer,UNITED STATES (USA)
19E,10600,SKYLINE CORPORATION,SKYLINE CORPORATION,Trailer,UNITED STATES (USA)
19F,4720,CARRIAGE INC.,ROYALS,Trailer,UNITED STATES (USA)
19L,13376,"HY-LINE ENTERPRISES HOLDINGS, LLC",HY-LINE ENTERPRISES,Trailer,UNITED STATES (USA)
19M,8433,MASTERCRAFT BOAT COMPANY,MASTERCRAFT BOAT COMPANY,Trailer,UNITED STATES (USA)
19T,4720,CARRIAGE INC.,ROYALS,Trailer,UNITED STATES (USA)
19U,988,"AMERICAN HONDA MOTOR CO., INC.",ACURA,Passenger Car,UNITED STATES (USA)
19V,988,"AMERICAN HONDA MOTOR CO., INC.",ACURA,Passenger Car,UNITED STATES (USA)
19X,988,"AMERICAN HONDA MOTOR CO., INC.",HONDA,Passenger Car,UNITED STATES (USA)
19Z,17039,ULTRA ACQUISITION CORPORATION,ULTRA ACQUISITION CORPORATION,Motorcycle,UNITED STATES (USA)
1A0,16114,ART ROLL TECH,ART ROLL TECH,Trailer,UNITED STATES (USA)
1A2,994,FCA US LLC,CHRYSLER,Incomplete Vehicle,UNITED STATES (USA)
1A3,994,FCA US LLC,CHRYSLER,Truck,UNITED STATES (USA)
1A4,994,FCA US LLC,CHRYSLER,Multipurpose Passenger Vehicle (MPV),UNITED STATES (USA)
1A6,994,FCA US LLC,CHRYSLER,Incomplete Vehicle,UNITED STATES (USA)
1A7,994,FCA US LLC,CHRYSLER,Truck,UNITED STATES (USA)
1A8,994,FCA US LLC,CHRYSLER,Multipurpose Passenger Vehicle (MPV),UNITED STATES (USA)
1A9005,5054,CLEAN HARBORS ENVIRONMENTAL SERVICES INC,,Trailer,UNITED STATES (USA)
1A9013,15429,AMERICAN SKIER BOAT CORPORATION,,Trailer,UNITED STATES (USA)
1A9014,21727,"ALLEN CAMPER MANUFACTURING COMPANY, INC.",,Trailer,UNITED STATES (USA)
1A9050,13206,"AINLEY KENNELS & FABRICATION, INC.",,Trailer,UNITED STATES (USA)
1A9055,16107,ANAHEIM WELDING AND FABRICATION,,Trailer,UNITED STATES (USA)
1A9064,16105,ASHFORD MANUFACTURING COMPANY,,Trailer,UNITED STATES (USA)
1A9082,16236,ADMIRATION HOMES INC,,Trailer,UNITED STATES (USA)
1A9084,15430,ANDERSON TRUCK BODY AND EQUIPMENT,,Trailer,UNITED STATES (USA)
1A9085,4422,A. B. CHANCE COMPANY PITMAN MFG.,,Trailer,UNITED STATES (USA)
1A9087,10763,AUTO TRUCK INC.,,Trailer,UNITED STATES (USA)
1A9090,15425,"AMERICAN FABRICATORS, INC",,Trailer,UNITED STATES (USA)
1A9097,15434,ATLANTA FABRICATING AND EQUIPMENT CO.,,Truck,UNITED STATES (USA)
1A9099,17199,ATLAS MANUFACTURING CO. INC,,Trailer,UNITED STATES (USA)
1A9100,15433,ARLINGTON POWER SYSTEMS,,Trailer,UNITED STATES (USA)
1A9103,15435,"AUTOMATED ENGINEERING SYSTEMS, INC",,Trailer,UNITED STATES (USA)
1A9105,17982,ASHCAN FAB. CO.,,Trailer,UNITED STATES (USA)
1A9110,16108,ACE WELDING CO.,,Trailer,UNITED STATES (USA)
1A9114,4406,A & R CUSTOM TRAILERS,,Trailer,UNITED STATES (USA)
1A9117,15219,LEITNER CORPORATION,,Motorcycle,UNITED STATES (USA)
1A9121,15439,"ARTHUR L. BAKER ENTERPRISES, INC",,Trailer,UNITED STATES (USA)
1A9122,16273,AEROTEK INC,,Trailer,UNITED STATES (USA)
1A9123,15420,AMERICAN TRAILERS AND SADDLE CO,,Trailer,UNITED STATES (USA)
1A9125,4561,ART'S PORTABLE WELDING,,Trailer,UNITED STATES (USA)
1A9127,5134,"APEX MANUFACTURING CO., INC.",,Trailer,UNITED STATES (USA)
1A9130,16103,A BAR K TRAILERS,,Trailer,UNITED STATES (USA)
1A9131,16106,ASPHALT MACHINERY INC,,Trailer,UNITED STATES (USA)
1A9132,17707,AMERICAN HITCH & MFG COMPANY,,Trailer,UNITED STATES (USA)
1A9133,8620,"CUSTOM TRIKES, INC. (TRIKES & ACCESSORIES INC.)",,Trailer,UNITED ARAB EMIRATES
1A9134,17346,"CROSLEY TRAILERS, STROUDSBURG",,Trailer,UNITED STATES (USA)
1A9142,16793,"ALCAN TRAVELER, INC",,Trailer,UNITED STATES (USA)
1A9143,16194,ACV INC,,Trailer,UNITED STATES (USA)
1A9147,17907,ARCHER MANUFACTURING CORPORATION,,Trailer,UNITED STATES (USA)
1A9149,17989,"DIMENSIONAL HOMES, INC.",,Trailer,UNITED STATES (USA)
1A9157,10016,"ADDCO, INC.",,Trailer,UNITED STATES (USA)
1A9158,8620,"CUSTOM TRIKES, INC. (TRIKES & ACCESSORIES INC.)",,Motorcycle,UNITED STATES (USA)
1A9163,18139,AURORA MODULAR INDUSTRIES,,Trailer,UNITED STATES (USA)
1A9164,17774,ALPHA TANK BUILDERS,,Trailer,UNITED STATES (USA)
1A9165,18262,"A-N-S MANUFACTURING, INC.",,Trailer,UNITED STATES (USA)
1A9169,18254,ACE TRUCK BODY CO.,,Trailer,UNITED STATES (USA)
1A9172,18110,ANDREWS EQUIPMENT SERVICE OF WASHINGTON INC.,,Trailer,UNITED STATES (USA)
1A9176,17771,AMERICAN TRAILER COMPANY,,Trailer,UNITED STATES (USA)
1A9181,17727,AMKO SERVICE COMPANY,,Trailer,UNITED STATES (USA)
1A9185,17993,"AUCTIONEERING SYSTEMS, INC.",,Trailer,UNITED STATES (USA)
1A9188,17891,ASH COMPANY OF MOUNTAIN LAKE,,Trailer,UNITED STATES (USA)
1A9190,4851,ALLIED WELDING SERVICES,,Trailer,UNITED STATES (USA)
1A9198,18369,"AMERICAN WOOD SPLITTERS, INC.",,Trailer,UNITED STATES (USA)
1A9200,13125,AUTOMATED WASTE EQUIPMENT CO INC,,Trailer,UNITED STATES (USA)
1A9206,16652,"AGRI-MART, INC",,Trailer,UNITED STATES (USA)
1A9211,5274,ARNDT TRAILER MANUFACTURING,,Trailer,UNITED STATES (USA)
1A9220,18160,"IBEX INDUSTRIES, INC.",,Trailer,UNITED STATES (USA)
1A9223,17235,AERO FIBERGLASS CO.,,Trailer,UNITED STATES (USA)
1A9225,17799,"ARNING INDUSTRIES, INC.",,Trailer,UNITED STATES (USA)
1A9229,16670,"A.P.E, INC",,Trailer,UNITED STATES (USA)
1A9230,17924,ADVANCED TRANSPORT TECHNOLOGIES INC.,,Trailer,UNITED STATES (USA)
1A9232,18165,"ABTEC OF WISCONSIN, INC.",,Trailer,UNITED STATES (USA)
1A9234,4856,ALLVAN CORPORATION,,Trailer,UNITED STATES (USA)
1A9236,17927,A. BERGMAN,,Trailer,UNITED STATES (USA)
1A9241,2197,"ALUM-LINE, INC.",,Trailer,UNITED STATES (USA)
1A9244,16618,ADVANCED FABRICATORS INC,,Trailer,UNITED STATES (USA)
1A9245,5198,ATOKA TRAILER & MFG. L.L.C.,,Trailer,UNITED STATES (USA)
1A9246,5131,APC TRUCKING INC. DBA APC EQUIPMENT,,Trailer,UNITED STATES (USA)
1A9247,16714,"ADVANCED CONTAINMENT SYSTEMS, INC",,Trailer,UNITED STATES (USA)
1A9248,16667,ATWOOD TRAILERS,,Trailer,UNITED STATES (USA)
1A9250,18288,"AJAX TOOLS, INC.",,Trailer,UNITED STATES (USA)
1A9251,4828,"ALEWINE MOTORS, INC.",,Trailer,UNITED STATES (USA)
1A9253,16733,THE ALLIED GROUP,,Trailer,UNITED STATES (USA)
1A9256,10572,ABC MANUFACTURING,,Trailer,UNITED STATES (USA)
1A9261,16986,ANTIOCH MANUFACTURING & SALES,,Trailer,UNITED STATES (USA)
1A9270,1969,"AMERI-CAN ENGINEERING, INC.",,Trailer,UNITED STATES (USA)
1A9271,16894,"AMERICAN THUNDER TRYKE, INC.",,Motorcycle,UNITED STATES (USA)
1A9274,19427,TRUCKCORP LLC,,Trailer,UNITED STATES (USA)
1A9275,13097,AGRI DRAIN CORPORATION,,Trailer,UNITED STATES (USA)
1A9277,10953,ACTION EQUIPMENT CO.,,Trailer,UNITED STATES (USA)
1A9285,12792,AZIMUTH INC.,,Trailer,UNITED STATES (USA)
1A9286,16699,AFTER-MARKET SPECIALTIES,,Trailer,UNITED STATES (USA)
1A9288,17730,"IKARUS USA, INC.",,Bus,UNITED STATES (USA)
1A9289,16280,AXIS CORPORATION,,Trailer,UNITED STATES (USA)
1A9294,16803,"AJAX TRAILERS, INC",,Trailer,UNITED STATES (USA)
1A9299,16886,"AUTOMATION SALES, INC",,Trailer,UNITED STATES (USA)
1A9304,5247,"ASTORIA INDUSTRIES, INC.",,Trailer,UNITED STATES (USA)
1A9306,16913,AMERICAN TRAILERS CO,,Trailer,UNITED STATES (USA)
1A9317,4558,ARROWHEAD TRAILERS,,Trailer,UNITED STATES (USA)
1A9318,16888,ABOUT SALES INC,,Trailer,UNITED STATES (USA)
1A9324,17941,AUTO TRANSPORT SERVICE,,Trailer,UNITED STATES (USA)
1A9326,17275,APS SYSTEMS,,Bus,UNITED STATES (USA)
1A9327,10884,THOMPSON & ASSOCIATES INC. DBA ARCHITECTURAL WELDING & DESIGN,,Trailer,UNITED STATES (USA)
1A9329,14225,ATLAS PRECISION / PRO MAGNUM,,Motorcycle,UNITED STATES (USA)
1A9330,13196,ANVIL PRODUCTS CORPORATION,,Trailer,UNITED STATES (USA)
1A9332,13098,AGRICULTURAL BELT SERVICE,,Trailer,UNITED STATES (USA)
1A9333,2196,ALUM-A-FAB INC,,Trailer,UNITED STATES (USA)
1A9334,17736,"MESCO INDUSTRIES, INC.",,Trailer,UNITED STATES (USA)
1A9341,19168,AULICK INDUSTRIES,,Trailer,UNITED STATES (USA)
1A9344,16987,ARK CUSTOM TRAILERS,,Trailer,UNITED STATES (USA)
1A9347,4974,"RED EWALD, INC.",,Trailer,UNITED STATES (USA)
1A9359,17976,ACCEL TRAILERS INC.,,Trailer,UNITED STATES (USA)
1A9360,1991,ARISTOCRAT INDUSTRIES INC,,Trailer,UNITED STATES (USA)
1A9374,10037,ADAMS MFG.,,Trailer,UNITED STATES (USA)
1A9375,4854,ALLOY CUSTOM VACUUM PRODUCTS INC,,Trailer,UNITED STATES (USA)
1A9378,17013,AMERICAN ELECTRONIC SIGN CO.,,Trailer,UNITED STATES (USA)
1A9379,2174,ACE MOTORCYCLE CORPORATION,,Motorcycle,UNITED STATES (USA)
1A9383,4475,"AMERICAN IRONHORSE MOTORCYCLE COMPANY, INC.",,Motorcycle,UNITED STATES (USA)
1A9393,13093,AEROGLAS,,Trailer,UNITED STATES (USA)
1A9394,4408,A & W TRAILOR MANUFACTURE,,Trailer,UNITED STATES (USA)
1A9397,17023,"AG INDUSTRIAL, INC",,Trailer,UNITED STATES (USA)
1A9398,5188,AMERITECH CORPORATION,,Passenger Car,UNITED STATES (USA)
1A9406,5128,APACHE  SINCA INDUSTRIES INC,,Trailer,UNITED STATES (USA)
1A9412,5182,AMERICAN WARRIOR MOTORCYCLES,,Motorcycle,UNITED STATES (USA)
1A9416,5187,AMERIMAX METALWORKS,,Trailer,UNITED STATES (USA)
1A9421,2079,ALBERT LEA TRAILER INC.,,Trailer,UNITED STATES (USA)
1A9423,11402,AC CUSTOMS INC.,,Motorcycle,UNITED STATES (USA)
1A9427,5245,ASTEC INDUSTRIES INC.,,Trailer,UNITED STATES (USA)
1A9428,4482,AMERICAN PERFORMANCE CYCLE MOTOR COMPANY,,Motorcycle,UNITED STATES (USA)
1A9432,18366,AJR INC.,,Trailer,UNITED STATES (USA)
1A9433,9380,ALLEN'S MFG INC.,,Trailer,UNITED STATES (USA)
1A9436,4468,AMERICAN DOZER INC.,,Trailer,UNITED STATES (USA)
1A9438,1639,"ALL SOUTH EQUIPMENT CO., INC.",,Trailer,UNITED STATES (USA)
1A9440,4838,"ALL AMERICAN MANUFACTURING, INC.",,Trailer,UNITED STATES (USA)
1A9442,4483,AMERICAN QUANTUM CYCLES,,Motorcycle,UNITED STATES (USA)
1A9445,1973,"AMERICAN AUGERS, INC.",,Trailer,UNITED STATES (USA)
1A9446,13226,AQUACRAFT INC,,Trailer,UNITED STATES (USA)
1A9448,5588,ASPEN TRAILER INC.,,Trailer,UNITED STATES (USA)
1A9456,5718,"ALTAMONT TECHNOLOGIES, INC",,Trailer,UNITED STATES (USA)
1A9457,13096,"AG SPRAY EQUIPMENT, INC.",,Trailer,UNITED STATES (USA)
1A9458,13219,APOLLO TRAILER COMPANY,,Trailer,UNITED STATES (USA)
1A9460,19300,HENRY & WRIGHT CORPORATION,,Trailer,UNITED STATES (USA)
1A9461,17407,ARROW DUMP TRAILERS,,Trailer,UNITED STATES (USA)
1A9462,13114,ANDERSON REPAIR,,Trailer,UNITED STATES (USA)
1A9463,17377,"ARGO FAB, INC",,Trailer,UNITED STATES (USA)
1A9469,4852,ALLISON DUMP BODIES & TRAILERS,,Trailer,UNITED STATES (USA)
1A9471,5065,ADIRONDACK KOTTAGES,,Trailer,UNITED STATES (USA)
1A9477,2200,ALUMAX TRAILERS,,Trailer,UNITED STATES (USA)
1A9480,13095,AEROSWINT TRAILERS,,Trailer,UNITED STATES (USA)
1A9482,4520,AL-JON MANUFACTURING LLC,,Trailer,UNITED STATES (USA)
1A9493,5186,AMERICAN WELDING SERVICE INC.,,Trailer,UNITED STATES (USA)
1A9494,1261,AMERICAN MOTORCYCLE CORPORATION,,Motorcycle,UNITED STATES (USA)
1A9503,17223,ALLOY CUSTOM PRODUCTS LLC,,Trailer,UNITED STATES (USA)
1A9505,5491,ABC ENTERPRISES,,Trailer,UNITED STATES (USA)
1A9507,4661,A.A. TRAILER,,Trailer,UNITED STATES (USA)
1A9509,13222,"APPLETON STEEL, INC.",,Trailer,UNITED STATES (USA)
1A9513,12530,AMERICAN STEEL V-TWIN,,Motorcycle,UNITED STATES (USA)
1A9514,2089,AMERICAN TRAILER MFG. CO.,,Trailer,UNITED STATES (USA)
1A9516,12521,"AAPEX TRAILERS, INC.",,Trailer,UNITED STATES (USA)
1A9520,4837,ALKOTA CLEANING SYSTEMS INC,,Trailer,UNITED STATES (USA)
1A9522,1972,AMERICAN AIRPORT SUPPORT & FIRE RESCUE SYSTEMS INC,,Trailer,UNITED STATES (USA)
1A9524,13074,"ADVANCED MANUFACTURING & POWER SYSTEMS, INC.",,Trailer,UNITED STATES (USA)
1A9525,13079,ADVANCED TRAILER SYSTEMS,,Trailer,UNITED STATES (USA)
1A9526,4419,A-1 TRUCK REPAIR LLC,,Trailer,UNITED STATES (USA)
1A9527,17238,"ARSENAL TRAILER MANUFACTURING, INC",,Trailer,UNITED STATES (USA)
1A9528,9381,"ALLIED MACHINE, INC.",,Trailer,UNITED STATES (USA)
1A9529,5713,DELTA FUEL INDUSTRIES LLC,,Trailer,UNITED STATES (USA)
1A9530,5713,DELTA FUEL INDUSTRIES LLC,,Trailer,UNITED STATES (USA)
1A9531,4400,A & B INDUSTRIES,,Trailer,UNITED STATES (USA)
1A9532,5074,"ADVANCED BUS INDUSTRIES, LLC",,Bus,UNITED STATES (USA)
1A9533,13073,ADVANCED DIRECTIONAL DRILLING SYS. INC.,,Trailer,UNITED STATES (USA)
1A9536,12522,AAR WELDING INC,,Trailer,UNITED STATES (USA)
1A9539,5406,AUTODELTA USA INC,,Passenger Car,UNITED STATES (USA)
1A9541,5063,ADAMS EQUIPMENT,,Trailer,UNITED STATES (USA)
1A9542,13075,ADVANCED METALCRAFT & CO.,,Trailer,UNITED STATES (USA)
1A9543,4471,AMERICAN HOMESTAR CORPORATION,,Trailer,UNITED STATES (USA)
1A9545,12784,AVESCO WELDING & FABRICATION,,Trailer,UNITED STATES (USA)
1A9546,4798,IRON WORKS ENTERPRISES INC DBA ALLCO TRAILER MANUFACTURING,,Trailer,UNITED STATES (USA)
1A9549,4844,"ALLEN BOAT COMPANY, INC.",,Trailer,UNITED STATES (USA)
1A9550,13224,"APPLIED CONCEPTS, INC.",,Trailer,UNITED STATES (USA)
1A9551,17403,ADVANCED PORTABLE BUILDINGS & TRAILERS,,Trailer,UNITED STATES (USA)
1A9554,4401,A & D TRAILERS,,Trailer,UNITED STATES (USA)
1A9555,5056,ACTION INDUSTRIAL STUDIO,,Motorcycle,UNITED STATES (USA)
1A9558,13117,ANDY'S WELDING,,Trailer,UNITED STATES (USA)
1A9559,4836,ALISO TRAILERS MFG INC,,Trailer,UNITED STATES (USA)
1A9561,9186,ADVANCED STRIPING EQUIPMENT,,Trailer,UNITED STATES (USA)
1A9563,17612,ALLSTATES PRODUCTION EQUIPMENT COMPANY,,Trailer,UNITED STATES (USA)
1A9565,4840,"ALL WHEEL DRIVE EQUIP. MFG., INC",,Trailer,UNITED STATES (USA)
1A9566,13078,ADVANCED TRAILER SERVICE INC,,Trailer,UNITED STATES (USA)
1A9567,13218,APOGEE TRAILERS LLC,,Trailer,UNITED STATES (USA)
1A9568,2202,ALUMINATOR TRAILERS LLC,,Trailer,UNITED STATES (USA)
1A9569,5132,APEX CUSTOM TRAILERS,,Trailer,UNITED STATES (USA)
1A9571,5716,ALPINE INDUSTRIAL LLC,,Trailer,UNITED STATES (USA)
1A9572,2087,"AMERICAN TRAILER MANUFACTURING CO., INC.",,Trailer,UNITED STATES (USA)
1A9574,5183,AMERICAN WASH COMPANY,,Trailer,UNITED STATES (USA)
1A9577,1962,AMARON TRAILERS,,Trailer,UNITED STATES (USA)
1A9582,1967,AMEN CHASSIS WORKS,,Motorcycle,UNITED STATES (USA)
1A9585,9793,AGRIFLEET LEASING CORPORATION,,Trailer,UNITED STATES (USA)
1A9586,5127,AP TRAILERS LLC,,Trailer,UNITED STATES (USA)
1A9588,1999,ARLEN NESS,,Motorcycle,UNITED STATES (USA)
1A9589,5717,ALPINE WELDING & FABRICATION INC,,Trailer,UNITED STATES (USA)
1A9590,1963,AMAZE-N-TOW INC,,Trailer,UNITED STATES (USA)
1A9592,1994,ARIZONA MACHINE & FABRICATION INC.,,Low Speed Vehicle (LSV),UNITED STATES (USA)
1A9593,13089,AEC ENTERPRISES INC,,Trailer,UNITED STATES (USA)
1A9596,973,"AMERICAN CUSTOM GOLF CARS, INC",,Low Speed Vehicle (LSV),UNITED STATES (USA)
1A9597,4841,ALL-IN-ONE PRODUCTS,,Trailer,UNITED STATES (USA)
1A9600,5185,AMERICAN WELDING & MACHINE,,Trailer,UNITED STATES (USA)
1A9601,4549,ARMSTRONG TRAILERS,,Trailer,UNITED STATES (USA)
1A9602,17670,AMERICAN TRUCK COMPANY,,Truck,UNITED STATES (USA)
1A9603,5126,"ANYTHING IN IRON, INC",,Trailer,UNITED STATES (USA)
1A9604,1970,AMERI-CAMP,,Trailer,UNITED STATES (USA)
1A9605,4839,ALL PRO CYCLES,,Motorcycle,UNITED STATES (USA)
1A9606,4559,ARROWHEAD TRAILER MFG INC,,Trailer,UNITED STATES (USA)
1A9611,13100,AGVANTAGE MANUFACTURING CORP.,,Trailer,UNITED STATES (USA)
1A9613,13234,ARGO TRAILERS,,Trailer,UNITED STATES (USA)
1A9614,5058,ACTION TRAILERS,,Trailer,UNITED STATES (USA)
1A9616,2206,ALUMINUM TRAILER MANUFACTURING,,Trailer,UNITED STATES (USA)
1A9617,4825,ALC MANUFACTURING LLC,,Trailer,UNITED STATES (USA)
1A9618,1958,"ALUMITUFF MANUFACTURING, LLC",,Trailer,UNITED STATES (USA)
1A9619,4548,"ARMSTRONG TRAILER MANUFACTURING CO., INC.",,Trailer,UNITED STATES (USA)
1A9624,1957,ALUMINX CO,,Trailer,UNITED STATES (USA)
1A9629,12520,"AAD WELDING, INC.",,Trailer,UNITED STATES (USA)
1A9638,2092,AMERICAN TRAILER SYSTEMS,,Trailer,UNITED STATES (USA)
1A9640,5066,"ADIRONDACK WHITE PINE CABINS, INC.",,Trailer,UNITED STATES (USA)
1A9642,5060,"ACTION WELDING & FABRICATION, INC.",,Trailer,UNITED STATES (USA)
1A9646,1259,"AMERICAN METAL FABRICATION, INC.",,Trailer,UNITED STATES (USA)
1A9648,11323,"AMERICAN HAWG CHOPPERS, INC.",,Motorcycle,UNITED STATES (USA)
1A9650,11783,"ALUMINA, INC.",,Trailer,UNITED STATES (USA)
1A9652,14098,ACE TRAILERS,,Trailer,UNITED STATES (USA)
1A9653,11545,ADVENTURE TRAILERS INC.,,Trailer,UNITED STATES (USA)
1A9654,11083,"ACCU-TEK TRAILER MANUFACTURING, INC.",,Trailer,UNITED STATES (USA)
1A9657,11094,ATLANTIC TRAILERS,,Trailer,UNITED STATES (USA)
1A9658,11068,ALUMINUM CARGO TRAILERS INC.,,Trailer,UNITED STATES (USA)
1A9659,11743,"AMERICAN FARRIER SYSTEMS, LLC",,Trailer,UNITED STATES (USA)
1A9660,10902,"ADVANCED TRAILER CONCEPTS, INC.",,Trailer,UNITED STATES (USA)
1A9662,8589,AVILA MANUFACTURING,,Trailer,UNITED STATES (USA)
1A9663,8803,ALL IN ONE CUSTOM FABRICATION & DESIGN,,Trailer,UNITED STATES (USA)
1A9664,10119,ARCADE IRON MOTORCYCLE COMPANY,,Motorcycle,UNITED STATES (USA)
1A9665,8624,ATSATV,,Trailer,UNITED STATES (USA)
1A9668,1256,"AMERICAN MANUFACTURING OPERATIONS, INC.",,Trailer,UNITED STATES (USA)
1A9669,9681,DETROIT TOOL INC. DBA ADVANCED FABRICATION,,Trailer,UNITED STATES (USA)
1A9670,9217,"AEROPUP TRAILERS, LLC",,Trailer,UNITED STATES (USA)
1A9671,9234,AHOY! HOUSEBOATS AND FISHHOUSES INC.,,Trailer,UNITED STATES (USA)
1A9672,9045,"ATTITUDE CUSTOM CYCLES, INC.",,Motorcycle,UNITED STATES (USA)
1A9673,8812,"ACME CRYOGENICS, INC.",,Trailer,UNITED STATES (USA)
1A9674,8814,ACES CHOPPERWORKS,,Motorcycle,UNITED STATES (USA)
1A9675,8838,AERO FLITE TRAILERS,,Trailer,UNITED STATES (USA)
1A9678,9050,ACCURATE CYCLE ENGINEERING,,Motorcycle,UNITED STATES (USA)
1A9679,8837,ALL SEASONS MANUFACTURING,,Trailer,UNITED STATES (USA)
1A9682,1417,AMERICAN TRAILERS,,Trailer,UNITED STATES (USA)
1A9683,8815,"ARIZONA WOODRIVER OUTFITTERS, LLC",,Trailer,UNITED STATES (USA)
1A9684,6856,ALUMINEX FABRICATION,,Trailer,UNITED STATES (USA)
1A9685,10935,"AURORA TRAILERS, LLC",,Trailer,UNITED STATES (USA)
1A9686,9465,"ADVANCED WELDING AND MANUFACTURING, INC.",,Trailer,UNITED STATES (USA)
1A9687,1400,ASPHALT EQUIPMENT & SERVICE CO.,,Trailer,UNITED STATES (USA)
1A9689,9697,AMP CUSTOMS,,Motorcycle,UNITED STATES (USA)
1A9690,8575,ANESKO'S CUSTOM TRAILERS,,Trailer,UNITED STATES (USA)
1A9692,9034,APOLLO CHOPPERS LLC,,Motorcycle,UNITED STATES (USA)
1A9695,10689,"ANDERSEN INDUSTRIES, INC.",,Trailer,UNITED STATES (USA)
1A9697,9339,ACTION ENTERPRISES & FABRICATION LLC,,Trailer,UNITED STATES (USA)
1A9698,8902,"ALCAN TRAILERS, LLC",,Trailer,UNITED STATES (USA)
1A9701,8654,"ABSOLUTE PERFORMANCE, INC.",,Motorcycle,UNITED STATES (USA)
1A9702,9911,ALL AMERICAN CHOPPERS CO.,,Motorcycle,UNITED STATES (USA)
1A9707,9266,ACME MOTORCYCLE CO.,,Motorcycle,UNITED STATES (USA)
1A9708,9435,APACHE GOLF CARS LLC,,Low Speed Vehicle (LSV),UNITED STATES (USA)
1A9710,9439,AMERICAN AIRBOAT CORPORATION,,Trailer,UNITED STATES (USA)
1A9711,17159,ALL AMERICAN BIG TWIN,,Motorcycle,UNITED STATES (USA)
1A9714,10418,ALL AMERICAN TRAILER MANUFACTURERS INC.,,Trailer,UNITED STATES (USA)
1A9717,8505,"ANARCHY MOTORCYCLE COMPANY, LLC",,Motorcycle,UNITED STATES (USA)
1A9718,9841,ADVANCE PUMP & EQUIPMENT INC.,,Trailer,UNITED STATES (USA)
1A9720,8724,ADRIAN HOMES,,Trailer,UNITED STATES (USA)
1A9725,1293,AMERICAN SPORT TRAILER COMPANY LLC,,Trailer,UNITED STATES (USA)
1A9726,11136,ALCOM HOLDING COMPANY LLC,,Trailer,UNITED STATES (USA)
1A9727,1186,A & A MANUFACTURING,,Trailer,UNITED STATES (USA)
1A9729,9531,"WILL-BURT INTEGRATION, INC.",,Trailer,UNITED STATES (USA)
1A9730,9828,ALBRIGHT BIKES LLC,,Motorcycle,UNITED STATES (USA)
1A9731,10460,ALSALOR CORP.,,Trailer,UNITED STATES (USA)
1A9733,10717,AUTOMOTIVE TRANSFORMATIONS INC.,,Trailer,UNITED STATES (USA)
1A9734,1366,"AG-QUIP, INC.",,Trailer,UNITED STATES (USA)
1A9736,9824,"ADVANCED CUSTOMS & CONVERSIONS, INC.",,Trailer,UNITED STATES (USA)
1A9737,11585,"AMERICAN HOTROD MANUFACTURING, LLC DBA AMERICAN",,Motorcycle,UNITED STATES (USA)
1A9739,10980,AMERICAN STEEL HORSE CYCLES,,Motorcycle,UNITED STATES (USA)
1A9747,11606,"ALUMINUM TRAILERS, INC.",,Trailer,UNITED STATES (USA)
1A9748,11748,"ARKFELD MFG. & DISTR. CO., INC.",,Trailer,UNITED STATES (USA)
1A9749,11914,"AMERICAN LAFRANCE, LLC",,Trailer,UNITED STATES (USA)
1A9751,10942,"ARIZONA TRAILER SPECIALISTS, INC.",,Trailer,UNITED STATES (USA)
1A9752,8914,"ARSENAL OF VIRGINIA, INC.",,Trailer,UNITED STATES (USA)
1A9753,1181,A & E TRAILERS,,Trailer,UNITED STATES (USA)
1A9754,13370,"AMERICAN EAGLE TRAILERS, INC.",,Trailer,UNITED STATES (USA)
1A9756,1195,ABSOLUTE CONCEPTS INC.,,Trailer,
1A9757,19484,"ALL AMERICAN MANUFACTURING, LLC",,Motorcycle,UNITED STATES (USA)
1A9758,11344,"AMERICAN CRAFTED TRAILERS, INC.",,Trailer,UNITED STATES (USA)
1A9759,1291,AMERICAN RECREATIONAL VEHICLES,,Trailer,UNITED STATES (USA)
1A9760,9740,AGUILAR'S WELDING INC.,,Trailer,UNITED STATES (USA)
1A9762,9363,"AFTER HOURS BIKES, INC.",,Motorcycle,UNITED STATES (USA)
1A9766,10777,"ALLENTOWN SHOTCRETE TECHNOLOGY, INC.",,Trailer,UNITED STATES (USA)
1A9767,8884,"ART IN MOTION, LLC",,Motorcycle,UNITED STATES (USA)
1A9768,12025,AMERICAN KULTURE ROD AND CYCLE SHOPPE DBA AMERICAN,,Motorcycle,UNITED STATES (USA)
1A9771,12026,AMERICAN KULTURE ROD AND CYCLE SHOPPE,,Trailer,UNITED STATES (USA)
1A9772,8883,"ARTECH PARTS FABRICATION, INC.",,Trailer,UNITED STATES (USA)
1A9773,9068,ALL PHASE TRAILER AND EQUIPMENT,,Trailer,UNITED STATES (USA)
1A9774,5828,AUTO CRAFT WHOLESALE AUTO,,Low Speed Vehicle (LSV),UNITED STATES (USA)
1A9776,1189,"A.R.M.(U.S.A.), INC.",,Trailer,UNITED STATES (USA)
1A9779,11777,ALL AROUND TRAILERS,,Trailer,UNITED STATES (USA)
1A9781,1188,A.Q. MANUFACTURING CORP.,,Trailer,UNITED STATES (USA)
1A9785,11215,ATEK TRAILERS,,Trailer,UNITED STATES (USA)
1A9788,10769,ARCWELD INC.,,Trailer,UNITED STATES (USA)
1A9790,1318,AFFORDABLE TRAILERS,,Trailer,UNITED STATES (USA)
1A9791,11653,APPLIED RESEARCH ASSOCIATES INC. VERTEK DIVISION,,Trailer,UNITED STATES (USA)
1A9793,1669,"AMAZE-N-TOW, LLC",,Trailer,UNITED STATES (USA)
1A9795,9197,ACME TRAILER WORKS INC.,,Trailer,UNITED STATES (USA)
1A9796,8515,A & E FABRICATORS,,Trailer,UNITED STATES (USA)
1A9798,11403,"ALL STAR CARTS & VEHICLES, INC.",,Trailer,UNITED STATES (USA)
1A9799,1191,A1 CYCLES INC.,,Motorcycle,UNITED STATES (USA)
1A9801,9757,ACTIVITY TRAILER LLC,,Trailer,UNITED STATES (USA)
1A9802,8929,AFFORDABLE ALUMINUM INC.,,Trailer,UNITED STATES (USA)
1A9804,8953,AEROBILT MANUFACTURING COMPANY,,Trailer,UNITED STATES (USA)
1A9805,9118,AMERICAN CLASSIC MOTORS INC.,,Motorcycle,UNITED STATES (USA)
1A9806,8681,ALL MARINE TRAILERS,,Trailer,UNITED STATES (USA)
1A9809,6218,"ACTION SIGNS AND BILLBOARDS, INC.",,Trailer,UNITED STATES (USA)
1A9810,6240,ACCUSTOMX,,Motorcycle,
1A9811,6688,AMERICANA CHOPPER COMPANY,,Motorcycle,UNITED STATES (USA)
1A9813,13352,CANNONBALL ENGINEERING LLC DBA ALAMEDA TRAILER SALES,,Trailer,UNITED STATES (USA)
1A9814,12045,ARCIMOTO INC.,,Motorcycle,UNITED STATES (USA)
1A9815,1194,ABILITY METALS,,Trailer,UNITED STATES (USA)
1A9816,12038,ACME GROUP LLC,,Trailer,UNITED STATES (USA)
1A9817,1187,"A. N. BOWLING, MFG.",,Trailer,UNITED STATES (USA)
1A9818,1184,A TO Z AUTO SALES,,Trailer,UNITED STATES (USA)
1A9820,7578,ANVIL TRAILER LLC,,Trailer,UNITED STATES (USA)
1A9822,12068,AMERICAN TRAILER BUILDERS,,Trailer,UNITED STATES (USA)
1A9823,11863,"ASTEC MOBILE SCREENS, INC.",,Trailer,UNITED STATES (USA)
1A9825,6669,AL'S MOTORSICKLE SHOP INC.,,Motorcycle,UNITED STATES (USA)
1A9827,13527,AMERICAN CUSTOM COACH,,Trailer,UNITED STATES (USA)
1A9828,6663,ANTRIM METAL WORKING & REPAIR LLC,,Trailer,UNITED STATES (USA)
1A9829,1685,"ALPHA PRODUCTS INTERNATIONAL, INC.",,Low Speed Vehicle (LSV),UNITED STATES (USA)
1A9830,6817,AFAB PETROLEUM EQUIPMENT & STEEL FABRICATION,,Trailer,UNITED STATES (USA)
1A9831,11928,ACCU-WELD TRUCK BODY & TRAILER INC.,,Trailer,UNITED STATES (USA)
1A9833,7190,ACE OF SPADES INC.,,Motorcycle,
1A9836,12158,ALLEY RAT CUSTOM CYCLES LLC,,Motorcycle,UNITED STATES (USA)
1A9837,12147,"AZLAND, INC.",,Trailer,UNITED STATES (USA)
1A9840,12168,ALL STAR TRAILERS,,Trailer,UNITED STATES (USA)
1A9841,7439,"AC PROPULSION, INC.",,Passenger Car,
1A9843,6177,ADVANCE LIFTS,,Trailer,UNITED STATES (USA)
1A9844,11884,AFC COMPANY,,Trailer,UNITED STATES (USA)
1A9845,6178,ALLEYKAT KUSTOMS OF ARIZONA,,Motorcycle,UNITED STATES (USA)
1A9849,11906,"AUSTIN WELDING SERVICE, INC.",,Trailer,UNITED STATES (USA)
1A9850,6686,"ALUMACAR USA, LLC",,Low Speed Vehicle (LSV),UNITED STATES (USA)
1A9851,1288,"AMERICAN PRODUCTS, LLC",,Trailer,UNITED STATES (USA)
1A9852,6705,ALL BOAT MANUFACTURING,,Trailer,UNITED STATES (USA)
1A9853,23374,"AMERICAN MADE PRODUCTS, INC.",,Trailer,UNITED STATES (USA)
1A9854,12189,"ALLIED MANUFACTURING, INC.",,Trailer,UNITED STATES (USA)
1A9855,9665,ALFRED INDUSTRIES,,Trailer,UNITED STATES (USA)
1A9857,7442,"ALL RIGHT STEEL, LLC",,Trailer,UNITED STATES (USA)
1A9858,1577,AMERIFAB INDUSTRIES INC.,,Trailer,UNITED STATES (USA)
1A9860,1556,"CLASSIC DESIGN TRAILERS, INC.",,Trailer,UNITED STATES (USA)
1A9861,7064,ATLAS CUSTOM TRAILERS INC.,,Trailer,UNITED STATES (USA)
1A9867,21087,ANDREW'S ORNAMENTAL IRON,,Trailer,UNITED STATES (USA)
1A9869,1688,ALL CUSTOM FABRICATIONS,,Trailer,UNITED STATES (USA)
1A9870,5177,AMERICAN TRUCK & TRAILER BODY CO. INC,,Trailer,UNITED STATES (USA)
1A9871,7075,ALL DAY LAWN CARE,,Trailer,UNITED STATES (USA)
1A9872,6634,AEP NORTH AMERICA,,Trailer,UNITED STATES (USA)
1A9873,6741,AWESOME REBUILD,,Trailer,UNITED STATES (USA)
1A9875,7073,AMERICAN TEARDROP,,Trailer,UNITED STATES (USA)
1A9876,7072,"ASHCROFT ENTERPRISES, LLC",,Motorcycle,UNITED STATES (USA)
1A9877,7409,ALL FAB TRAILERS,,Trailer,UNITED STATES (USA)
1A9881,19666,A RESTROOM TRAILER COMPANY LLC,,Trailer,UNITED STATES (USA)
1A9882,19880,AJAX TOCCO MAGNETHERMIC CORPORATION,,Trailer,UNITED STATES (USA)
1A9884,7866,APPALACHIAN TEARDROP COMPANY INC.,,Trailer,UNITED STATES (USA)
1A9890,7867,AIRTRONICS METAL PRODUCTS,,Trailer,UNITED STATES (USA)
1A9891,4859,ASC INCORPORATED,,Trailer,UNITED STATES (USA)
1A9893,12133,AMERICAN SUPER CYCLE,,Motorcycle,UNITED STATES (USA)
1A9894,7254,ARROW MANUFACTURING,,Motorcycle,UNITED STATES (USA)
1A9895,7426,"ALL STEEL TRAILER, LLC",,Trailer,UNITED STATES (USA)
1A9896,7267,"AMERICAN CARRIER EQUIPMENT TRAILER SALES, LLC",,Trailer,UNITED STATES (USA)
1A9898,7897,AMS GLOBAL INC,,Trailer,UNITED STATES (USA)
1A9900,7761,"ASTEC UNDERGROUND, INC.",,Trailer,UNITED STATES (USA)
1A9901,12121,ALAN RITCHEY INC.,,Trailer,UNITED STATES (USA)
1A9902,13648,"ADVANTAGE TERRAFAB, LLC",,Trailer,UNITED STATES (USA)
1A9909,6316,"ARCH MOTORCYCLE COMPANY, LLC",,Motorcycle,UNITED STATES (USA)
1A9910,11957,"AUGUSTA RV, LLC",,Trailer,UNITED STATES (USA)
1A9914,20516,"ADVANCE GREEN MANUFACTURING COMPANY, INC",,Bus,UNITED STATES (USA)
1A9915,20516,"ADVANCE GREEN MANUFACTURING COMPANY, INC",,Trailer,UNITED STATES (USA)
1A9917,12087,ALLEN FABRICATORS INCORPORATED,,Trailer,UNITED STATES (USA)
1A9920,1292,AMERICAN SCOOTER MANUFACTURING,,Motorcycle,UNITED STATES (USA)
1A9922,6101,AMERICAN JEREH INTERNATIONAL CORPORATION,,Trailer,UNITED STATES (USA)
1A9925,7285,ARBOC SPECIALTY VEHICLES LLC,,Bus,UNITED STATES (USA)
1A9932,12209,AMERICA'S INC.,,Low Speed Vehicle (LSV),UNITED STATES (USA)
1A9935,1182,A & M FABRICATIONS LLC,,Trailer,UNITED STATES (USA)
1A9938,20018,"ALUMINUM TRAILER GROUP, LLC",,Trailer,UNITED STATES (USA)
1A9939,7368,APPLIED CRYO TECHNOLOGIES,,Trailer,UNITED STATES (USA)
1A9940,6513,"AMELIT, INC.",,Motorcycle,UNITED STATES (USA)
1A9941,12263,"ABSOLUTE TRAILER SALES, INC.",,Trailer,UNITED STATES (USA)
1A9948,6580,ADVANTAGE CUSTOMS LLC,,Trailer,UNITED STATES (USA)
1A9949,6348,"AZ HOLDINGS, INC.",,Trailer,UNITED STATES (USA)
1A9950,16065,AMERICAS BEST CARGO INC.,,Trailer,UNITED STATES (USA)
1A9951,6364,AEROVAULT LLC,,Trailer,UNITED STATES (USA)
1A9953,1193,ABASTECEDORA DE TRACTOPARTES Y REFACCIONES LLC,,Trailer,
1A9956,6532,"ANDERSON CUSTOM IRON WORKS, LLC",,Trailer,UNITED STATES (USA)
1A9958,15866,"ALKANE TRUCK COMPANY, INC.",,Truck,UNITED STATES (USA)
1A9960,7360,OUTLAW TRAILERS OF TEXAS,,Trailer,UNITED STATES (USA)
1A9961,7365,"AIRBAGGED TRAILERS, INC.",,Trailer,UNITED STATES (USA)
1A9963,13361,ALEPH GROUP INC,,Trailer,UNITED STATES (USA)
1A9967,7493,ANDERSON INDUSTRIES,,Trailer,UNITED STATES (USA)
1A9968,7394,AIRTECH TOOLS LLC,,Trailer,UNITED STATES (USA)
1A9970,6518,AMERICAN STAR METAL FABRICATION LLC,,Trailer,UNITED STATES (USA)
1A9971,13788,ALIEN ENGINEERED PRODUCTS LLC,,Trailer,UNITED STATES (USA)
1A9974,6773,ARMOR INC.,,Trailer,UNITED STATES (USA)
1A9975,7514,"CLEAN BLAST SERVICES, INC. DBA ALUMINUM TRANSFER REPAIR",,Trailer,UNITED STATES (USA)
1A9980,7834,ABSOLUTELY WILD RANCH,,Motorcycle,UNITED STATES (USA)
1A9985,1255,AMERICAN MADE,,Motorcycle,UNITED STATES (USA)
1A9987,7167,"AMERICAN STEEL FABRICATORS, INC.",,Trailer,UNITED STATES (USA)
1A9991,13786,AMERICAN BEST CORPORATION,,Trailer,UNITED STATES (USA)
1A9992,17947,AUTOHAUS OF COLORADO DBA TRAILER MADE CUSTOM TRAILERS LLC,,Trailer,UNITED STATES (USA)
1A9994,13794,"ADVANCED METAL FABRICATION AND MACHINE, INC.",,Trailer,UNITED STATES (USA)
1A9995,15135,"ALUMA PRO TRAILERS, LLC.",,Trailer,UNITED STATES (USA)
1A9997,13808,"ADVANCED VEHICLES ASSEMBLY, INC.",,Multipurpose Passenger Vehicle (MPV),UNITED STATES (USA)
1A9998,13615,ALEXANDER'S MACHINE AND MAINTENANCE SERVICE COMPANY INC.,,Trailer,UNITED STATES (USA)
1A9999,13659,AG WORKS INTERNATIONAL,,Trailer,UNITED STATES (USA)
1A9AKL,11274,"ADIRONDACK KABINS, LLC",,Trailer,UNITED STATES (USA)
1AB,7436,AIRSTREAM INC.,AIRSTREAM INC.,Trailer,UNITED STATES (USA)
1AC,4479,AMERICAN MOTORS CORP.,AMERICAN MOTORS,Multipurpose Passenger Vehicle (MPV),UNITED STATES (USA)
1AF,11914,"AMERICAN LAFRANCE, LLC","AMERICAN LAFRANCE, MOBILE ARMOURED VEHICLE",Truck,UNITED STATES (USA)
1AJ,5582,AJAX MANUFACTURING CO. INC.,HERCULES AJAX,Trailer,UNITED STATES (USA)
1AL,4855,"ALLOY TRAILER, INC",ALLOY,Trailer,UNITED STATES (USA)
1AM,4479,AMERICAN MOTORS CORP.,AMERICAN MOTORS,Passenger Car,UNITED STATES (USA)
1B2,994,FCA US LLC,DODGE,Incomplete Vehicle,UNITED STATES (USA)
1B3,994,FCA US LLC,DODGE,Passenger Car,
1B4,994,FCA US LLC,DODGE,Multipurpose Passenger Vehicle (MPV),UNITED STATES (USA)
1B5,994,FCA US LLC,DODGE,Bus,UNITED STATES (USA)
1B6,994,FCA US LLC,DODGE,Incomplete Vehicle,UNITED STATES (USA)
1B7,994,FCA US LLC,DODGE,Truck,UNITED STATES (USA)
1B8,994,FCA US LLC,DODGE,Multipurpose Passenger Vehicle (MPV),UNITED STATES (USA)
1B9014,1897,BARRETT TRAILERS LLC,,Trailer,UNITED STATES (USA)
1B9038,15507,"BRADLEY INDUSTRIES, INC",,Trailer,UNITED STATES (USA)
1B9053,16958,BISCAMP'S TRAILER SALES,,Trailer,UNITED STATES (USA)
1B9064,15508,BRAINARD-KILMAN DRILL COMPANY,,Trailer,UNITED STATES (USA)
1B9066,16235,BROUGHAM BRIDGER INC,,Trailer,UNITED STATES (USA)
1B9072,15444,"BLAIR TRAILERS, INC",,Trailer,UNITED STATES (USA)
1B9073,12608,CHARLES P. SIEBERT,,Trailer,UNITED STATES (USA)
1B9077,16869,B-LINE CORPORATION,,Trailer,UNITED STATES (USA)
1B9079,15447,"BUD ANTLE, INC",,Trailer,UNITED STATES (USA)
1B9086,15506,BOLLIN MFG. CO.,,Trailer,UNITED STATES (USA)
1B9089,16083,BELLUE'S WELDING,,Trailer,UNITED STATES (USA)
1B9091,15437,B & GEE'S OFF ROAD,,Trailer,UNITED STATES (USA)
1B9094,13442,BOCK INDUSTRIES INC,,Trailer,UNITED STATES (USA)
1B9099,15663,BROWN PRODUCTION AND DEVELOPMENT CORPORATION,,Trailer,UNITED STATES (USA)
1B9100,13448,BEST BUILT MANUFACTURING INC,,Trailer,UNITED STATES (USA)
1B9101,16081,BAR-BEL FABRICATING,,Trailer,UNITED STATES (USA)
1B9102,18101,WEYHRICH INDUSTRIES INC.,,Trailer,UNITED STATES (USA)
1B9105,20039,"GOWEN ENTERPRISES, INC. DBA BIG JOHN TRAILERS",,Trailer,UNITED STATES (USA)
1B9110,4575,"BEAN & CONQUEST, INC.",,Trailer,UNITED STATES (USA)
1B9113,15398,"VIRONEX, INC",,Truck,UNITED STATES (USA)
1B9123,16078,BUILTRITE TRAILER MFG.,,Trailer,UNITED STATES (USA)
1B9124,15440,"BALESTRA CONSTRUCTION, INC",,Trailer,UNITED STATES (USA)
1B9125,16110,"BILDON, INC",,Trailer,UNITED STATES (USA)
1B9127,15448,"BUSHMAN DISTRIBUTION, INC",,Trailer,UNITED STATES (USA)
1B9131,1947,"BURCH BODY WORKS, INC.",,Trailer,UNITED STATES (USA)
1B9133,961,BUELL MOTORCYCLE CO.,,Motorcycle,UNITED STATES (USA)
1B9134,15446,BRITTON TRAILERS LTD,,Trailer,UNITED STATES (USA)
1B9139,17260,"BAYSHORE SYSTEMS, INC",,Trailer,UNITED STATES (USA)
1B9140,16087,BIENVILLE STEEL INC,,Trailer,UNITED STATES (USA)
1B9141,5084,"BRENT INDUSTRIES, INC.",,Trailer,UNITED STATES (USA)
1B9145,17713,BILT-REDI CORPORATION,,Trailer,UNITED STATES (USA)
1B9149,18246,"BURLINGAME INDUSTRIES, INC.",,Trailer,UNITED STATES (USA)
1B9166,18296,"BONNER METAL & FABRICATION, INC.",,Trailer,UNITED STATES (USA)
1B9172,18221,"BURKETT ENTERPRISES, INC. DBA THE GRAHAM CO.",,Trailer,UNITED STATES (USA)
1B9178,18338,"BROOKS SALES AND ENGINEERING, INC.",,Trailer,UNITED STATES (USA)
1B9183,18375,"BOB BAXTER WELDING, INC.",,Trailer,UNITED STATES (USA)
1B9184,17817,BRYANT ENTERPRISES INC.,,Trailer,UNITED STATES (USA)
1B9187,18350,BROTHERS INDUSTRIES INC.,,Trailer,UNITED STATES (USA)
1B9190,17908,B & H WELDING SERVICES,,Trailer,UNITED STATES (USA)
1B9191,17827,B & O CUSTOM TRAILERS,,Trailer,UNITED STATES (USA)
1B9196,17913,BOREK BROTHERS AUTOMOTIVE,,Trailer,UNITED STATES (USA)
1B9206,17765,B & M ENTERPRISES,,Trailer,UNITED STATES (USA)
1B9208,4592,BIVOUAC COMMERCIAL VEHICLES,,Trailer,UNITED STATES (USA)
1B9210,18079,BOSS TRAILERS,,Trailer,UNITED STATES (USA)
1B9212,12799,B & B TRAILERS,,Trailer,UNITED STATES (USA)
1B9216,15915,"BNM TRAILER SALES, INC.",,Trailer,UNITED STATES (USA)
1B9220,18306,"BIGBEE TRAILERS, INC.",,Trailer,UNITED STATES (USA)
1B9222,17742,B & H TRAILERS,,Trailer,UNITED STATES (USA)
1B9228,17882,BURRELL ENTERPRISES,,Trailer,UNITED STATES (USA)
1B9230,17754,"BAUER BUILT MANUFACTURING, INC.",,Trailer,UNITED STATES (USA)
1B9236,18114,BRANDY INDUSTRIES,,Trailer,UNITED STATES (USA)
1B9238,17323,B & W CONSTRUCTION,,Trailer,UNITED STATES (USA)
1B9239,17784,BLACKWOOD'S WELDING & TRAILER SALES,,Trailer,UNITED STATES (USA)
1B9240,18157,BURDICK BROS. MACHINE & REPAIR,,Trailer,UNITED STATES (USA)
1B9241,17804,BUILT-RITE TRAILERS,,Trailer,UNITED STATES (USA)
1B9242,18120,BRACO TRAILERS,,Trailer,UNITED STATES (USA)
1B9249,17797,B & S CONCESSION,,Trailer,UNITED STATES (USA)
1B9251,17338,BODHOLDT BROTHERS MANUFACTURING,,Trailer,UNITED STATES (USA)
1B9252,13349,BIG W SALES,,Trailer,UNITED STATES (USA)
1B9254,17808,BELOTTI MFG. INC.,,Trailer,UNITED STATES (USA)
1B9256,16962,BROTHER'S FLEET SERVICE,,Trailer,UNITED STATES (USA)
1B9257,12689,BANDY TRAILERS,,Trailer,UNITED STATES (USA)
1B9258,13065,BO MANUFACTURING,,Trailer,UNITED STATES (USA)
1B9259,12621,BRADFORD BUILT INC,,Trailer,UNITED STATES (USA)
1B9260,8738,BETTER WEIGH MFG RONALD J WALLACE,,Trailer,UNITED STATES (USA)
1B9263,18163,BRIANS WELDING SERVICE,,Trailer,UNITED STATES (USA)
1B9269,16718,BRESEE MANUFACTURING,,Trailer,UNITED STATES (USA)
1B9272,16960,BARTEL WELDING,,Trailer,UNITED STATES (USA)
1B9274,13531,BROOKS BROTHERS TRAILERS,,Trailer,UNITED STATES (USA)
1B9275,12618,BOYDSTUN METAL WORKS,,Trailer,UNITED STATES (USA)
1B9276,16673,BROCK'S FIELD SERVICE FABRICATION,,Trailer,UNITED STATES (USA)
1B9277,2011,"BEE TRAILERS, INC.",,Trailer,UNITED STATES (USA)
1B9280,1895,"BARRETO MANUFACTURING, INC.",,Trailer,UNITED STATES (USA)
1B9282,16671,B & S TRAILER SALES,,Trailer,UNITED STATES (USA)
1B9285,12610,BOSS HOSS CYCLES LLC,,Motorcycle,UNITED STATES (USA)
1B9290,16756,BAY EQUIPMENT AND REPAIR,,Trailer,UNITED STATES (USA)
1B9292,16868,BECK'S MOBILE HOME AND RV CENTER,,Trailer,UNITED STATES (USA)
1B9298,16940,"BUSBY INTERNATIONAL, INC.",,Trailer,UNITED STATES (USA)
1B9308,12611,BOSTON STEEL & MFG. CO.,,Trailer,UNITED STATES (USA)
1B9311,12801,B & G SUPPLY,,Trailer,UNITED STATES (USA)
1B9316,16703,B B'S TRAILERS,,Trailer,UNITED STATES (USA)
1B9318,16791,BACKWATER TRAILERS,,Trailer,UNITED STATES (USA)
1B9320,15154,UNICELL BODY COMPANY,,Trailer,UNITED STATES (USA)
1B9321,16812,"BRYANT'S TRAILERS, INC",,Trailer,UNITED STATES (USA)
1B9327,12802,B & L TRAILER MANUFACTURER,,Trailer,UNITED STATES (USA)
1B9328,16880,B & R WELDING,,Trailer,UNITED STATES (USA)
1B9329,5650,BGRS INC,,Trailer,UNITED STATES (USA)
1B9330,2012,BEEHIVE ROAD WELDING & TRUCK SALES,,Trailer,UNITED STATES (USA)
1B9332,3060,THE BARTLEY CORPORATION,,Trailer,UNITED STATES (USA)
1B9337,16898,B & B TRAILER SALES,,Trailer,UNITED STATES (USA)
1B9338,17934,"BOB'S USED CARS, INC.",,Trailer,UNITED STATES (USA)
1B9339,4318,BAYER TRAILERS,,Trailer,UNITED STATES (USA)
1B9347,16950,BLAIRZ HOMES,,Trailer,UNITED STATES (USA)
1B9348,1891,BARCROFT WELDING,,Trailer,UNITED STATES (USA)
1B9353,13137,BOGGS STEEL FABRICATION INC,,Trailer,UNITED STATES (USA)
1B9355,1831,BOLLINGER-ONKEN INC,,Trailer,UNITED STATES (USA)
1B9356,13193,BUILTWRIGHT FABRICATION & CONSTRUCT,,Trailer,UNITED STATES (USA)
1B9358,13159,"BIG O'S MANUFACTURING, INC.",,Trailer,UNITED STATES (USA)
1B9359,17367,BOHNERT WELDING,,Trailer,UNITED STATES (USA)
1B9360,17937,"BIG 4 RENTS, INC.",,Trailer,UNITED STATES (USA)
1B9363,12800,B & E TRAILER SALES INC,,Trailer,UNITED STATES (USA)
1B9364,5637,BEST TRAILERS,,Trailer,UNITED STATES (USA)
1B9365,5034,"B & K TRAILERS, INC",,Trailer,UNITED STATES (USA)
1B9366,17958,BOOTHEEL CUSTOM TRAILERS,,Trailer,UNITED STATES (USA)
1B9370,1769,"BLANCHAT MFG., INC.",,Trailer,UNITED STATES (USA)
1B9374,13155,BIG DOG MOTORCYCLES,,Motorcycle,UNITED STATES (USA)
1B9380,1942,BULK TRUCK & TRANSPORT SERVICE INC,,Trailer,UNITED STATES (USA)
1B9381,16602,B-WELDING,,Trailer,UNITED STATES (USA)
1B9393,9983,BOURGET'S BIKE WORKS,,Motorcycle,UNITED STATES (USA)
1B9397,5025,B & M HI-LITE,,Trailer,UNITED STATES (USA)
1B9414,17043,BOOTSTRAP INC,,Trailer,UNITED STATES (USA)
1B9416,13153,"BIG BUBBA'S TRAILER SALES, INC.",,Trailer,UNITED STATES (USA)
1B9426,16998,BUTTLER BUILT,,Trailer,UNITED STATES (USA)
1B9435,4774,"BESLER INDUSTRIES, INC.",,Trailer,UNITED STATES (USA)
1B9446,11082,WORKMAN AND SONS INC,,Trailer,UNITED STATES (USA)
1B9453,13161,BIG SMITH SALES & SERVICE,,Trailer,UNITED STATES (USA)
1B9457,1893,BARLOW'S WELDING AND CUSTOM TRAILER,,Trailer,UNITED STATES (USA)
1B9458,5041,"B.L. INDUSTRIES, INC.",,Trailer,UNITED STATES (USA)
1B9461,17051,BETTER BUILT TRAILERS,,Trailer,UNITED STATES (USA)
1B9462,1563,REINERT MFG. INC.,,Trailer,UNITED STATES (USA)
1B9464,1890,BAR Y RANCH SUPPLY,,Trailer,UNITED STATES (USA)
1B9466,2691,BUCKNER WELDING,,Trailer,UNITED STATES (USA)
1B9470,8563,BAZ MFG.,,Trailer,UNITED STATES (USA)
1B9472,12564,"BELL POWER SYSTEMS, INC.",,Trailer,UNITED STATES (USA)
1B9473,8748,BURTEK INCORPORATED,,Trailer,UNITED STATES (USA)
1B9474,15775,BAIRD & SLASKA MFG.,,Trailer,UNITED STATES (USA)
1B9475,5626,BROWN MANUFACTURING,,Trailer,UNITED STATES (USA)
1B9478,8561,BAHR CUSTOM BOATS &  TRAILERS,,Trailer,UNITED STATES (USA)
1B9485,5046,BOB'S WELDING & FABRICATION,,Trailer,UNITED STATES (USA)
1B9486,12616,"BOWMAN MANUFACTURING COMPANY, INC.",,Trailer,UNITED STATES (USA)
1B9487,20380,BOSSELMAN TANK & TRAILER INC.,,Trailer,UNITED STATES (USA)
1B9489,17074,BETTER BUILT TRAILERS,,Trailer,UNITED STATES (USA)
1B9491,12617,BOXED UTILITY TRAILER TECHNOLOGIES,,Trailer,UNITED STATES (USA)
1B9493,17087,BILLINGS TRAILER FABRICATION INC.,,Trailer,UNITED STATES (USA)
1B9498,8737,"BETTER BUILT TRAILERS, LLC",,Trailer,UNITED STATES (USA)
1B9502,13304,BURNS MFG.,,Trailer,UNITED STATES (USA)
1B9504,4626,"BURRO TRAVEL TRAILERS, LLC",,Trailer,UNITED STATES (USA)
1B9508,12613,"BOULDING & LAWSON, INC.",,Trailer,UNITED STATES (USA)
1B9509,13046,"BLOOMFIELD CUSTOM FABRICATION, INC.",,Trailer,UNITED STATES (USA)
1B9511,13045,"BLOOMER TRAILER MFG., INC.",,Trailer,UNITED STATES (USA)
1B9513,17084,"BUILT RITE TRAILERS OF NEBRASKA, INC",,Trailer,UNITED STATES (USA)
1B9519,4773,"BES & T, INC.",,Trailer,UNITED STATES (USA)
1B9528,12614,BOVINE PEDICURE INDUSTRIES,,Trailer,UNITED STATES (USA)
1B9534,13301,"BURKE'S WELDING, INC.",,Trailer,UNITED STATES (USA)
1B9536,8559,"B&W WELDING & REPAIR, INC.",,Trailer,UNITED STATES (USA)
1B9538,8558,B.C. TRAILERS INC,,Trailer,UNITED STATES (USA)
1B9539,5031,B&B ENTERPRISES,,Trailer,UNITED STATES (USA)
1B9541,13050,"BLUE LAKE INDUSTRIES, INC.",,Trailer,UNITED STATES (USA)
1B9542,13070,BOB BOERSMA CO.,,Trailer,UNITED STATES (USA)
1B9545,4771,"BERT JENSEN & SONS, INC.",,Trailer,UNITED STATES (USA)
1B9549,12687,"BALTIC INDUSTRIES, INC.",,Trailer,UNITED STATES (USA)
1B9551,13188,"BUFFALO TRUCK EQUIPERS, INC.",,Trailer,UNITED STATES (USA)
1B9552,13528,"BEST BILT, INC.",,Trailer,UNITED STATES (USA)
1B9555,1944,BULLMOBILE TRAILERS INC.,,Trailer,UNITED STATES (USA)
1B9560,13051,BLUE RIDGE MANUFACTURING,,Trailer,UNITED STATES (USA)
1B9563,1943,BULL DAWG TRAILERS,,Trailer,UNITED STATES (USA)
1B9564,12796,B & B ENTERPRISES,,Trailer,UNITED STATES (USA)
1B9565,13062,BMC MOTORCYCLE CO.,,Motorcycle,UNITED STATES (USA)
1B9566,17398,BROWNELL HYDRAULIC TRAILERS INC,,Trailer,UNITED STATES (USA)
1B9567,5043,BACKTREK COMPANY,,Trailer,UNITED STATES (USA)
1B9569,8560,"BACKYARD TRAILERS, LLC",,Trailer,UNITED STATES (USA)
1B9573,12797,B & B FABRICATORS,,Trailer,UNITED STATES (USA)
1B9574,13176,BILL'S WELDING & REPAIR,,Trailer,UNITED STATES (USA)
1B9575,13183,BUCKEYE TRAILER MANUFACTURING,,Trailer,UNITED STATES (USA)
1B9576,12685,BALES EQUIPMENT TRAILERS L.L.C.,,Trailer,UNITED STATES (USA)
1B9578,5305,BODEANN,,Trailer,UNITED STATES (USA)
1B9580,12561,"BELL MACHINE & FABRICATION, INC.",,Trailer,UNITED STATES (USA)
1B9582,13071,BOB GERENA FABRICATING INC.,,Trailer,UNITED STATES (USA)
1B9584,2005,"BEAR TRACK PRODUCTS, INC.",,Trailer,UNITED STATES (USA)
1B9586,5039,B.E.E. WELDING,,Trailer,UNITED STATES (USA)
1B9591,5633,"BRUNNER'S FABRICATION, INC.",,Trailer,UNITED STATES (USA)
1B9593,5603,BIOTECH SYSTEMS INC,,Trailer,UNITED STATES (USA)
1B9594,8742,BOICE MARINE INC,,Trailer,UNITED STATES (USA)
1B9595,13055,BLUEGRASS INDUSTRIES INC,,Trailer,UNITED STATES (USA)
1B9598,17140,BILL'S TRAILER SALES,,Trailer,UNITED STATES (USA)
1B9599,1889,BAR T Z UNLIMITED,,Trailer,UNITED STATES (USA)
1B9601,13056,BLUEGRASS TANK & EQUIPMENT INC,,Trailer,UNITED STATES (USA)
1B9603,1922,BLACKHAWK BIKES,,Motorcycle,UNITED STATES (USA)
1B9605,5708,BRAY'S METAL WORKS,,Trailer,UNITED STATES (USA)
1B9607,13048,BLUE COYOTE CO,,Low Speed Vehicle (LSV),UNITED STATES (USA)
1B9609,13180,BUCHANAN WELDING,,Trailer,UNITED STATES (USA)
1B9611,13154,BIG D'S PRODUCTS,,Trailer,UNITED STATES (USA)
1B9612,4576,BEAR RIVER TRAILERS LLC,,Trailer,UNITED STATES (USA)
1B9613,13029,BAGLEY INC,,Trailer,UNITED STATES (USA)
1B9616,17464,BALE RUNNER MFG.,,Trailer,UNITED STATES (USA)
1B9617,4775,BEST BET FABRICATION INC,,Trailer,UNITED STATES (USA)
1B9618,4568,BEACH CITY MOTORCYCLES INC.,,Motorcycle,UNITED STATES (USA)
1B9623,13064,BMF TRAILER WORKS LLC,,Trailer,UNITED STATES (USA)
1B9625,5710,BRAZIER TRAILERS,,Trailer,UNITED STATES (USA)
1B9628,13162,BIG T TRAILERS,,Trailer,UNITED STATES (USA)
1B9629,1894,BARON USA INC,,Trailer,UNITED STATES (USA)
1B9630,4965,BLAZING GLORY,,Trailer,UNITED STATES (USA)
1B9631,10880,"BIG BEAR AMERICAN MADE CHOPPERS, INC.",,Motorcycle,UNITED STATES (USA)
1B9633,12573,BENNETT ENTERPRISES,,Trailer,UNITED STATES (USA)
1B9635,13053,BLUE STREAK WELDING,,Trailer,UNITED STATES (USA)
1B9638,12578,BENTLEY INDUSTRIES LLC,,Trailer,UNITED STATES (USA)
1B9639,3789,RHODES INDUSTRIES INC  DBA  BARCO IND. SUPPLY,,Trailer,UNITED STATES (USA)
1B9640,13169,BIKER BARN CYCLES,,Motorcycle,UNITED STATES (USA)
1B9642,10485,"BEST GOLF CARS, INC",,Low Speed Vehicle (LSV),UNITED STATES (USA)
1B9644,13027,BADGER UTILITY INC,,Trailer,UNITED STATES (USA)
1B9645,5711,"BREAK-A-WAY, INC.",,Trailer,UNITED STATES (USA)
1B9646,1945,BUMPER BAR PRODUCTS,,Trailer,UNITED STATES (USA)
1B9648,4569,BEACH KING INC,,Trailer,UNITED STATES (USA)
1B9650,13044,BLOCKBUSTER INC.,,Trailer,UNITED STATES (USA)
1B9651,13032,BAILLIE DIESEL INC,,Trailer,UNITED STATES (USA)
1B9653,13059,BLUERIDGE TRAILER,,Trailer,UNITED STATES (USA)
1B9654,5029,B AND M TRAILERS SALES,,Trailer,UNITED STATES (USA)
1B9656,10156,BASE CAMP RECREATIONAL VEHICLES,,Trailer,UNITED STATES (USA)
1B9657,12565,BELMONT MACHINE,,Trailer,UNITED STATES (USA)
1B9659,8557,B&W CUSTOM TRUCK BEDS INC,,Trailer,UNITED STATES (USA)
1B9662,13194,BULK FABRICATED PRODUCTS,,Trailer,UNITED STATES (USA)
1B9663,13177,BRUTE ENGINEERING COMPANY INC,,Trailer,UNITED STATES (USA)
1B9664,5624,BROWN & REESE ENTERPRISES INC,,Trailer,UNITED STATES (USA)
1B9665,9790,BUCKEYE CARRIAGE,,Trailer,UNITED STATES (USA)
1B9668,13058,BLUELINE MANUFACTURING COMPANY,,Trailer,UNITED STATES (USA)
1B9673,4486,BCA FABRICATION LLC,,Trailer,UNITED STATES (USA)
1B9678,13054,BLUE THUNDER CUSTOM MOTORCYCLES INC,,Motorcycle,UNITED STATES (USA)
1B9680,17657,"BARTON INVESTMENT GROUP MANUFACTURING, LLC",,Low Speed Vehicle (LSV),UNITED STATES (USA)
1B9682,4634,BUTLER TRAILER SALES,,Trailer,UNITED STATES (USA)
1B9684,1919,BLACK HORSE TRAILER,,Trailer,UNITED STATES (USA)
1B9693,13157,BIG E TRAILERS,,Trailer,UNITED STATES (USA)
1B9694,5635,BRUNSWICK TRAILERS PLUS AND MARINE INC.,,Trailer,UNITED STATES (USA)
1B9698,5622,BROTHERHOOD CYCLES,,Motorcycle,UNITED STATES (USA)
1B9699,13151,BIG BOAR CUSTOM CYCLES INC.,,Motorcycle,UNITED STATES (USA)
1B9703,1946,BUNDIT,,Trailer,UNITED STATES (USA)
1B9704,12756,BAD ASS CHOPPERS,,Motorcycle,UNITED STATES (USA)
1B9705,12576,BENTECH INDUSTRIES,,Trailer,UNITED STATES (USA)
1B9706,12606,BOOTH SPECIALTY MANUFACTURING,,Trailer,UNITED STATES (USA)
1B9707,16490,BC TRAILERS,,Trailer,UNITED STATES (USA)
1B9708,4595,"BLACK DIAMOND EQUIPMENT, INC.",,Incomplete Vehicle,UNITED STATES (USA)
1B9709,13192,"BUILT WRIGHT, LLC",,Trailer,UNITED STATES (USA)
1B9711,16297,B&A TRAILERS INC.,,Trailer,UNITED STATES (USA)
1B9714,10185,BILLS GOLF CARTS,,Low Speed Vehicle (LSV),UNITED STATES (USA)
1B9721,8568,"BAY TOWN CHOPPERS, INC.",,Motorcycle,UNITED STATES (USA)
1B9722,16557,BLACK LABEL CHOPPERS LLC,,Motorcycle,UNITED STATES (USA)
1B9725,16476,BULLDOG TRAILERWORKS,,Trailer,UNITED STATES (USA)
1B9726,11062,"BUTLER TRAILER MFG. WEST, INC.",,Trailer,UNITED STATES (USA)
1B9727,8571,BYW TRAILERS,,Trailer,UNITED STATES (USA)
1B9728,11325,BEILER MACHINE LLC,,Trailer,UNITED STATES (USA)
1B9729,13379,"BARRO AG WELDING AND TRAILER REPAIR, INC.",,Trailer,UNITED STATES (USA)
1B9730,15185,BAUER COMPRESSORS INC.,,Trailer,UNITED STATES (USA)
1B9731,16448,BOLINGER INC.,,Trailer,UNITED STATES (USA)
1B9732,19119,BIG DOG TRAILERS,,Trailer,UNITED STATES (USA)
1B9734,9710,BINDER TRAILER MFG.,,Trailer,UNITED STATES (USA)
1B9739,10669,BIG DOG INDUSTRIES,,Trailer,UNITED STATES (USA)
1B9740,8765,BOB'S TRAILER SALES AND SERVICE,,Trailer,UNITED STATES (USA)
1B9741,10463,BERGEI'S BAD BOYZ BIKES,,Motorcycle,UNITED STATES (USA)
1B9742,9036,BOOM TRIKES USA,,Motorcycle,UNITED STATES (USA)
1B9743,10412,BEST OF SHOW DETAILING SYSTEMS,,Trailer,UNITED STATES (USA)
1B9744,8602,BOMAG PAVING PRODUCTS,,Trailer,UNITED STATES (USA)
1B9747,8790,BIGASS GRILLS AND SMOKERS,,Trailer,UNITED STATES (USA)
1B9748,1403,SPENCER BOWMAN CUSTOMS,,Motorcycle,UNITED STATES (USA)
1B9749,9010,"BERLON INDUSTRIES, LLC",,Trailer,UNITED STATES (USA)
1B9750,10462,"BARE KNUCKLE CHOPPERS, LLC",,Motorcycle,UNITED STATES (USA)
1B9751,18935,B&G TRAILERS INC,,Trailer,UNITED STATES (USA)
1B9752,9688,BAY CITY CHOPPERS INC.,,Motorcycle,UNITED STATES (USA)
1B9754,8817,BROWN EQUIPMENT COMPANY,,Trailer,UNITED STATES (USA)
1B9755,5865,BALON CORPORATION,,Trailer,SPAIN
1B9756,9472,"BADGE BOYZ CUSTOMZ, LLC",,Motorcycle,UNITED STATES (USA)
1B9759,10116,BROKEN BONZ INC.,,Motorcycle,UNITED STATES (USA)
1B9762,8727,BLACK RIVER CHOPPERS INC.,,Motorcycle,UNITED STATES (USA)
1B9763,9475,BIG BEAR TRAILERS,,Trailer,UNITED STATES (USA)
1B9764,9228,ROBT. E. RAFALKO,,Motorcycle,UNITED STATES (USA)
1B9766,9706,BIG EASY CHOPPERS,,Motorcycle,UNITED STATES (USA)
1B9767,9674,BROADWAY CHOPPERS,,Motorcycle,UNITED STATES (USA)
1B9769,1363,BITTER END - OLD SCHOOL CHOPPERS,,Motorcycle,UNITED STATES (USA)
1B9770,9485,B & H CUSTOMS,,Motorcycle,UNITED STATES (USA)
1B9772,6340,"BURCH TANK & TRUCK, INC. (FORMERLY, BURCH WELDING & TANK)",,Trailer,UNITED STATES (USA)
1B9774,10154,BAD BOYZ TOYZ INC.,,Motorcycle,UNITED STATES (USA)
1B9776,10833,BILLS PERFORMANCE AUTOMOTIVE,,Low Speed Vehicle (LSV),UNITED STATES (USA)
1B9778,9267,"BACKROAD CHOPPERS, LLC",,Motorcycle,UNITED STATES (USA)
1B9779,9966,BAD BOY TRAILERS,,Trailer,UNITED STATES (USA)
1B9780,10667,"DRAGONZ LAIR CUSTOM CYCLES, INC. DBA BUFFALO",,Motorcycle,UNITED STATES (USA)
1B9781,5035,"B&R TRAILER MFG., INC.",,Trailer,UNITED STATES (USA)
1B9784,17205,BLACK IRON CHOPPERS LTD,,Motorcycle,UNITED STATES (USA)
1B9785,17111,BEAR RIVER FABRICATION & MACHINE,,Trailer,UNITED STATES (USA)
1B9786,6846,BURKE ENTERPRISES,,Trailer,UNITED STATES (USA)
1B9787,17224,"TWO GUYS SELLING, INC DBA BOSS POWERSPORTS",,Motorcycle,UNITED STATES (USA)
1B9788,8708,BAKERS TRAILER CO.,,Trailer,UNITED STATES (USA)
1B9789,10661,BARNYARD CUSTOMS,,Motorcycle,UNITED STATES (USA)
1B9791,9440,BELLA CYCLES,,Motorcycle,UNITED STATES (USA)
1B9793,9247,BRUNO TRAILER CO.,,Trailer,UNITED STATES (USA)
1B9794,9255,BILLY’S HOT ROD CYCLES,,Motorcycle,UNITED STATES (USA)
1B9796,8653,BLASTCRETE EQUIPMENT CO.,,Trailer,UNITED STATES (USA)
1B9798,10675,BACKWOODS CHOPPERS,,Motorcycle,UNITED STATES (USA)
1B9799,9319,BAJA CUSTOM TRAILERS INC.,,Trailer,UNITED STATES (USA)
1B9800,10411,"BENCHMARK MOTORCYCLE & UTILITY TRAILERS, LLC",,Trailer,UNITED STATES (USA)
1B9801,10416,BACK 40 CREATIONS,,Motorcycle,UNITED STATES (USA)
1B9803,8710,BERGKAMP INC,,Trailer,UNITED STATES (USA)
1B9804,8715,KONERDING LEASING,,Trailer,UNITED STATES (USA)
1B9806,8633,"BOBBY'S RULE, INC.",,Trailer,UNITED STATES (USA)
1B9808,9244,BLUE RIDGE MOUNTAIN TRAILERS INC.,,Trailer,UNITED STATES (USA)
1B9810,10043,BLACK DRAGON CHOPPERS,,Motorcycle,UNITED STATES (USA)
1B9811,10781,"BLUE RIBBON PERFORMANCE, INC. DBA BLUE RIBBON CUST",,Motorcycle,UNITED STATES (USA)
1B9814,10266,"BJN MANUFACTURING, LLC",,Trailer,UNITED STATES (USA)
1B9815,10253,"BLACK TIE MANUFACTURING, INC.",,Trailer,UNITED STATES (USA)
1B9817,10264,BRUTON MANUFACTURING CO.,,Trailer,UNITED STATES (USA)
1B9818,9529,BLACKSMITH CHOPPERS,,Motorcycle,UNITED STATES (USA)
1B9819,10248,BRIANS CHOPPERS,,Motorcycle,UNITED STATES (USA)
1B9821,11646,BRAIN UNLIMITED,,Truck,UNITED STATES (USA)
1B9822,10488,BALLEWS SOUTH CENTRAL CUSTOMS,,Motorcycle,UNITED STATES (USA)
1B9823,4268,"BRASS KNUCKLE CHOPPERS, INC.",,Motorcycle,UNITED STATES (USA)
1B9824,9534,BLACK WIDOW CUSTOM MOTORCYCLE WORKS,,Motorcycle,UNITED STATES (USA)
1B9825,9827,BLAZING TECHNOLOGIES INC.,,Trailer,UNITED STATES (USA)
1B9828,9982,BLACK SUNSHINE CUSTOMS,,Motorcycle,UNITED STATES (USA)
1B9829,9846,"BOSS-LTG, INC",,Trailer,UNITED STATES (USA)
1B9831,10465,VX UNLIMITED INC.,,Motorcycle,UNITED STATES (USA)
1B9832,10948,BSC MOTORSPORTS,,Motorcycle,UNITED STATES (USA)
1B9833,10710,"BRAVO TRAILERS, INC.",,Trailer,UNITED STATES (USA)
1B9835,10693,BOZ DESIGNS LLC/TAYLORMADE TRAILERS,,Trailer,UNITED STATES (USA)
1B9838,11352,"BIGBOY TRAILER, MFG.",,Trailer,UNITED STATES (USA)
1B9843,1304,BELL CUSTOM PRODUCTS,,Trailer,UNITED STATES (USA)
1B9848,11156,"BLUE STEEL AXLE & FABRICATION, INC.",,Trailer,UNITED STATES (USA)
1B9849,9555,BACKYARD CHOPPERS,,Motorcycle,UNITED STATES (USA)
1B9853,9262,THE BROYHILL COMPANY,,Trailer,UNITED STATES (USA)
1B9854,8934,"BIG CITY CYCLE, INC.",,Motorcycle,UNITED STATES (USA)
1B9856,11583,BEAST CUSTOM CYCLE,,Motorcycle,UNITED STATES (USA)
1B9857,11379,"BAD ISLAND TOYZ, LLC",,Motorcycle,UNITED STATES (USA)
1B9858,11574,"BLUE STEEL MANUFACTURING, LLC",,Motorcycle,UNITED STATES (USA)
1B9859,11580,"BOXES CREEK FABRICATING & WELDING, LLC",,Trailer,UNITED STATES (USA)
1B9860,8697,"BEAR STEEL, INC.",,Trailer,UNITED STATES (USA)
1B9864,8849,BULL STOUT MANUFACTURING LLC,,Trailer,UNITED STATES (USA)
1B9867,8857,BENTLEY TRAILERS & CUSTOM COACHES,,Trailer,UNITED STATES (USA)
1B9870,13548,BLUE COYOTE TRAILERS,,Trailer,UNITED STATES (USA)
1B9872,9088,B+B TRAILERS,,Trailer,UNITED STATES (USA)
1B9874,6408,"BRAMMO, INC.",,Motorcycle,UNITED STATES (USA)
1B9878,1362,BLACKWATER TARGET SYSTEMS,,Trailer,UNITED STATES (USA)
1B9879,5835,BIKE PERFORMANCE & ACCESSORIES BPA INC.,,Motorcycle,UNITED STATES (USA)
1B9880,5845,"BROWER EQUIPMENT SALES, INC.",,Trailer,UNITED STATES (USA)
1B9882,12259,BLUERIDGE TRAILERS INC.,,Trailer,UNITED STATES (USA)
1B9883,10765,BBC.,,Motorcycle,UNITED STATES (USA)
1B9884,10765,BBC.,,Passenger Car,UNITED STATES (USA)
1B9886,10568,BIOHAZARD CYCLES INC.,,Motorcycle,UNITED STATES (USA)
1B9887,9994,"BOWIE INDUSTRIES, INC.",,Trailer,UNITED STATES (USA)
1B9890,13385,BROTHERS BODY AND EQUIPMENT,,Trailer,UNITED STATES (USA)
1B9892,11218,BOOMER'S TRIKES,,Motorcycle,UNITED STATES (USA)
1B9893,8665,"BOOT HILL TRAILER, LLC",,Trailer,UNITED STATES (USA)
1B9899,8924,"BROWN INDUSTRIES, LLC",,Trailer,UNITED STATES (USA)
1B9900,8668,"BAIR BODIES & TRAILERS, INC.",,Trailer,UNITED STATES (USA)
1B9901,8674,B & W MANTRAD INC.,,Trailer,UNITED STATES (USA)
1B9903,8501,BRYANT TRAILERS,,Trailer,UNITED STATES (USA)
1B9906,8494,"MXROS, INC. DBA BANTAM TRAILERS USA",,Trailer,UNITED STATES (USA)
1B9908,11864,"GREEN DISTRICT, INC. DBA BENTLEY WELDING",,Trailer,UNITED STATES (USA)
1B9909,8688,BQ GRILLS,,Trailer,UNITED STATES (USA)
1B9912,6219,BULLETPROOF TRAILERS,,Trailer,UNITED STATES (USA)
1B9913,6480,"BE SEEN ADVERTISING AND CUSTOM DESIGNS, INC.",,Trailer,UNITED STATES (USA)
1B9915,7743,"BITTERCREEK HUNTING BLINDS & DOG BOXES, INC.",,Trailer,UNITED STATES (USA)
1B9919,6483,"BOB'S CUSTOM CREATIONS, LLC",,Trailer,UNITED STATES (USA)
1B9923,7019,BYC,,Motorcycle,UNITED STATES (USA)
1B9924,1440,"BOULDER ELECTRORIDE, INC.",,Motorcycle,UNITED STATES (USA)
1B9927,7037,BRUMBY IRON HORSE CYCLES LLC,,Motorcycle,UNITED KINGDOM (UK)
1B9928,11859,BARRIER SYSTEMS INC.,,Trailer,UNITED STATES (USA)
1B9929,1434,BLING'S CYCLES,,Motorcycle,UNITED STATES (USA)
1B9930,1433,"BG AUTOMOTIVE GROUP, LTD.",,Low Speed Vehicle (LSV),UNITED STATES (USA)
1B9931,7189,BOULDER CHOPPERS INC.,,Motorcycle,UNITED STATES (USA)
1B9932,12154,"BLACK BROTHERS EQUIPMENT SALES, INC.",,Trailer,UNITED STATES (USA)
1B9934,6924,BLUE GHOST CYCLES,,Motorcycle,UNITED STATES (USA)
1B9935,6670,B.T. CUSTOM TRAILER,,Trailer,UNITED STATES (USA)
1B9937,18952,BOSS PRODUCTS INC.,,Trailer,UNITED STATES (USA)
1B9939,6369,BUSHTEC PRODUCTS CORPORATION,,Trailer,UNITED STATES (USA)
1B9940,6176,BRIMSTONE CYCLES LLC,,Motorcycle,UNITED STATES (USA)
1B9941,11883,BROTHERS EQUIPMENT INC.,,Trailer,UNITED STATES (USA)
1B9942,7937,"BOULDER ELECTRIC VEHICLE, INC.",,Truck,UNITED STATES (USA)
1B9943,1837,BONNELL INDUSTRIES INC.,,Trailer,UNITED STATES (USA)
1B9944,1907,"BAY BRIDGE MANUFACTURING, INC.",,Trailer,UNITED STATES (USA)
1B9945,6897,CHARLES L WHIGHAM SR DBA BEST BUILT TRAILER,,Trailer,UNITED STATES (USA)
1B9946,11920,BLACKSTONE TRAILER COMPANY LP,,Trailer,UNITED STATES (USA)
1B9947,6707,BESTWAY INC.,,Trailer,UNITED STATES (USA)
1B9948,6710,"BIRSCHBACH MFG., LLC",,Trailer,UNITED STATES (USA)
1B9950,1484,BADLANDS STEEL WORX,,Motorcycle,UNITED STATES (USA)
1B9951,6714,BILLY BOB'S TRAILER MFG.,,Trailer,UNITED STATES (USA)
1B9952,7221,BOSS HAWG MOTORCYCLES,,Motorcycle,UNITED STATES (USA)
1B9953,6390,"BOHNENKAMP'S WHITEWATER CUSTOMS, INC.",,Trailer,UNITED STATES (USA)
1B9955,6381,BRM TRAILERS,,Trailer,UNITED STATES (USA)
1B9956,7864,"BOURBON TRAILERS, LLC",,Trailer,UNITED STATES (USA)
1B9957,7445,BIGLUG TRAILER WORKS,,Trailer,UNITED STATES (USA)
1B9958,1493,"BOYLAN SALES, INC. DBA BOYLAN GOLF CARS",,Low Speed Vehicle (LSV),UNITED STATES (USA)
1B9960,6899,BURCHLAND MANUFACTURING INC.,,Trailer,UNITED STATES (USA)
1B9962,6422,BIG BOY TRAILERS,,Trailer,UNITED STATES (USA)
1B9963,6632,B&M PERFORMANCE CYCLES,,Motorcycle,UNITED STATES (USA)
1B9965,1692,BARRY'S TRAILERS,,Trailer,UNITED STATES (USA)
1B9968,18986,BRADS WELDING SHOP LLC,,Trailer,UNITED STATES (USA)
1B9970,7768,BIG BOY MANUFACTURING LLC.,,Trailer,UNITED STATES (USA)
1B9971,7545,BACKWOODS TRAILER SALES & MANUFACTURER,,Trailer,UNITED STATES (USA)
1B9974,1716,"BB ROLLAHOME, LLC",,Trailer,UNITED STATES (USA)
1B9975,7541,"BIRMINGHAM MOTORCYCLE COMPANY, LLC",,Motorcycle,UNITED STATES (USA)
1B9976,1718,"BAR H WELDING, LLC",,Trailer,UNITED STATES (USA)
1B9977,7411,"BUCKNER TRAILERS, LLC",,Trailer,UNITED STATES (USA)
1B9979,13371,BADGER EQUIPMENT COMPANY,,Truck,UNITED STATES (USA)
1B9982,5705,BRAUN NORTHWEST INC.,,Trailer,UNITED STATES (USA)
1B9984,7556,BAZOOKA FARMSTAR,,Trailer,UNITED STATES (USA)
1B9988,7262,BERG EQUIPMENT CORPORATION,,Trailer,UNITED STATES (USA)
1B9993,7767,"BRUMLEY MANUFACTURING, LLC",,Trailer,UNITED STATES (USA)
1B9RWC,9091,BLACK HAWK TRAILERS,,Trailer,UNITED STATES (USA)
1BA,1044,BLUE BIRD BODY COMPANY,BLUE BIRD,Bus,UNITED STATES (USA)
1BB,1044,BLUE BIRD BODY COMPANY,BLUE BIRD,Multipurpose Passenger Vehicle (MPV),UNITED STATES (USA)
1BC,1044,BLUE BIRD BODY COMPANY,BLUE BIRD,Truck,UNITED STATES (USA)
1BD,1044,BLUE BIRD BODY COMPANY,BLUE BIRD,Incomplete Vehicle,UNITED STATES (USA)
1BL,15441,"BALKO, INC",BALKO,Trailer,UNITED STATES (USA)
1BN,4571,"BEALL MANUFACTURING, INC.",BEALL,Trailer,UNITED STATES (USA)
1BT,16386,STEELCO INC,SPORTSMAN,Trailer,UNITED STATES (USA)
1C3,994,FCA US LLC,"DODGE, CHRYSLER, FIAT, LANCIA",Passenger Car,UNITED STATES (USA)
1C4,994,FCA US LLC,"DODGE, CHRYSLER, VOLKSWAGEN, JEEP, FIAT, RAM, LANCIA",Multipurpose Passenger Vehicle (MPV),UNITED STATES (USA)
1C6,994,FCA US LLC,"DODGE, CHRYSLER, VOLKSWAGEN, JEEP, FIAT, RAM, LANCIA",Truck,UNITED STATES (USA)
1C7,994,FCA US LLC,"DODGE, CHRYSLER, VOLKSWAGEN, JEEP, FIAT, RAM, LANCIA",Incomplete Vehicle,UNITED STATES (USA)
1C8,994,FCA US LLC,CHRYSLER,Multipurpose Passenger Vehicle (MPV),UNITED STATES (USA)
1C9005,18362,CHEROKEE MANUFACTURING CO.,,Trailer,UNITED STATES (USA)
1C9025,16956,C.R. WARREN MANUFACTURING,,Trailer,UNITED STATES (USA)
1C9026,16794,COWBOY COACHES,,Trailer,UNITED STATES (USA)
1C9030,4581,CHUCK WAGON INDUSTRIES,,Trailer,UNITED STATES (USA)
1C9031,2099,CASCADE GENERAL INC,,Trailer,UNITED STATES (USA)
1C9032,2025,CONDUX INTERNATIONAL INC.,,Trailer,UNITED STATES (USA)
1C9033,17354,CENTRAL ALABAMA TRAILER & TRUCK EQUIPMENT CO.,,Trailer,UNITED STATES (USA)
1C9039,5652,COSMO TRUCK EQUIPMENT INC.,,Trailer,UNITED STATES (USA)
1C9040,2020,"CONCORD ROAD EQUIPMENT MANUFACTURING, LLC",,Trailer,UNITED STATES (USA)
1C9043,2107,CATO CUSTOMS,,Trailer,UNITED STATES (USA)
1C9053,17944,"CURTIS INDUSTRIES, INC.",,Trailer,UNITED STATES (USA)
1C9056,3969,"C JONES, INC. DBA QUICAMP TRAILER",,Trailer,UNITED STATES (USA)
1C9058,17277,"COLLIN-ARNOT TRAILER MFG., INC",,Trailer,UNITED STATES (USA)
1C9059,18214,CLARK TRAILERS,,Trailer,UNITED STATES (USA)
1C9065,1776,CYCLE PRODUCTS,,Trailer,UNITED STATES (USA)
1C9066,5217,CECO EQUIPMENT CO,,Trailer,UNITED STATES (USA)
1C9069,16976,CLACKAMAS BODY AND EQUIPMENT,,Trailer,UNITED STATES (USA)
1C9077,13720,CENTRIC CORPORATION,,Trailer,UNITED STATES (USA)
1C9086,17678,COMPANION TRAILER COMPANY,,Trailer,UNITED STATES (USA)
1C9099,22457,C&C INDUSTRIES INC.,,Trailer,
1C9102,5124,CROWN COACH CORPORATION,,Bus,UNITED STATES (USA)
1C9113,3427,"NU WA INDUSTRIES, INC.",,Trailer,UNITED STATES (USA)
1C9126,1211,COUNTRY WAGON TRAILERS,,Trailer,UNITED STATES (USA)
1C9138,15492,COAST TRAILERS MFG.,,Trailer,UNITED STATES (USA)
1C9140,22609,CIRCLE W TRAILERS,,Trailer,UNITED STATES (USA)
1C9148,20895,"COTTRELL, INC.",,Trailer,UNITED STATES (USA)
1C9158,13411,"CHARIOT MANUFACTURING COMPANY, INC.",,Trailer,UNITED STATES (USA)
1C9163,18033,CUSTOM WELDING AND TRAILERS,,Trailer,UNITED STATES (USA)
1C9175,16084,C.H. CUSTOM COACH,,Trailer,UNITED STATES (USA)
1C9188,5124,CROWN COACH CORPORATION,,Incomplete Vehicle,UNITED STATES (USA)
1C9189,16112,CALIFORNIA SIDECAR INC,,Trailer,UNITED STATES (USA)
1C9191,15454,COUNTRY BOY MFG.,,Trailer,UNITED STATES (USA)
1C9193,15498,"CENTREVILLE TAG A LONG TRAILERS, INC",,Trailer,UNITED STATES (USA)
1C9195,15497,"CEMEN TECH, INC",,Trailer,UNITED STATES (USA)
1C9199,15456,CROPP WELDING & FABRICATION,,Trailer,UNITED STATES (USA)
1C9202,17446,COOSE TRAILER MFG INC,,Trailer,UNITED STATES (USA)
1C9204,17679,C & H MANUFACTURING INC,,Trailer,UNITED STATES (USA)
1C9207,2220,"CENTURY TRAILER COMPANY, INC.",,Trailer,UNITED STATES (USA)
1C9208,15459,CUSTOM FIT TRAILERS,,Trailer,UNITED STATES (USA)
1C9211,16082,"CREATION DESIGN & MFG., INC.",,Trailer,UNITED STATES (USA)
1C9213,17533,"CASITA ENTERPRISES, INC.",,Trailer,UNITED STATES (USA)
1C9216,11934,CHARMAC TRAILERS,,Trailer,UNITED STATES (USA)
1C9222,15486,"WILLIAM CLARK BOAT & VEHICLE WORKS, INC",,Trailer,UNITED STATES (USA)
1C9227,7552,COKER ENTERPRISES,,Trailer,UNITED STATES (USA)
1C9232,13450,CATOLAC CORPORATION,,Trailer,UNITED STATES (USA)
1C9234,15458,"CUSTOM EQUIPMENT CO, INC",,Trailer,UNITED STATES (USA)
1C9235,15499,CHAMPAGNE TRAILER MFG. INC,,Trailer,UNITED STATES (USA)
1C9236,15495,CAMPER TRAILERS MFG.,,Trailer,UNITED STATES (USA)
1C9237,5256,COLUMBIA NORTHWEST INC,,Trailer,UNITED STATES (USA)
1C9245,8779,"CUSTOM-FAB BODIES AND TRAILERS, INC.",,Trailer,UNITED STATES (USA)
1C9248,15455,CRAIG SYSTEMS CORPORATION,,Trailer,UNITED STATES (USA)
1C9250,16172,KAST-RITE SILOS INC,,Trailer,UNITED STATES (USA)
1C9251,11532,COLLINS BUS CORPORATION,,Truck,UNITED STATES (USA)
1C9257,1787,C.E.I. EQUIPMENT COMPANY INC,,Trailer,UNITED STATES (USA)
1C9264,15483,"CUMBERLAND FARMS DIARY, INC",,Trailer,UNITED STATES (USA)
1C9265,15504,"CHANCEY'S MOTORCYCLE SERVICE, INC",,Trailer,UNITED STATES (USA)
1C9266,17789,CAJUN MACHINE & WELDING INC.,,Trailer,UNITED STATES (USA)
1C9268,17987,"COFFEEVILLE TRAILER MANUFACTURING, INC.",,Trailer,UNITED STATES (USA)
1C9271,13355,CRYSTAL WELDING INC.,,Trailer,UNITED STATES (USA)
1C9272,15500,"CHAMPION MFG, INC",,Trailer,UNITED STATES (USA)
1C9274,18051,C.C. RIDER TRAILER CO.,,Trailer,UNITED STATES (USA)
1C9275,4079,CHANCE COACH INC.,,Trailer,UNITED STATES (USA)
1C9287,18072,"COMANCHE MANUFACTURING, INC.",,Trailer,UNITED STATES (USA)
1C9290,20449,"QUALITY TRAILERS, INC.",,Trailer,UNITED STATES (USA)
1C9291,1775,CX AUTOMOTIVE CORPORATION,,Passenger Car,UNITED STATES (USA)
1C9292,18316,MAXIMON MACHINE,,Trailer,UNITED STATES (USA)
1C9293,13450,CATOLAC CORPORATION,,Trailer,UNITED STATES (USA)
1C9294,15457,CUERO TRAILER MFG. INC,,Trailer,UNITED STATES (USA)
1C9298,17816,CIRCLE W TRAILER MFG INC,,Trailer,UNITED STATES (USA)
1C9301,17710,CLASS TRAILER MANUFACTURING,,Trailer,UNITED STATES (USA)
1C9304,18050,COBURN EQUIPMENT & REPAIRS,,Trailer,UNITED STATES (USA)
1C9308,18104,"COREY ENTERPRISES, INC.",,Trailer,UNITED STATES (USA)
1C9316,17316,CRISMON MOBILE CLASSICS,,Bus,UNITED STATES (USA)
1C9319,18081,COUNTRY TRAILERS,,Trailer,UNITED STATES (USA)
1C9324,17236,"CHAMPION HOME BUILDERS, INC",,Trailer,UNITED STATES (USA)
1C9326,4026,CALICO TRAILER MFG. CO.,,Trailer,UNITED STATES (USA)
1C9330,17988,CONTAINER ENTERPRISE,,Trailer,UNITED STATES (USA)
1C9331,17824,COAST CONTAINER CORPORATION,,Trailer,UNITED STATES (USA)
1C9334,4523,CAPACITY OF TEXAS,,Incomplete Vehicle,UNITED STATES (USA)
1C9335,17825,C & S FARMS,,Trailer,UNITED STATES (USA)
1C9346,18084,CROSS INDUSTRIES INC.,,Trailer,UNITED STATES (USA)
1C9353,18310,CREIGHTON'S TRAILERS,,Trailer,UNITED STATES (USA)
1C9356,17722,"CUSTOM FABRICATORS, INC.",,Trailer,UNITED STATES (USA)
1C9360,18223,CROWE CO.,,Trailer,UNITED STATES (USA)
1C9363,17328,CIRCLE M TRAILERS,,Trailer,UNITED STATES (USA)
1C9364,17328,CIRCLE M TRAILERS,,Trailer,UNITED STATES (USA)
1C9369,18315,CLASSIC SPORTS CARS,,Passenger Car,UNITED STATES (USA)
1C9372,17828,THE CANOPY MAN,,Trailer,UNITED STATES (USA)
1C9376,16776,"CUSTOM SALES AND SERVICE, INC",,Trailer,UNITED STATES (USA)
1C9385,17779,CENTURY METAL PRODUCTS,,Trailer,UNITED STATES (USA)
1C9389,3493,CPS TRAILER CO,,Trailer,UNITED STATES (USA)
1C9391,17766,CAT TRAILERS,,Trailer,UNITED STATES (USA)
1C9392,18301,CAROLINA CUSTOM MFG.,,Trailer,UNITED STATES (USA)
1C9393,18021,C & O MANUFACTURING,,Trailer,UNITED STATES (USA)
1C9395,17861,"CUSTOM DESIGNED, INC.",,Trailer,UNITED STATES (USA)
1C9396,18178,"CLENET INTERNATIONAL, LTD.",,Passenger Car,UNITED STATES (USA)
1C9398,17756,CAJUN TRAILERS & FABRICATION INC.,,Trailer,UNITED STATES (USA)
1C9399,17741,CLAYPOOLE SPECIALTIES,,Trailer,UNITED STATES (USA)
1C9409,3629,TXTX LLC,,Trailer,UNITED STATES (USA)
1C9411,18116,"CY-CORP ENTERPRISES, INC.",,Trailer,UNITED STATES (USA)
1C9416,18119,CREATIVE COACHWORKS INC.,,Passenger Car,UNITED STATES (USA)
1C9418,18370,CRAFCO INC.,,Trailer,UNITED STATES (USA)
1C9420,17786,CUSTOM BUILT PRODUCTS INC.,,Trailer,UNITED STATES (USA)
1C9423,18379,CRAIG'S CUSTOM FABRICATING,,Trailer,UNITED STATES (USA)
1C9424,18029,"CORN BELT MANUFACTURING, INC.",,Trailer,UNITED STATES (USA)
1C9428,16700,CROMWELL BUILDERS MANUFACTURING INC,,Trailer,UNITED STATES (USA)
1C9429,17794,CUSTOM EQUIPMENT SALES INC.,,Trailer,UNITED STATES (USA)
1C9436,16739,"CARRIER TRANSPORTS, INC",,Trailer,UNITED STATES (USA)
1C9442,18188,CARRIER TRAILER MFG.,,Trailer,UNITED STATES (USA)
1C9443,16717,"CENTER LINE FABRICATORS, INC",,Trailer,UNITED STATES (USA)
1C9447,16678,"CROWD PLEASERS, INC",,Trailer,UNITED STATES (USA)
1C9452,5610,"CRYENCO, INC.",,Trailer,UNITED STATES (USA)
1C9453,16726,"COBRA CARS, INC",,Passenger Car,UNITED STATES (USA)
1C9456,16969,HORSE & COUNTRY DBA COWBOY TRAILERS,,Trailer,UNITED STATES (USA)
1C9460,16989,CAPITOL MACHINERY COMPANY,,Trailer,UNITED STATES (USA)
1C9462,16774,COLEMAN'S CUSTOM WELDING INC,,Trailer,UNITED STATES (USA)
1C9466,16872,CHALET RV MANUFACTURING,,Trailer,UNITED STATES (USA)
1C9470,4599,"CITY MACHINE & WELDING, INC.",,Trailer,UNITED STATES (USA)
1C9473,17904,COMPETITION TRAILERS,,Trailer,UNITED STATES (USA)
1C9477,16687,CJ CARGO INC,,Trailer,UNITED STATES (USA)
1C9480,16975,COLT TRAILER MFG. CO.,,Trailer,UNITED STATES (USA)
1C9483,18193,"J & A CUSTOM TRAILERS & FABRICATION DIVISION OF CORDIS JOHNSON AUTOMOTIVE, INC.",,Trailer,UNITED STATES (USA)
1C9485,18186,CORONA LTD. DBA BARON'S TRAILER SALES,,Trailer,UNITED STATES (USA)
1C9498,1732,"DOUGLASS TRUCK BODIES, INC.",,Trailer,UNITED STATES (USA)
1C9502,17382,"R & R FARMS, MFG",,Trailer,UNITED STATES (USA)
1C9503,12843,CEI MANUFACTURING,,Trailer,UNITED STATES (USA)
1C9507,1773,CUSTOMLINE SALES & MFG. CO.,,Trailer,UNITED STATES (USA)
1C9510,16794,COWBOY COACHES,,Trailer,UNITED STATES (USA)
1C9516,19593,CONSULIER AUTOMOTIVE,,Multipurpose Passenger Vehicle (MPV),UNITED STATES (USA)
1C9519,16843,C-R CHEETAH RACE CARS,,Passenger Car,UNITED STATES (USA)
1C9520,3076,COMMODORE HOMES OF INDIANA,,Trailer,UNITED STATES (USA)
1C9525,16904,CJ'S TRAILERS,,Trailer,UNITED STATES (USA)
1C9530,16922,COWELL CUSTOM TRAILERS,,Trailer,UNITED STATES (USA)
1C9533,2101,CASCADIAN COMPANY,,Trailer,UNITED STATES (USA)
1C9534,17878,C & W ENTERPRISES,,Trailer,UNITED STATES (USA)
1C9535,4079,CHANCE COACH INC.,,Bus,
1C9536,4016,CACTUS METAL WORKS,,Trailer,UNITED STATES (USA)
1C9539,4024,CALAVERAS MFG. INC.,,Truck,UNITED STATES (USA)
1C9540,13981,"ARBOC, INC.",,Trailer,UNITED STATES (USA)
1C9555,1199,COUNTRY TRAILERS LLC,,Trailer,UNITED STATES (USA)
1C9559,16985,CUSTOM TRAILER INC,,Trailer,UNITED STATES (USA)
1C9560,2104,CASTLE MOTORCYCLE MFG INC,,Motorcycle,UNITED STATES (USA)
1C9567,3948,"CN POWER SYSTEMS, INC.",,Trailer,UNITED STATES (USA)
1C9576,12840,CAMPBELL & KELLY INC,,Trailer,UNITED STATES (USA)
1C9577,10148,CHIEF TRANSPORTATION PRODUCTS,,Trailer,UNITED STATES (USA)
1C9578,4589,CIRCLE G. TRAILERS,,Trailer,UNITED STATES (USA)
1C9587,17034,CALIFORNIA MOTORCYCLE COMPANY,,Motorcycle,UNITED STATES (USA)
1C9588,17007,"C & M FABRICATIONS, INC",,Trailer,UNITED STATES (USA)
1C9593,4081,CHAR-KAN SALES,,Trailer,UNITED STATES (USA)
1C9596,2055,C & D TRAILERS,,Trailer,UNITED STATES (USA)
1C9599,16234,"COMMERCIAL STRUCTURES, INC",,Trailer,UNITED STATES (USA)
1C9604,8776,CORBIN MOTORS INC,,Motorcycle,UNITED STATES (USA)
1C9624,17024,"CERTIFIED ADVANCED TECHNOLOGIES, INC",,Trailer,UNITED STATES (USA)
1C9627,12716,CREEK HILL WELDING,,Trailer,UNITED STATES (USA)
1C9628,17031,"BAHA TECH, LLC",,Trailer,UNITED STATES (USA)
1C9635,5669,CUBE MANUFACTURING,,Trailer,UNITED STATES (USA)
1C9636,5656,COUNTRY BOY TRAILORS INC,,Trailer,UNITED KINGDOM (UK)
1C9643,11735,"C & C TRAILERS, INC.",,Trailer,UNITED STATES (USA)
1C9648,13241,CHRISMAN CORPORATION,,Motorcycle,UNITED STATES (USA)
1C9655,3073,CLEVELAND MOTORCYCLE MANUFACTURING CO,,Motorcycle,UNITED STATES (USA)
1C9658,9139,"CREATIVE MOBILE SYSTEMS, INC./CREATIVE CARTS LLC",,Trailer,UNITED STATES (USA)
1C9660,5228,CENTINELA STATE PRISON,,Trailer,UNITED STATES (USA)
1C9662,1287,"CRAFTON EQUIPMENT, INC.",,Trailer,UNITED STATES (USA)
1C9664,5272,COLE STEEL,,Trailer,UNITED STATES (USA)
1C9665,8777,CR SPECIALTY MANUFACTURING,,Trailer,UNITED STATES (USA)
1C9668,4546,"CARLIN MANUFACTURING, INC.",,Trailer,UNITED STATES (USA)
1C9670,1788,"C.F. WELDING & MANUFACTURING, INC.",,Trailer,UNITED STATES (USA)
1C9671,4019,CAJUN TRAILER AND FARM MFG.,,Trailer,UNITED STATES (USA)
1C9672,5161,CAMERON AND SONS WELDING,,Trailer,UNITED STATES (USA)
1C9673,2098,CASCADE CUSTOM MANUFACTURING INC,,Trailer,UNITED STATES (USA)
1C9680,10209,CHICA CUSTOM CYCLES,,Motorcycle,UNITED STATES (USA)
1C9681,23585,CHASSIS KING LLC,,Trailer,
1C9684,4643,"C & H TRAILERS, INC.",,Trailer,UNITED STATES (USA)
1C9685,12729,"CROFT TRAILER SUPPLY, INC",,Trailer,UNITED STATES (USA)
1C9688,5044,COUNTY LINE TRAILER CO.,,Trailer,UNITED STATES (USA)
1C9691,3530,"CRAFTSMEN INDUSTRIES, INC.",,Trailer,UNITED STATES (USA)
1C9692,4959,"COBRA MOTORHOMES & TRAILERS, INC.",,Trailer,UNITED STATES (USA)
1C9697,5229,CONTRACTORS SPECIALTIES COMPANY/WATER WORKS,,Trailer,UNITED STATES (USA)
1C9699,13272,CUSTOM TANK TECHNOLOGY,,Trailer,UNITED STATES (USA)
1C9702,4675,COOL CARRIERS CUSTOM TRAILERS,,Trailer,UNITED STATES (USA)
1C9705,3491,"CP INDUSTRIES, INC",,Trailer,UNITED STATES (USA)
1C9709,5258,COM-FAB INC.,,Trailer,UNITED STATES (USA)
1C9710,2139,"CLASSIC MOTORCYCLES & SIDECARS, INC.",,Motorcycle,UNITED STATES (USA)
1C9713,17098,CUSTOM TRAILER COMPANY,,Trailer,UNITED STATES (USA)
1C9714,4032,CALIFORNIA METAL WORKS,,Trailer,UNITED STATES (USA)
1C9718,9585,"CLASSIC TRAILERS, INC.",,Trailer,UNITED STATES (USA)
1C9725,2211,CHALET RV INC.,,Trailer,UNITED STATES (USA)
1C9737,8776,CORBIN MOTORS INC,,Motorcycle,UNITED STATES (USA)
1C9742,2144,CLASSIC INVESTORS INC,,Bus,UNITED STATES (USA)
1C9746,3956,"COACHCRAFT TECHNOLOGIES, LLC",,Trailer,UNITED STATES (USA)
1C9747,2142,CLASSIC TOWS,,Trailer,UNITED STATES (USA)
1C9748,2142,CLASSIC TOWS,,Trailer,UNITED STATES (USA)
1C9750,9095,"CAREFREE CUSTOM CYCLES, INC.",,Motorcycle,UNITED STATES (USA)
1C9754,13846,ROBERT VAN FLEET DBA CASH WAGONS,,Trailer,UNITED STATES (USA)
1C9759,4590,"CIRCLE H TRAILERS, INC.",,Trailer,UNITED STATES (USA)
1C9762,12727,"INNOVATIVE CONTROL, LLC DBA CRIMINALISTICS, INC.",,Trailer,UNITED STATES (USA)
1C9764,2210,CGM FABRICATIONS,,Trailer,UNITED STATES (USA)
1C9768,4030,CALIFORNIA LIVE FLOORS INC.,,Trailer,UNITED STATES (USA)
1C9769,12731,"CROSLEY TRAILERS, INC.",,Trailer,UNITED STATES (USA)
1C9770,10170,"CONSTRUCTION TRAILER SPECIALISTS, INC.",,Trailer,UNITED STATES (USA)
1C9772,3488,"COZAD TRAILER SALES, LLC",,Trailer,UNITED STATES (USA)
1C9773,2138,CLASSIC MOTOR WORKS,,Motorcycle,UNITED STATES (USA)
1C9774,5675,CURT'S WELDING,,Trailer,UNITED STATES (USA)
1C9775,5220,"CELLXION, LLC",,Trailer,UNITED STATES (USA)
1C9776,4542,"CARGO PRO, INC.",,Trailer,UNITED STATES (USA)
1C9777,2135,"CLASSIC GOLF CAR COMPANY, INC.",,Low Speed Vehicle (LSV),UNITED STATES (USA)
1C9778,3946,"CMS WELDING, INC.",,Trailer,UNITED STATES (USA)
1C9780,4597,CIRCLE R MANUFACTURER AND SALES,,Trailer,UNITED STATES (USA)
1C9781,4960,COBRA RACING PRODUCTS INC.,,Trailer,UNITED STATES (USA)
1C9784,4013,"CABLE PULLING EQUIPMENT, INC.",,Trailer,UNITED STATES (USA)
1C9786,2053,C&P TRAILER SALES,,Trailer,UNITED STATES (USA)
1C9789,8760,"CHANDLER MFG., INC.",,Trailer,UNITED STATES (USA)
1C9790,4077,"CHAMPION TRAILERS COMPANY, LP",,Trailer,UNITED STATES (USA)
1C9791,1265,"COTNER TRAILERS, INC",,Trailer,UNITED STATES (USA)
1C9792,11746,"CHART, INC",,Trailer,UNITED STATES (USA)
1C9793,12805,COLLINS TRAILERS,,Trailer,UNITED STATES (USA)
1C9794,8756,"CAPE FEAR MANUFCTURING, LLC",,Trailer,UNITED STATES (USA)
1C9795,4531,"CARBO TECH, INC.",,Trailer,UNITED STATES (USA)
1C9796,2038,CONTAINMENT TECHNOLOGY (CON-TEC),,Trailer,UNITED STATES (USA)
1C9798,5218,"CEDAR CREST PARK HOMES, INC.",,Trailer,UNITED STATES (USA)
1C9799,8725,C & M FABRICATION,,Trailer,UNITED STATES (USA)
1C9801,4091,CHATHAM ENTERPRISES,,Trailer,UNITED STATES (USA)
1C9802,8576,"COVINGTON CYCLE CITY, LLC",,Motorcycle,UNITED STATES (USA)
1C9803,14175,CAROLINA TRAILERS,,Trailer,UNITED STATES (USA)
1C9804,4677,COOPER EQUIPMENT INC,,Trailer,UNITED STATES (USA)
1C9805,2039,CONTECH MANUFACTURING LLC,,Trailer,UNITED STATES (USA)
1C9810,12909,CRYOGENIC VESSEL ALTERNATIVES (CVA),,Trailer,UNITED STATES (USA)
1C9811,2129,"CLASSIC ACQUISITIONS, LLC",,Trailer,UNITED STATES (USA)
1C9812,8805,"C.C.E. TECHNOLOGIES, INC.",,Trailer,UNITED STATES (USA)
1C9814,4020,"CAL TRAILER, MFG",,Trailer,UNITED STATES (USA)
1C9816,5265,CROWN CUSTOM TRAILERS INC,,Trailer,UNITED STATES (USA)
1C9817,3945,"CMMC MACHINE, INC.",,Trailer,UNITED STATES (USA)
1C9819,4530,CAR TWIN TRAILERS INC,,Trailer,UNITED STATES (USA)
1C9820,5164,CAMP N BOAT,,Trailer,UNITED STATES (USA)
1C9821,15628,DOWNEASTER MANUFACTURING DBA COASTAL METAL FAB,,Trailer,UNITED STATES (USA)
1C9822,5251,"COLORADO CUSTOM CENTER, INC",,Trailer,UNITED STATES (USA)
1C9825,13276,CUSTOM TRAILERS LLC,,Trailer,UNITED STATES (USA)
1C9826,2106,CATAMARAN CRUISERS,,Trailer,UNITED STATES (USA)
1C9828,4544,"CARGO-LINER, INC",,Trailer,UNITED STATES (USA)
1C9829,13290,CAROLINA EQUIPMENT SALES INC,,Trailer,UNITED STATES (USA)
1C9830,2056,C-C ENTERPRISES,,Trailer,UNITED STATES (USA)
1C9836,2694,LBE COMPANY INC DBA CUSTOM MFG,,Trailer,UNITED STATES (USA)
1C9837,12662,CENTRAL PARTS WELDING LLC,,Trailer,UNITED STATES (USA)
1C9838,5661,"COUNTRY SALES, INC.",,Trailer,UNITED STATES (USA)
1C9839,5677,CUSTOM AMUSEMENT PRODUCTS CO,,Trailer,UNITED STATES (USA)
1C9843,17649,COUNTRY WELDING,,Trailer,UNITED STATES (USA)
1C9844,12711,"CREATE A CUSTOM CYCLE, LLC",,Motorcycle,UNITED STATES (USA)
1C9853,12734,"CROSS LANDER OF NORTH AMERICA, INC.",,Truck,UNITED STATES (USA)
1C9854,13243,CHRONIC CHOPPERS,,Motorcycle,UNITED STATES (USA)
1C9856,13240,CHOPPER WORKS PERFORMANCE MOTORCYCLES,,Motorcycle,UNITED STATES (USA)
1C9857,2115,CDF TRAILERS,,Trailer,UNITED STATES (USA)
1C9859,12965,COWBOY FABRICATION CO,,Trailer,UNITED STATES (USA)
1C9862,4674,COOKE'S TRAILER MFG.,,Trailer,UNITED STATES (USA)
1C9864,4722,CARRON TRUCK REPAIR LTD,,Trailer,UNITED STATES (USA)
1C9866,2053,C&P TRAILER SALES,,Trailer,UNITED STATES (USA)
1C9868,3486,COWTOWN CUSTOMS AND COBRAS,,Trailer,UNITED STATES (USA)
1C9870,12589,"CLEVELAND T-TRIKE MANUFACTURING, INC.",,Motorcycle,UNITED STATES (USA)
1C9871,4644,C & M TRAILERS,,Trailer,UNITED STATES (USA)
1C9873,12590,"CLIFF'S WELDING SERVICE, INC.",,Trailer,UNITED STATES (USA)
1C9875,5686,CUSTOM CHASSIS INC,,Incomplete Vehicle,UNITED STATES (USA)
1C9876,5686,CUSTOM CHASSIS INC,,Trailer,UNITED STATES (USA)
1C9878,8455,"MARK MINER ENTERPRISES, INC. DBA CUSTOM",,Trailer,UNITED STATES (USA)
1C9879,9473,"CAPITAL INDUSTRIAL, INC.",,Trailer,UNITED STATES (USA)
1C9880,15945,CC CYCLES,,Motorcycle,UNITED STATES (USA)
1C9881,17488,COUNTY ROAD TRAILERS,,Trailer,UNITED STATES (USA)
1C9882,18047,"CUSTOM EQUIPMENT BUILDERS, INC.",,Trailer,UNITED STATES (USA)
1C9883,11870,"CHOICE TRAILERS MANUFACTURING, LTD",,Trailer,UNITED STATES (USA)
1C9889,10913,CHOPPERHEAD ROAD INC.,,Motorcycle,UNITED STATES (USA)
1C9891,13288,"CAROLINA CUSTOM PRODUCTS, INC. DBA S&S MACHINE, INC.",,Motorcycle,UNITED STATES (USA)
1C9893,9952,C&W TRAILERS,,Trailer,UNITED STATES (USA)
1C9894,12717,CREEKSIDE WELDING & JAMAR TRAILERS,,Trailer,UNITED STATES (USA)
1C9895,13380,CMI TEREX CORPORATION,,Trailer,UNITED STATES (USA)
1C9896,1247,"COPPER RIVER FABRICATORS, INC.",,Trailer,UNITED STATES (USA)
1C9898,5259,COMBS TRAILER MANUFACTURING,,Trailer,UNITED STATES (USA)
1C9899,5651,CORULLO FOREST PRODUCTS CORPORATION,,Trailer,UNITED STATES (USA)
1C9901,3072,THE CHOPPER SHOP LLC,,Motorcycle,UNITED STATES (USA)
1C9902,4532,CARDER'S CUSTOM CYCLES,,Motorcycle,UNITED STATES (USA)
1C9905,5681,"CUSTOM BIKES OF LAUDERDALE, LLC",,Motorcycle,UNITED STATES (USA)
1C9908,20627,COMBAT MOTORS LLC,,Motorcycle,UNITED STATES (USA)
1C9909,3071,THE CHOP SHOP LLC,,Motorcycle,UNITED STATES (USA)
1C9910,12712,CREATIVE CUSTOM MANUFACTURING,,Trailer,UNITED STATES (USA)
1C9911,2100,CASCADE TRAILER & TRUCK,,Trailer,UNITED STATES (USA)
1C9912,12591,"CLIFF'S WELDING SERVICE, LLC",,Trailer,UNITED STATES (USA)
1C9913,9261,CUSTOM BUILT TRAILERS,,Trailer,UNITED STATES (USA)
1C9915,12713,CREATIVE CYCLES INC.,,Motorcycle,UNITED STATES (USA)
1C9917,16475,CHEMGUARD INC,,Trailer,UNITED STATES (USA)
1C9918,11097,C & B TRAILERS MANUFACTURING LLC,,Trailer,UNITED STATES (USA)
1C9920,12589,"CLEVELAND T-TRIKE MANUFACTURING, INC.",,Motorcycle,UNITED STATES (USA)
1C9921,2097,CARTER'S FABRICATION & DESIGN CO,,Motorcycle,UNITED STATES (USA)
1C9924,11101,CAZZANI CUSTOM CYCLES INC.,,Motorcycle,UNITED STATES (USA)
1C9929,1778,CYGNUS MANUFACTURING COMPANY (CMC),,Trailer,UNITED STATES (USA)
1C9930,5690,CUSTOM CYCLE CARRIER,,Trailer,UNITED STATES (USA)
1C9932,10193,"C & S TRAILER DEPOT, INC.",,Trailer,UNITED STATES (USA)
1C9933,10192,CENTRAL MONTANA PANELS,,Trailer,UNITED STATES (USA)
1C9939,1246,COUNT'S KUSTOMS,,Motorcycle,UNITED STATES (USA)
1C9942,11741,"CENTRAL TANK OF OKLAHOMA, INC.",,Trailer,UNITED STATES (USA)
1C9943,9771,"CHOPPER NATION, INC.",,Motorcycle,UNITED STATES (USA)
1C9946,9463,"CIRCLE D TRAILERS, INC.",,Trailer,UNITED STATES (USA)
1C9947,11728,"COOL CITY, INC.",,Motorcycle,UNITED STATES (USA)
1C9951,11150,CHAPMAN ENTERPRISE LLC,,Trailer,UNITED STATES (USA)
1C9955,8613,CRANFORD RADIATOR INC.,,Trailer,UNITED STATES (USA)
1C9956,16481,CAMPER PRODUCT INC,,Trailer,UNITED STATES (USA)
1C9957,11099,HOT ROD TRANSPORT LLC,,Trailer,UNITED STATES (USA)
1C9958,8591,"CUSTOM BIKE WORKS, INC.",,Motorcycle,UNITED STATES (USA)
1C9959,4266,"CIRCLE CITY CHOPPERS, LLC",,Motorcycle,UNITED STATES (USA)
1C9960,8622,CLASSIC MC,,Motorcycle,UNITED STATES (USA)
1C9961,8762,"CENTRAL FLORIDA TRAILER SALES, INC.",,Trailer,UNITED STATES (USA)
1C9962,8614,"CHRISTIANSEN WELDING & MACHINE, INC.",,Trailer,UNITED STATES (USA)
1C9965,9053,CREATIVE HOT RODS,,Motorcycle,UNITED STATES (USA)
1C9967,9014,CHOCTAW TRAILERS,,Trailer,UNITED STATES (USA)
1C9968,8801,CYCLE CONCEPTS INC.,,Motorcycle,UNITED STATES (USA)
1C9969,1416,CHOPPER DESIGNS,,Motorcycle,UNITED STATES (USA)
1C9971,9377,COOL AMPHIBIOUS MANUFACTURER INTERNATIONAL LLC,,Bus,UNITED STATES (USA)
1C9973,1409,COAST 2 COAST CHOPPERS,,Motorcycle,UNITED STATES (USA)
1C9974,8577,CHOPPER KINGS LLC,,Motorcycle,UNITED STATES (USA)
1C9975,9875,COPPER STATE CYCLES,,Motorcycle,UNITED STATES (USA)
1C9977,1232,"CYCLONE ENVIRONMENTAL TECHNOLOGIES, LLC",,Trailer,UNITED STATES (USA)
1C9980,1421,COWBOY TRADING COMPANY INC. AKA COWBOY CUSTOM CHOP,,Motorcycle,UNITED STATES (USA)
1C9986,4026,CALICO TRAILER MFG. CO.,,Trailer,UNITED STATES (USA)
1C9987,1406,"CHRISTIANSON SYSTEMS, INC.",,Trailer,UNITED STATES (USA)
1C9988,9660,"CUSTOM MOTORCYCLE WORKS, INC.",,Motorcycle,UNITED STATES (USA)
1C9989,9946,C & S CHOPPERS INC.,,Motorcycle,UNITED STATES (USA)
1C9990,9658,"THE CHARIOT, INC.",,Trailer,UNITED STATES (USA)
1C9992,9487,CASCON TRANSPORTATION EQUIPMENT CO.,,Trailer,UNITED STATES (USA)
1C9993,4265,COLEMAN CUSTOM CHOPPERS,,Motorcycle,UNITED STATES (USA)
1C9996,9912,"CLEARSPRING CONVERSIONS, INC.",,Trailer,UNITED STATES (USA)
1C9997,9473,"CAPITAL INDUSTRIAL, INC.",,Trailer,UNITED STATES (USA)
1C9998,17591,C & W TRAILERS,,Trailer,UNITED STATES (USA)
1C9999,10647,CHOPPERS ONLY,,Motorcycle,UNITED STATES (USA)
1C9ACA,13140,COMMERCIAL MOBILE SYSTEMS,,Trailer,UNITED STATES (USA)
1C9CCA,4010,CABIN CRAFT INC,,Trailer,UNITED STATES (USA)
1C9CCC,4700,DECEW CARPENTRY CONTRACTING (CUSTOM COTTAGES),,Trailer,UNITED STATES (USA)
1C9CEW,4086,CHARIOT EAGLE WEST,,Trailer,UNITED STATES (USA)
1C9CTM,4012,CABINS IN THE MOUNTAINS LLC,,Trailer,UNITED STATES (USA)
1CA,8772,"COBRA INDUSTRIES, INCORPORATED",COBRA INDUSTRIES,Trailer,UNITED STATES (USA)
1CD,1622,"CLARK TRAILER SERVICE, INC.",CLARK TRAILER SERVICE,Trailer,UNITED STATES (USA)
1CK,16302,CORRECT CRAFT INC,CORRECT CRAFT INC,Trailer,UNITED STATES (USA)
1CM,4093,CHECKER MOTORS CORPORATION,CHECKER,Passenger Car,UNITED STATES (USA)
1CU,5676,CUSHMAN A DIVISION OF OUTBOARD MARINE CORPORATION,CUSHMAN,Motorcycle,UNITED STATES (USA)
1CY,3533,"BATTLE MOTORS, INC","CRANE CARRIER, CRANE CARRIER COMPANY (CCC), BTL",Incomplete Vehicle,UNITED STATES (USA)
1D2,994,FCA US LLC,DODGE,Incomplete Vehicle,UNITED STATES (USA)
1D3,994,FCA US LLC,DODGE,Truck,UNITED STATES (USA)
1D4,994,FCA US LLC,DODGE,Multipurpose Passenger Vehicle (MPV),UNITED STATES (USA)
1D5,994,FCA US LLC,DODGE,Bus,UNITED STATES (USA)
1D6,994,FCA US LLC,DODGE,Incomplete Vehicle,UNITED STATES (USA)
1D7,994,FCA US LLC,DODGE,Truck,UNITED STATES (USA)
1D8,994,FCA US LLC,DODGE,Multipurpose Passenger Vehicle (MPV),UNITED STATES (USA)
1D9020,16658,"DANCO TRAILERS, INC",,Trailer,UNITED STATES (USA)
1D9022,2225,DUNCAN DBA SUPPLY COMPANY,,Trailer,UNITED STATES (USA)
1D9027,5533,"DODGEN INDUSTRIES, INC.",,Trailer,UNITED STATES (USA)
1D9028,9905,"D  & D TRAILERS, INC",,Trailer,UNITED STATES (USA)
1D9033,13423,THE DICKIRSON CORPORATION,,Trailer,UNITED STATES (USA)
1D9040,1785,D & H ENTERPRISES,,Trailer,UNITED STATES (USA)
1D9043,16944,"DYNAMICS COMPOSITE DESIGNS, INC",,Trailer,UNITED STATES (USA)
1D9058,15487,FIREPOWER,,Trailer,UNITED STATES (USA)
1D9061,1609,"MOBILE MINI, INC.",,Trailer,UNITED STATES (USA)
1D9063,15489,D.P. ENTERPRISES,,Trailer,UNITED STATES (USA)
1D9075,12856,DIVELY MFG CO INC,,Trailer,UNITED STATES (USA)
1D9076,15475,DOUBLE D WELDING,,Trailer,UNITED STATES (USA)
1D9078,15462,D & G WELDING & MUFFLER,,Trailer,UNITED STATES (USA)
1D9083,15493,DAT TRAILER MFG,,Trailer,UNITED STATES (USA)
1D9084,15494,DAUGHTRY TRAILERS,,Trailer,UNITED STATES (USA)
1D9088,2231,DURALITE TRUCK BODY & CONTAINER COR,,Trailer,UNITED STATES (USA)
1D9089,18099,"DRIVE-ON TRAILER CO., INC.",,Trailer,UNITED STATES (USA)
1D9092,16193,DPL EUROSTYLE CO.,,Motorcycle,UNITED STATES (USA)
1D9097,15466,THE DUTCHER CORPORATION,,Bus,UNITED STATES (USA)
1D9102,1173,DAMON CORPORATION,,Trailer,UNITED STATES (USA)
1D9104,15465,"DESIGN MOBILE SYSTEMS, INC",,Trailer,UNITED STATES (USA)
1D9108,17694,DAVE'S WELDING,,Trailer,UNITED STATES (USA)
1D9110,18317,DIAMOND T TRAILERS INC.,,Trailer,UNITED STATES (USA)
1D9111,17984,DIAMOND-K-MFG.,,Trailer,UNITED STATES (USA)
1D9114,2232,"DURNELL INDUSTRIES, CO.",,Trailer,UNITED STATES (USA)
1D9116,17705,DANIEL B. SHIRK WELDING SHOP,,Trailer,UNITED STATES (USA)
1D9120,16780,DAVE HANSON TRAILERS INC,,Trailer,UNITED STATES (USA)
1D9121,1805,DIAMOND D TRAILER MFG.,,Trailer,UNITED STATES (USA)
1D9124,5096,D & D MACHINE AND WELDING,,Trailer,UNITED STATES (USA)
1D9131,17821,DISCOUNT TRAILER MFG.,,Trailer,UNITED STATES (USA)
1D9134,17906,"DUTCHMEN MFG., INC.",,Trailer,UNITED STATES (USA)
1D9135,5551,"DOSKO INDUSTRIES, INCORPORATED",,Trailer,UNITED STATES (USA)
1D9141,16651,"DURALITE, INC",,Trailer,UNITED STATES (USA)
1D9142,17838,DAY'S STEEL & TRAILER BARN,,Trailer,UNITED STATES (USA)
1D9145,17729,DEMPSTER SYSTEMS WESTERN DIV.,,Trailer,UNITED STATES (USA)
1D9147,17292,DIAMOND Z TRAILER INC,,Trailer,UNITED STATES (USA)
1D9148,17842,DOLANS TRAILER MFG. LLC.,,Trailer,UNITED STATES (USA)
1D9150,6821,D & K TRAILERS INC.,,Trailer,UNITED STATES (USA)
1D9151,6912,LECTRUS CORPORATION,,Trailer,UNITED STATES (USA)
1D9152,18297,DAVIS' COUNTRYSIDE TRAILER WORLD,,Trailer,UNITED STATES (USA)
1D9154,17889,DOUGLAS TRUCK & EQUIPMENT,,Trailer,UNITED STATES (USA)
1D9155,13326,"DANDY DIGGER & SUPPLY, INC.",,Trailer,UNITED STATES (USA)
1D9162,18115,DEMUMBREUM WELDING SHOP,,Trailer,UNITED STATES (USA)
1D9163,17202,DELUXE BUMPER WORKS,,Trailer,UNITED STATES (USA)
1D9164,17272,DAILEY TRAILERS INC,,Trailer,UNITED STATES (USA)
1D9165,17321,DALE'S WELDING SALES,,Trailer,UNITED STATES (USA)
1D9172,17790,DUR-A-LIFT INC.,,Trailer,UNITED STATES (USA)
1D9178,18162,D&D TRAILERS,,Trailer,UNITED STATES (USA)
1D9183,12476,DAKOTA CORPORATION,,Trailer,UNITED STATES (USA)
1D9184,10273,UEC EQUIPMENT COMPANY,,Trailer,UNITED STATES (USA)
1D9188,18169,D T SUPPLY,,Trailer,UNITED STATES (USA)
1D9192,16657,DIAMOND H SALES,,Trailer,UNITED STATES (USA)
1D9193,16646,DICKSON INDUSTRIES INC,,Trailer,UNITED STATES (USA)
1D9197,16669,DIAMOND B TRAILERWORKS,,Trailer,UNITED STATES (USA)
1D9200,16758,DENTON TRAILER CO.,,Trailer,UNITED STATES (USA)
1D9203,16772,D & M TRAILERS,,Trailer,UNITED STATES (USA)
1D9208,11391,"DOONAN SPECIALIZED TRAILER, LLC",,Trailer,UNITED STATES (USA)
1D9209,13538,DATA MANUFACTURING INC.,,Trailer,UNITED STATES (USA)
1D9212,18185,"DARAL, INC.",,Trailer,UNITED STATES (USA)
1D9217,5404,DARTRON INDUSTRIES INC.,,Trailer,UNITED STATES (USA)
1D9224,17075,"JD HANDLING SYSTEMS, INC",,Trailer,UNITED STATES (USA)
1D9226,16693,DURANGO TRAILER MFG.,,Trailer,UNITED STATES (USA)
1D9227,5093,D&L TRAILERS,,Trailer,UNITED STATES (USA)
1D9231,17879,DIAMOND MACHINING INC.,,Trailer,UNITED STATES (USA)
1D9233,5398,"DANDY DUMP, INC.",,Trailer,UNITED STATES (USA)
1D9234,12852,DIRECT SALES,,Trailer,UNITED STATES (USA)
1D9235,23775,DIAMOND TRAILERS INC,,Trailer,
1D9243,16902,DOUGLAS MARINE CORPORATION,,Trailer,UNITED STATES (USA)
1D9246,13322,DOUBLE-S-WELDING,,Trailer,UNITED STATES (USA)
1D9250,17091,DOUBLE D TRAILER SALES,,Trailer,UNITED STATES (USA)
1D9251,13309,DAYTEC CENTER,,Motorcycle,UNITED STATES (USA)
1D9254,5551,"DOSKO INDUSTRIES, INCORPORATED",,Trailer,UNITED STATES (USA)
1D9255,5395,DAN'S REPAIR & MFG.,,Trailer,UNITED STATES (USA)
1D9259,17379,DODGER TRAILER MANUFACTURING,,Trailer,UNITED STATES (USA)
1D9260,17204,DOUGLAS TRAILERS INC SC,,Trailer,UNITED STATES (USA)
1D9261,13198,DAVES AUTO SALES,,Trailer,UNITED STATES (USA)
1D9268,4343,"DESSCO DIESEL ELECTRIC SERVICE & SUPPLY CO., INC.",,Trailer,UNITED STATES (USA)
1D9269,4696,DEBRA H MORGAN COMPANY,,Trailer,UNITED STATES (USA)
1D9276,8897,DI BLASI OF NORTH AMERICA,,Motorcycle,UNITED STATES (USA)
1D9277,16268,DEERSKIN MANUFACTURING INC.,,Trailer,UNITED STATES (USA)
1D9286,7755,"DAVIS TRAILER SALES, INC.",,Trailer,UNITED STATES (USA)
1D9302,9765,"VICTORY TRUCK BODY, INC.",,Trailer,UNITED STATES (USA)
1D9309,1877,"DIAMOND REO TRUCKS, INC.",,Truck,UNITED STATES (USA)
1D9310,1801,DIAMOND BOATS INC,,Trailer,UNITED STATES (USA)
1D9312,1822,DESIGN CONCEPTS,,Trailer,UNITED STATES (USA)
1D9313,13204,"DAVIDSON ENTERPRISES, INC.",,Trailer,UNITED STATES (USA)
1D9319,5695,DAVE'S WELDING SERVICE,,Trailer,UNITED STATES (USA)
1D9330,17027,D & S TRAILER SALES,,Trailer,UNITED STATES (USA)
1D9331,1746,DREAMLINE TRAILERS INC,,Trailer,UNITED STATES (USA)
1D9340,4768,DORCHEAT MANUFACTURING COMPANY,,Trailer,UNITED STATES (USA)
1D9341,6447,JEFF NICKLUS DESPERADO MOTORCYCLES LLC,,Motorcycle,UNITED STATES (USA)
1D9342,1786,JJS TRUCK EQUIPMENT LLC,,Trailer,UNITED STATES (USA)
1D9348,2245,DYNAMIC AIR SYSTEMS,,Trailer,UNITED STATES (USA)
1D9350,5402,"DARDON, INC",,Trailer,UNITED STATES (USA)
1D9351,17045,D & M PRODUCTS,,Trailer,UNITED STATES (USA)
1D9354,5400,DANIEL J. ESSENPREIS MFG.,,Trailer,UNITED STATES (USA)
1D9355,4780,"DAWSON INDUSTRIES, INC.",,Trailer,UNITED STATES (USA)
1D9356,1741,DRAKE TRAILERS,,Trailer,UNITED STATES (USA)
1D9358,2244,DYNAMAX CORPORATION,,Trailer,UNITED STATES (USA)
1D9359,4714,DELUXE WELDING INC.,,Trailer,UNITED STATES (USA)
1D9363,13365,DOUBLE D DISTRIBUTORS,,Trailer,UNITED STATES (USA)
1D9365,5108,D.J. TRAILERS AND WELDING,,Trailer,UNITED STATES (USA)
1D9368,8962,DEWALT UTILITY TRAILERS,,Trailer,UNITED STATES (USA)
1D9369,4341,"DIEDRICH DRILL, INC.",,Trailer,UNITED STATES (USA)
1D9371,17078,"DELAVAN INDUSTRIES, INC",,Trailer,UNITED STATES (USA)
1D9373,2236,"DUTCH PARK, INC.",,Trailer,UNITED STATES (USA)
1D9378,4689,DBAT TRAILER SALES & SERVICE,,Trailer,UNITED STATES (USA)
1D9379,5110,DABCO FABRICATION,,Trailer,UNITED STATES (USA)
1D9382,17097,"DIAMONDSTAR TRAILER INDUSTRIES, INC",,Trailer,UNITED STATES (USA)
1D9384,4914,"DUCKWORTH BOAT WORKS, INC.",,Trailer,UNITED STATES (USA)
1D9385,12081,"DIXIE HITCH, INC.",,Trailer,UNITED STATES (USA)
1D9386,1733,DOVER TRAILER & FAB.,,Trailer,UNITED STATES (USA)
1D9387,17073,DIAMONDBACK TRAILERS,,Trailer,UNITED STATES (USA)
1D9388,2081,DEMPSTER INDUSTRIES INC.,,Trailer,UNITED STATES (USA)
1D9389,2189,DIAMONDBACK TRAILER MANUFACTURE,,Trailer,UNITED STATES (USA)
1D9390,1783,"D & D SPEED & DECAL SHOP, INC.",,Trailer,UNITED STATES (USA)
1D9393,4919,"DUMAS WELDING, INC.",,Trailer,UNITED STATES (USA)
1D9396,2234,"DUTCH PARK HOMES, INC",,Trailer,UNITED STATES (USA)
1D9407,2162,DAIGLE TRAILERS,,Trailer,UNITED STATES (USA)
1D9412,4697,"DEBRIS SYSTEMS PLUS, LLC",,Trailer,UNITED STATES (USA)
1D9413,5390,"DAN DEA ENTERPRISES, INC.",,Trailer,UNITED STATES (USA)
1D9415,4336,"DICK'S WELDING, INC.",,Trailer,UNITED STATES (USA)
1D9424,13319,DOUBLE R TRAILERS,,Trailer,UNITED STATES (USA)
1D9425,1782,D & D SALES,,Trailer,UNITED STATES (USA)
1D9426,1782,D & D SALES,,Trailer,UNITED STATES (USA)
1D9427,5099,D&R METAL FAB. INC.,,Trailer,UNITED STATES (USA)
1D9430,1805,DIAMOND D TRAILER MFG.,,Trailer,UNITED STATES (USA)
1D9432,8959,"DAL-FAB & MACHINE, INC.",,Trailer,UNITED STATES (USA)
1D9434,12860,DIVERSIFIED SERVICE,,Trailer,UNITED STATES (USA)
1D9435,5092,"D & J FABRICATING, L.L.C.",,Trailer,UNITED STATES (USA)
1D9436,17132,DANCO TRAILER SALES,,Trailer,UNITED STATES (USA)
1D9437,5235,DRS CYCLE CORP.,,Motorcycle,UNITED STATES (USA)
1D9438,13308,DAYSTAR MOTORCYCLES OF AMERICA INC,,Motorcycle,UNITED STATES (USA)
1D9439,5399,DANIEL'S CERTIFIED  WELDING INC.,,Trailer,UNITED STATES (USA)
1D9440,5391,DAN GURNEY ALLIGATOR MOTORCYCLES INC,,Motorcycle,UNITED STATES (USA)
1D9441,15160,DURACO INC,,Trailer,UNITED STATES (USA)
1D9442,12870,DMC INC,,Trailer,UNITED STATES (USA)
1D9443,5536,DOMATEX INC,,Trailer,UNITED STATES (USA)
1D9444,4692,DEALER CHOICE LLC,,Trailer,UNITED STATES (USA)
1D9446,2238,DUVALL EQUIPMENT LLC,,Trailer,UNITED STATES (USA)
1D9448,15919,"TRIPLE CROWN TRAILERS GA, LLC",,Trailer,UNITED STATES (USA)
1D9450,8963,DINO'S MANUFACTURING,,Motorcycle,UNITED STATES (USA)
1D9451,13318,DOUBLE R TRAILER MFG,,Trailer,UNITED STATES (USA)
1D9454,17502,"DOUBLE D TRAILERS, INC.",,Trailer,UNITED STATES (USA)
1D9457,12869,DMC FIVE STAR TRAILERS,,Trailer,UNITED STATES (USA)
1D9461,5401,DANRON ENTERPRISES CUSTOM TRAILERS,,Trailer,UNITED STATES (USA)
1D9462,5100,D & S TRAILERS AND MANUFACTURING INC.,,Trailer,UNITED STATES (USA)
1D9463,5557,DOUBLE LJ MANUFACTURING,,Trailer,UNITED STATES (USA)
1D9464,13579,DIVERSIFIED  PRODUCTS LLC,,Trailer,UNITED STATES (USA)
1D9465,5392,DAN HUDON SALES INC,,Trailer,UNITED STATES (USA)
1D9466,8960,DAYTONA BEACH BIKE WORKS INC,,Motorcycle,UNITED STATES (USA)
1D9467,5403,DARNELL'S WELDING AND FABRICATION,,Trailer,UNITED STATES (USA)
1D9470,5538,DONALDSON FABRICATION,,Motorcycle,UNITED STATES (USA)
1D9472,1742,DRAKE TRUCK & TRAILER,,Trailer,UNITED STATES (USA)
1D9474,2082,DENAIR TRAILER MANUFACTURING LLC,,Trailer,UNITED STATES (USA)
1D9475,2247,DYNAMIC MANUFACTURING CORPORATION,,Trailer,UNITED STATES (USA)
1D9476,5113,DEMON MOTORCYCLE CO,,Motorcycle,UNITED STATES (USA)
1D9479,5240,DTM TRAILERS,,Trailer,UNITED STATES (USA)
1D9480,8971,DPJ MANUFACTURING INC. DBA JOHNSON MANUFACTURING,,Trailer,UNITED STATES (USA)
1D9481,13312,DB INDUSTRIES INC,,Trailer,UNITED STATES (USA)
1D9482,12866,DIXON TRAILERS & FABRICATION LLC,,Trailer,UNITED STATES (USA)
1D9485,4690,DBR SYSTEMS LLC,,Trailer,UNITED STATES (USA)
1D9486,11802,CANAJOHARIE CUSTOMS,,Trailer,UNITED STATES (USA)
1D9487,4779,DAVIS TRAILER WORLD LLC,,Trailer,UNITED STATES (USA)
1D9488,13311,"DAZON , INC.",,Motorcycle,UNITED STATES (USA)
1D9489,4705,DELAWARE AMERICAN MOTORS LLC,,Motorcycle,UNITED STATES (USA)
1D9490,12477,"DAKOTA LITEHOUSE, LLC",,Trailer,UNITED STATES (USA)
1D9493,5380,DAKOTA MOTORCYCLES U.S.A. INC,,Motorcycle,UNITED STATES (USA)
1D9495,6854,DYNATEST NORTH AMERICA,,Trailer,UNITED STATES (USA)
1D9498,7892,"DELTA WASECA MINI, LLC",,Trailer,UNITED STATES (USA)
1D9499,2186,"DIAMOND TRAILER MANUFACTURERS, INC.",,Trailer,UNITED STATES (USA)
1D9500,1780,D & D INDUSTRIES,,Trailer,UNITED STATES (USA)
1D9501,2187,"DIAMOND TRAILERS DBA PROFECTION METALWORKS, INC.",,Trailer,UNITED STATES (USA)
1D9503,4710,DELTA SCIENTIFIC CORPORATION,,Trailer,UNITED STATES (USA)
1D9513,9464,DOUBLE K CUSTOM TRAILERS,,Trailer,UNITED STATES (USA)
1D9514,9111,"DIAMOND HEAVY VEHICLE SOLUTIONS, LLC",,Truck,UNITED STATES (USA)
1D9515,17521,DAVE MORGAN TRAILERS,,Trailer,UNITED STATES (USA)
1D9518,11537,DAVE FINN MOTORCYCLES,,Motorcycle,UNITED STATES (USA)
1D9520,8972,DYNAMIC CHOPPER INC.,,Motorcycle,UNITED STATES (USA)
1D9523,10918,DRC TRAILER AND SPORT LLC,,Trailer,UNITED STATES (USA)
1D9526,11522,"DEATH ROW MOTORCYCLES, LLC",,Motorcycle,UNITED STATES (USA)
1D9528,11791,D&D METAL WORKS AND POWDER COATING,,Trailer,UNITED STATES (USA)
1D9530,9876,DARKSIDE CHOPPERS,,Motorcycle,UNITED STATES (USA)
1D9534,9872,"DYER'S DOCKING SYSTEMS, INC.",,Trailer,UNITED STATES (USA)
1D9537,17594,DISTINCT BUILDERS INC.,,Trailer,UNITED STATES (USA)
1D9538,9681,DETROIT TOOL INC. DBA ADVANCED FABRICATION,,Trailer,UNITED STATES (USA)
1D9539,1404,JMR MANUFACTURING LLC,,Trailer,UNITED STATES (USA)
1D9540,1393,DAUNTLESS MOTORS CORPORATION,,Trailer,UNITED STATES (USA)
1D9541,1405,D'S FIBERGLASS,,Trailer,UNITED STATES (USA)
1D9543,11465,DAKAN MOUNTAIN TEARDROP TRAILERS LLC,,Trailer,UNITED STATES (USA)
1D9545,10662,"D-LUX TRAILER SALES, INC.",,Trailer,UNITED STATES (USA)
1D9548,8637,"DETROIT BROTHERS, LLC DBA DETROIT BROS. CUSTOM CYC",,Motorcycle,UNITED STATES (USA)
1D9549,8709,"DELAWARE VALLEY CYCLE, INC.",,Motorcycle,UNITED STATES (USA)
1D9552,10642,DOMINION MOTORCYCLE COMPANY,,Motorcycle,UNITED STATES (USA)
1D9558,10438,"DRAGGIN CUSTOM CYCLES, LLC",,Motorcycle,UNITED STATES (USA)
1D9559,10422,"DD CUSTOM CYCLE, LLC",,Motorcycle,UNITED STATES (USA)
1D9560,1268,D&D TRAILERS LLC,,Trailer,UNITED STATES (USA)
1D9561,10637,"DENTONI'S WELDING WORKS, INC.",,Trailer,UNITED STATES (USA)
1D9564,9522,DARK DAYZ CHOPPERS,,Motorcycle,UNITED STATES (USA)
1D9567,5861,DESERT TOYS R.V. LLC,,Trailer,UNITED STATES (USA)
1D9568,9833,"DEVIANT DESIGN, INC.",,Motorcycle,UNITED STATES (USA)
1D9571,12872,DNA SPECIALTY INC.,,Motorcycle,UNITED STATES (USA)
1D9573,10011,DIRT-A-HOLIC TRAILERS,,Trailer,UNITED STATES (USA)
1D9574,1240,D & M MARKETING INC.,,Trailer,UNITED STATES (USA)
1D9575,1242,D & N TRAILERS,,Trailer,UNITED STATES (USA)
1D9578,9832,"DAREDEVIL CHOPPERS, INC.",,Motorcycle,UNITED STATES (USA)
1D9579,1272,"DAIGLE BROTHERS, INC.",,Trailer,UNITED STATES (USA)
1D9582,9193,DUFFER'S MANUFACTURING,,Trailer,UNITED STATES (USA)
1D9583,10486,DEMON'S CYCLE SOUTH INC.,,Motorcycle,UNITED STATES (USA)
1D9585,10022,DIXIE WELDING LLC,,Trailer,UNITED STATES (USA)
1D9586,11332,DESIGN WORX,,Motorcycle,UNITED STATES (USA)
1D9587,10055,DREWES ENGINEERING,,Low Speed Vehicle (LSV),UNITED STATES (USA)
1D9588,11832,DOWN LOW CUSTOMS,,Motorcycle,UNITED STATES (USA)
1D9589,10215,DURBIN'S CUSTOM WELD & DESIGN,,Trailer,UNITED STATES (USA)
1D9590,10956,DEEP SOUTH CHOPPERS,,Motorcycle,UNITED STATES (USA)
1D9591,7337,"DV MANUFACTURING, INC.",,Trailer,UNITED STATES (USA)
1D9592,11124,"DYMAC INTERNATIONAL, INC.",,Low Speed Vehicle (LSV),UNITED STATES (USA)
1D9593,10218,DUSOLD CUSTOM CYCLES,,Motorcycle,UNITED STATES (USA)
1D9594,9144,DIAMONDBACK CHOPPERS LLC,,Motorcycle,UNITED STATES (USA)
1D9595,9730,DARKSIDE CHARIOTS INC.,,Motorcycle,UNITED STATES (USA)
1D9596,8918,"DISASTER POWER & EQUIPMENT, LLC",,Trailer,UNITED STATES (USA)
1D9597,1300,DARWIN MOTORCYCLE LLC,,Motorcycle,UNITED STATES (USA)
1D9598,11162,DESERT SUN MOTOR SPORTS INC.,,Motorcycle,UNITED STATES (USA)
1D9599,11169,DLC POWER DIESEL CORP.,,Trailer,UNITED STATES (USA)
1D9600,1274,DAKOTA MOTORCYCLE CO.,,Motorcycle,UNITED STATES (USA)
1D9601,11334,"BOUMANS & ASSOCIATES, INC.",,Trailer,UNITED STATES (USA)
1D9602,10319,DESERT THUNDER CUSTOMS,,Motorcycle,UNITED STATES (USA)
1D9603,11342,DEVIL DAWG CUSTOM CYCLES,,Motorcycle,UNITED STATES (USA)
1D9605,1271,D.R.T,,Trailer,UNITED STATES (USA)
1D9607,11376,"DIAMOND E MANUFACTURING, LLC",,Trailer,UNITED STATES (USA)
1D9609,11391,"DOONAN SPECIALIZED TRAILER, LLC",,Trailer,UNITED STATES (USA)
1D9610,11561,DEANO MOTORCYCLE COMPANY,,Motorcycle,UNITED STATES (USA)
1D9611,10969,"DIABLO PERFORMANCE, LLC",,Motorcycle,UNITED STATES (USA)
1D9612,4277,"DREWS IRONWORKS, INC.",,Trailer,UNITED STATES (USA)
1D9614,9283,"DON JOHNSON SALES, INC.",,Trailer,UNITED STATES (USA)
1D9615,8690,DEL MAR TRAILERS LLC,,Trailer,UNITED STATES (USA)
1D9616,1238,D&B CYCLE PARTS & ACCESSORIES INC.,,Motorcycle,UNITED STATES (USA)
1D9619,9103,"DURALITE TRAILERS, LLC",,Trailer,UNITED STATES (USA)
1D9625,10320,DRAGONTAIL TRAILERS,,Trailer,UNITED STATES (USA)
1D9627,10753,"DRIVING AMBITIONS, INC.",,Trailer,UNITED STATES (USA)
1D9628,1347,"DYMAC VEHICLE GROUP, INC.",,Low Speed Vehicle (LSV),UNITED STATES (USA)
1D9633,8991,DEMENTED CYCLES,,Motorcycle,UNITED STATES (USA)
1D9636,11414,DENBESTE MANUFACTURING INC.,,Trailer,UNITED STATES (USA)
1D9637,11406,DELTA OILFIELD TANK CO. LLC,,Trailer,UNITED STATES (USA)
1D9638,7731,DOZ N GO,,Trailer,UNITED STATES (USA)
1D9639,1678,"DURALAST COMPANIES, INC.",,Trailer,UNITED STATES (USA)
1D9640,8951,DHS SYSTEMS LLC,,Trailer,UNITED STATES (USA)
1D9643,9129,DG FABRICATION INC.,,Trailer,UNITED STATES (USA)
1D9644,4702,DEJANA TRUCK AND UTILITY EQUIPMENT COMPANY LLC,,Trailer,UNITED STATES (USA)
1D9645,8477,DIAMOND CUT CARRIERS,,Trailer,UNITED STATES (USA)
1D9646,9359,"DUKANE PRECAST, INC.",,Trailer,UNITED STATES (USA)
1D9648,1276,DALLAS SMITH CORPORATION,,Incomplete Vehicle,UNITED STATES (USA)
1D9651,9314,DM MACHINE,,Motorcycle,UNITED STATES (USA)
1D9652,1241,D & M TRAILERS LLC,,Trailer,UNITED STATES (USA)
1D9653,6214,DONHAM'S MOBILE SERVICE,,Trailer,UNITED STATES (USA)
1D9654,6661,DREAM RIDGE DEVELOPMENT CORPORATION,,Trailer,UNITED STATES (USA)
1D9655,6661,DREAM RIDGE DEVELOPMENT CORPORATION,,Trailer,UNITED STATES (USA)
1D9657,6870,DP MANUFACTURING LLC,,Motorcycle,UNITED STATES (USA)
1D9660,1239,D & D TRAILERS & EQUIPMENT,,Trailer,UNITED STATES (USA)
1D9661,7719,"DRAGON ESP, LTD",,Trailer,UNITED STATES (USA)
1D9662,1595,"DREAM COACH TRAILERS, LLC",,Trailer,UNITED STATES (USA)
1D9663,6723,"DAN'S GOLF CAR AND TRAILER SALES, LLC",,Low Speed Vehicle (LSV),UNITED STATES (USA)
1D9664,6653,"DRILLERS MUD SYSTEMS, LLC",,Trailer,UNITED STATES (USA)
1D9665,6478,"DESIGNLINE USA, LLC",,Bus,UNITED STATES (USA)
1D9667,7043,DETROIT CUSTOM CHASSIS,,Incomplete Vehicle,UNITED STATES (USA)
1D9668,1269,"D.G.C. TRAILER SALES, LLC",,Trailer,UNITED STATES (USA)
1D9669,7055,"DESIGN CONCEPTS MANUFACTURING, INC.",,Trailer,UNITED STATES (USA)
1D9670,7053,DETECT INC.,,Trailer,UNITED STATES (USA)
1D9672,7456,DANKO EMERGENCY EQUIPMENT,,Trailer,UNITED STATES (USA)
1D9674,6616,"DUCWORLD, INC.",,Motorcycle,UNITED STATES (USA)
1D9675,1245,D & D REPAIR AND FABRICATION,,Trailer,UNITED STATES (USA)
1D9677,1470,DAVIS METAL WORKS,,Trailer,UNITED STATES (USA)
1D9678,1466,DUESWAY INC.,,Trailer,UNITED STATES (USA)
1D9679,6715,"DEPUY'S CUSTOM CYCLES, INC.",,Motorcycle,UNITED STATES (USA)
1D9680,12191,"DTP MUSCLE, LLC",,Motorcycle,UNITED STATES (USA)
1D9684,15954,DYMAX INC.,,Trailer,UNITED STATES (USA)
1D9686,1696,DRAGONWING CUSTOM BUILDS,,Motorcycle,UNITED STATES (USA)
1D9687,16301,HOMETOWN MANUFACTURING INC.,,Bus,
1D9688,1717,DOUGLAS HOLDING LLC DBA SIDUMP'R TRAILER,,Trailer,UNITED STATES (USA)
1D9689,7074,DANCO PRODUCTS INC,,Trailer,UNITED STATES (USA)
1D9692,7091,DLW PAYLESS TRANSMISSIONS LLC,,Motorcycle,UNITED STATES (USA)
1D9693,7852,DREAM DESIGN AND FABRICATION,,Trailer,UNITED STATES (USA)
1D9702,7430,"DENNIS BOGGS WELDING WORKS, INC.",,Trailer,UNITED STATES (USA)
1D9705,7773,"DMI (D.M.I) PIPE FABRICATION, LLC",,Trailer,UNITED STATES (USA)
1D9707,6314,DARK WARRIOR MOTORCYCLE CORP,,Motorcycle,UNITED STATES (USA)
1D9711,6072,"DEUS EX MACHINA MOTORCYCLES USA, INC.",,Motorcycle,UNITED STATES (USA)
1D9714,11976,DC WELD INC.,,Trailer,UNITED STATES (USA)
1D9715,11981,"DIAMOND B MANUFACTURING, LLC",,Trailer,UNITED STATES (USA)
1D9716,7972,"DONNERITE INCORPORATED DBA DONNERITE INC., 2DM AND IST",,Trailer,UNITED STATES (USA)
1D9717,7965,"DONS TRUCK SALES, INC.",,Trailer,UNITED STATES (USA)
1D9718,6260,"DIAMONDBACK TRAILERS, LLC",,Trailer,UNITED STATES (USA)
1D9720,1629,DUB BOX USA,,Trailer,UNITED STATES (USA)
1D9721,12100,DYNAMITE MANUFACTURING,,Trailer,UNITED STATES (USA)
1D9724,7983,"DEFIANCE BOATS, LLC",,Trailer,UNITED STATES (USA)
1D9727,1620,DEADEYE WELDING AND FABRICATION,,Trailer,UNITED STATES (USA)
1D9728,12231,"DESCO MFG., INC.",,Trailer,UNITED STATES (USA)
1D9731,1244,MARKET DIRECT CAMPERS/MDC,,Trailer,UNITED STATES (USA)
1D9736,1641,"DYAL'S WELDING, INC",,Trailer,UNITED STATES (USA)
1D9737,1634,DYNES ENTERPRISES LLC,,Trailer,UNITED STATES (USA)
1D9738,13351,DYNACORN CLASSIC BODIES INC. DBA HERITAGE MOTOR CAR,,Passenger Car,UNITED STATES (USA)
1D9739,7391,"DAST, LLC",,Trailer,UNITED STATES (USA)
1D9741,7355,DYNA SALES & SERVICE LLC,,Trailer,UNITED STATES (USA)
1D9746,6751,DAVIS INDUSTRIES LLC,,Trailer,UNITED STATES (USA)
1D9748,7629,DRAGON TRIKES,,Motorcycle,UNITED STATES (USA)
1D9749,7631,DEMLER ENTERPRISES LLC,,Trailer,UNITED STATES (USA)
1D9750,7809,"FRITEL AND ASSOCIATES, LLC",,Trailer,UNITED STATES (USA)
1D9753,19486,LOHR NORTH AMERICA,,Trailer,UNITED STATES (USA)
1D9755,6802,"DYNAMIC TRAILERS, LLC",,Trailer,UNITED STATES (USA)
1D9756,11836,"DNM TEARDROP TRAILERS, LLC",,Trailer,UNITED STATES (USA)
1D9757,6807,"DMP AWNINGS, LLC",,Trailer,UNITED STATES (USA)
1D9765,13708,DOMINIGHT LLC,,Trailer,UNITED STATES (USA)
1D9770,13729,"DAVIS VILLAGE SOLUTIONS, LLC",,Trailer,UNITED STATES (USA)
1D9772,13817,DP CONINGPLANT USA CORP.,,Trailer,UNITED STATES (USA)
1D9774,14793,DIAMOND K CORPORATION,,Trailer,UNITED STATES (USA)
1D9775,15128,DAKOTA TRAILERS,,Trailer,UNITED STATES (USA)
1D9776,15150,"DBT DESIGNS, LLC.",,Trailer,UNITED STATES (USA)
1D9778,13602,"DELIVERY CONCEPTS, INC.",,Trailer,UNITED STATES (USA)
1D9780,15178,DANIEL LOHR,,Trailer,UNITED STATES (USA)
1D9783,15633,"DUGAN/STONE TRAILER CO. , LLC",,Trailer,UNITED STATES (USA)
1D9784,15654,DRIVEN FAB LLC,,Trailer,UNITED STATES (USA)
1D9788,15704,DEBNAMS USED CARS,,Low Speed Vehicle (LSV),UNITED STATES (USA)
1D9789,15822,DAKOTA AIRBOATS INC.,,Trailer,UNITED STATES (USA)
1D9791,16070,"DENNIS EAGLE, INC.",,Truck,UNITED STATES (USA)
1D9792,16389,WINDROCK TRAILERS INC,,Trailer,UNITED STATES (USA)
1D9794,16350,"DIAMOND COMPONENTS, INC.",,Trailer,UNITED STATES (USA)
1D9796,16144,DOOLEY TACKABERRY INC.,,Trailer,UNITED STATES (USA)
1D9797,16603,"DENNEY BROTHERS FABRICATION, LLC",,Trailer,UNITED STATES (USA)
1D9799,17459,DYNA HAULER LLC,,Trailer,UNITED STATES (USA)
1D9800,17254,DARRELLS WELDING INC,,Trailer,UNITED STATES (USA)
1D9802,16539,"DKOI, INC.",,Trailer,UNITED STATES (USA)
1D9803,17469,D AND A CUSTOM,,Trailer,UNITED STATES (USA)
1D9810,17181,DENARDIS MOTOCROSS FACTORY,,Motorcycle,UNITED STATES (USA)
1D9811,17415,DECATUR GOLF CARS LLC,,Low Speed Vehicle (LSV),UNITED STATES (USA)
1D9812,18347,DRAGSTER SUPPLY,,Trailer,UNITED STATES (USA)
1D9813,17452,DENARDIS MOTOR FACTORY,,Trailer,UNITED STATES (USA)
1D9814,17545,DURABULL TRAILERS LLC,,Trailer,UNITED STATES (USA)
1D9815,17605,DANIEL MFG INC.,,Trailer,UNITED STATES (USA)
1D9816,17617,DUWA’S QUALITY WALLS INC.,,Trailer,UNITED STATES (USA)
1D9817,17647,DERSTINE TRAILERWORKS LLC,,Trailer,UNITED STATES (USA)
1D9818,17945,DISLER TRAILER LLC,,Trailer,UNITED STATES (USA)
1D9819,17998,DYRENG FARMS & DAIRY LLC,,Trailer,UNITED STATES (USA)
1D9820,19044,DISTINCTIVE SERVICE INC.,,Bus,UNITED STATES (USA)
1D9823,18574,"DOSE STEELWORKS, INC.",,Trailer,UNITED STATES (USA)
1D9824,18564,"DRIVEN INNOVATIONS, LLC",,Trailer,UNITED STATES (USA)
1D9825,18591,DUFFIELD MARINE INC.,,Trailer,UNITED STATES (USA)
1D9827,19908,D AND K ENGINEERING INC,,Trailer,UNITED STATES (USA)
1D9832,18881,"DOS HERMANOS USA, INC.",,Trailer,UNITED STATES (USA)
1D9833,20056,DYNAMIC CARTS CORPORATION,,Low Speed Vehicle (LSV),UNITED STATES (USA)
1D9836,19015,DRIFTER TRAILERS,,Trailer,UNITED STATES (USA)
1D9837,19019,DAC TECHNOLOGIES,,Trailer,UNITED STATES (USA)
1D9838,19038,D AND D TRADING LLC,,Low Speed Vehicle (LSV),UNITED STATES (USA)
1D9839,19014,"DUNRAVEN CAMPERS, LLC",,Trailer,UNITED STATES (USA)
1D9840,19376,"DMI CONTRACTORS, INC.",,Trailer,UNITED STATES (USA)
1D9841,19316,DEEP CREEK CARTS,,Low Speed Vehicle (LSV),UNITED STATES (USA)
1D9843,19926,DRIFTWOOD BOATS LLC,,Trailer,UNITED STATES (USA)
1D9844,19542,DIGITAL DEFENSE SURVEILLANCE LLC,,Trailer,UNITED STATES (USA)
1D9845,19609,DISCOUNT GOLF CARTS & PARTS LLC,,Low Speed Vehicle (LSV),UNITED STATES (USA)
1D9846,19701,"DOUGLAS TRAILERS, INC.",,Trailer,UNITED STATES (USA)
1D9847,19764,DRE CUSTOM TRAILERS LLC,,Trailer,UNITED STATES (USA)
1D9848,21139,D SQUARED,,Trailer,UNITED STATES (USA)
1D9850,20093,"DC TRAILER, INC",,Trailer,UNITED STATES (USA)
1D9851,20105,D MASTER TRAILER REPAIR LLC,,Trailer,UNITED STATES (USA)
1D9854,20163,DART TRANSPORTATION LLC,,Low Speed Vehicle (LSV),UNITED STATES (USA)
1D9855,20188,DARYL THOMPSON DBA ROCKY MOUNTAIN CHALET,,Trailer,UNITED STATES (USA)
1D9856,20192,"DAPCO, INC.",,Trailer,UNITED STATES (USA)
1D9859,20308,DA UNDERGROUND,,Trailer,UNITED STATES (USA)
1D9863,20884,D&S EQUIPMENT,,Trailer,UNITED STATES (USA)
1D9864,20381,DEAN TEAM BRENTWOOD INC.,,Low Speed Vehicle (LSV),UNITED STATES (USA)
1D9865,22338,DISCOUNT MFG CORP,,Trailer,
1D9867,20452,DMC WELDING AND REPAIR LLC,,Trailer,UNITED STATES (USA)
1D9868,20496,DAV.CO LLC,,Trailer,UNITED STATES (USA)
1D9870,25107,DNJ TRAILERS LLC,,Trailer,UNITED STATES (USA)
1D9871,20566,DVELE OMEGA CORPORATION,,Trailer,UNITED STATES (USA)
1D9874,20652,DUSK TIL DAWN OUTFITTERS LLC,,Trailer,UNITED STATES (USA)
1D9875,20661,DEEP SOUTH SMOKERS,,Trailer,UNITED STATES (USA)
1D9877,20724,DOUBLE H TRAILERS LLC,,Trailer,UNITED STATES (USA)
1D9878,20831,D&A WELDING AND FABRICATION,,Trailer,UNITED STATES (USA)
1D9879,20965,DK WELDING AND REPAIR LLC,,Trailer,UNITED STATES (USA)
1D9880,20919,DOBSON TURF MANAGEMENT LLC,,Low Speed Vehicle (LSV),UNITED STATES (USA)
1D9882,21002,DISPENSING TECHNOLOGY CORPORATION,,Trailer,UNITED STATES (USA)
1D9884,21007,DESIGN SOLUTION CONCESSION INC,,Trailer,UNITED STATES (USA)
1D9886,22028,DEEP VEE MANUFACTURING INC. DBA BOULTON BUILT,,Trailer,UNITED STATES (USA)
1D9887,21287,BLUFF CITY FABRICATORS LLC,,Trailer,
1D9888,21358,"DRAGONFLY THREE WHEELER, LLC",,Motorcycle,
1D9889,21338,DAB MOTORS,,Motorcycle,
1D9892,21427,DOVE WELDING & FABRICATION,,Trailer,UNITED STATES (USA)
1D9894,21654,DURABUILT HOMES LLC,,Trailer,UNITED STATES (USA)
1D9896,21674,DG MARSHALL ASSOCIATES,,Trailer,
1D9897,21685,DYNAMIC DRIVES & DESIGN,,Low Speed Vehicle (LSV),UNITED STATES (USA)
1D9898,21684,DOBYS KUSTOM KARTS,,Low Speed Vehicle (LSV),UNITED STATES (USA)
1D9899,2223,DUN-RITE MANUFACTURING LLC,,Trailer,UNITED STATES (USA)
1D9900,22563,DY CONCRETE PUMPS INC.,,Trailer,
1D9901,21934,DAMON MOTORS CORPORATION,,Motorcycle,UNITED STATES (USA)
1D9902,22023,DISCOVERY DESIGN TRUCK BODY AND EQUIPMENT INC.,,Trailer,
1D9903,22031,DRAGON TINY HOMES,,Trailer,
1D9904,22126,DRAPERBILT LLC,,Trailer,UNITED STATES (USA)
1D9905,22106,DISCOUNT TRAILERS USA LLC,,Trailer,
1D9906,22146,DUNN RITE FABRICATION LLC,,Trailer,UNITED STATES (USA)
1D9908,22393,DR FOOD TRUCKS LLC,,Trailer,UNITED STATES (USA)
1D9909,22450,DEAD ON FAB,,Trailer,
1D9910,22491,DIME LLC,,Trailer,UNITED STATES (USA)
1D9911,22792,DAKOTA CABINS OF TEXAS,,Trailer,UNITED STATES (USA)
1D9912,22557,DOUBLE D SERVICES INC,,Trailer,UNITED STATES (USA)
1D9913,22660,DROP 2 LOAD LLC,,Trailer,UNITED STATES (USA)
1D9918,22566,"DECATUR ELECTRONICS, LLC",,Trailer,
1D9919,22754,DAVIS INDUSTRIAL GROUP LLC,,Trailer,UNITED STATES (USA)
1D9922,23059,DESERT STAR MANUFACTURING INC,,Trailer,
1D9924,23074,"DISCOUNT DUMPSTERS, LLC",,Trailer,
1D9925,23073,DAKOTA EQUIPMENT MANUFACTURING INC,,Trailer,
1D9926,23128,DARK HORSE EXPERIENTIAL LLC,,Trailer,
1D9927,25092,DIAMOND ECO SOLUTIONS LLC,,Trailer,UNITED STATES (USA)
1D9929,23772,DTH INT GROUP LLC,,Motorcycle,
1D9932,23980,DUKE'S TRUCKS & MORE,,Trailer,
1D9935,24990,"DEECO TRAILERS, LLC",,Trailer,UNITED STATES (USA)
1D9936,23629,DAVIS MANUFACTURING LLC,,Trailer,UNITED STATES (USA)
1D9937,23638,"DAKOTA METAL SOLUTIONS, LLC",,Trailer,UNITED STATES (USA)
1D9938,23660,D&D MACHINE & HYDRAULICS INC.,,Trailer,
1D9939,23682,D&B FABRICATORS,,Trailer,UNITED STATES (USA)
1D9943,24007,DORADO MOTORS INC.,,Motorcycle,
1D9945,24067,DON KEYDIK SERVICES LLC,,Trailer,UNITED STATES (USA)
1D9947,24061,DSM TRAILERS LLC,,Trailer,
1D9948,24291,EQ OUTDOORS,,Trailer,
1D9949,24195,DOPPLERTECH INC.,,Trailer,
1D9950,24169,"DESERT CUSTOM TRAILERS, LLC",,Trailer,
1D9951,24400,DURA TRAILERS LLC,,Trailer,
1D9952,24505,DREAM PROJECTS BUILDERS LLC,,Trailer,
1D9953,24376,DAKOTA FLUID POWER,,Trailer,UNITED STATES (USA)
1D9954,24272,DENTON EQUIPMENT LLC,,Trailer,UNITED STATES (USA)
1D9960,25313,"DEER VALLEY HOMEBUILDERS, INC.",,Trailer,
1D9961,25442,"DELUXE TRAILERS, LLC",,Trailer,UNITED STATES (USA)
1D9962,25437,DELHI 15 CONCESSION TRAILER INC,,Trailer,UNITED STATES (USA)
1D9966,25552,"DOMINATOR FABRICATION, LLC",,Trailer,
1D9967,25598,D ELEMENT GROUP LLC,,Low Speed Vehicle (LSV),UNITED STATES (USA)
1D9968,25598,D ELEMENT GROUP LLC,,Motorcycle,UNITED STATES (USA)
1D9971,25878,DEANS TRAILERS LLC,,Trailer,
1D9ADA,12646,HIDE-A-WAY,,Trailer,UNITED STATES (USA)
1DA,1273,"TRAIL-EZE, INC",DAKOTA MANUFACTURING CO. / TRAIL-EZE,Trailer,UNITED STATES (USA)
1DD,15477,"DRYDOCK  TRAILERS, INC",DRYDOCK,Trailer,UNITED STATES (USA)
1DG,19734,"DOOLITTLE TRAILER MFG., INC.","DOOLITTLE, FOXTRAIL",Trailer,UNITED STATES (USA)
1DP,15277,"NORTRAIL PRODUCTS CO., INC",NORTRAIL,Trailer,UNITED STATES (USA)
1DR,17089,KING OF THE ROAD DIVISION,KING OF THE ROAD,Trailer,UNITED STATES (USA)
1DS,12855,CHARLES MACHINE WORKS,DITCH WITCH,Trailer,UNITED STATES (USA)
1DV,2353,KIEFER BUILT INC.,KIEFER-BUILT,Trailer,UNITED STATES (USA)
1DW,13506,"STOUGHTON TRAILERS, LLC",STOUGHTON TRAILERS,Trailer,UNITED STATES (USA)
1DY,18319,"GLASSTREAM TRAILERS, INC.","GLASSSTREAM TRAILERS, INC.",Trailer,UNITED STATES (USA)
1E1,5338,EAST MANUFACTURING CORP.,EAST MANUFACTURING CORP.,Trailer,UNITED STATES (USA)
1E3,994,FCA US LLC,EAGLE,Passenger Car,UNITED STATES (USA)
1E9003,3958,"ELLIOTT MACHINE WORKS, INC.",,Trailer,UNITED STATES (USA)
1E9007,12434,E.D. ETNYRE & CO,,Trailer,UNITED STATES (USA)
1E9012,17752,"EXCEL TRAILER CO., INC.",,Trailer,UNITED STATES (USA)
1E9013,3960,ELLIS & WATTS,,Trailer,UNITED STATES (USA)
1E9014,3960,ELLIS & WATTS,,Incomplete Vehicle,UNITED STATES (USA)
1E9037,15481,"EASLEY TRAILER SERVICE, INC",,Trailer,UNITED STATES (USA)
1E9038,16132,ELLIS TRAILERS,,Trailer,UNITED STATES (USA)
1E9039,2154,ENERGY FABRICATION INC.,,Trailer,UNITED STATES (USA)
1E9040,15469,EAGLE TRAILER,,Trailer,UNITED STATES (USA)
1E9043,9216,XPLORER ENTERPRISES OF CONSTANTINE,,Trailer,UNITED STATES (USA)
1E9046,4600,"ECONOLINE TRAILERS, INC.",,Trailer,UNITED STATES (USA)
1E9048,18103,EMERSON ELECTRIC CO,,Trailer,UNITED STATES (USA)
1E9052,17675,EG & G MOUNT SOPRIS INSTUMENTS,,Trailer,UNITED STATES (USA)
1E9057,16968,EAGLE CAR CARRIERS REPAIR & MFG,,Trailer,UNITED STATES (USA)
1E9058,12779,"EASY TIME TRAILERS, INC.",,Trailer,UNITED STATES (USA)
1E9064,12997,"EXPRESS WELDING, INC. (FORMERLY EXPRESS WELDING, EXPRESS WELDING CO.)",,Trailer,UNITED STATES (USA)
1E9069,15491,ELITE TRAILERS,,Trailer,UNITED STATES (USA)
1E9071,15482,"EAST/WEST, INC",,Trailer,UNITED STATES (USA)
1E9073,15485,EDDIE'S WELDING SHOP,,Trailer,UNITED STATES (USA)
1E9095,18108,ELMAT INC.,,Trailer,UNITED STATES (USA)
1E9097,18307,"ECLIPSE TRAILERS, INC.",,Trailer,UNITED STATES (USA)
1E9101,15948,EXECUCOACH INC,,Multipurpose Passenger Vehicle (MPV),UNITED STATES (USA)
1E9104,4904,ELECTRIC CAR COMPANY,,Passenger Car,UNITED STATES (USA)
1E9105,4240,ELGIN SWEEPER COMPANY,,Truck,UNITED STATES (USA)
1E9111,12434,E.D. ETNYRE & CO,,Trailer,UNITED STATES (USA)
1E9113,18122,EQUI-LITE HORSE TRAILERS,,Trailer,UNITED STATES (USA)
1E9119,17896,ED-KA MFG. INC.,,Trailer,UNITED STATES (USA)
1E9123,12539,"ERSKINE & SON'S , INC",,Trailer,UNITED STATES (USA)
1E9124,9119,ELKIN HI-TECH,,Trailer,UNITED STATES (USA)
1E9127,2158,ENGLE FABRICATION INC.,,Trailer,UNITED STATES (USA)
1E9130,2249,E & L TRAILERS,,Trailer,UNITED STATES (USA)
1E9133,13362,"EAGLE TRAILER SALES, INC",,Trailer,UNITED STATES (USA)
1E9136,16688,OGAWA ENTERPRISE,,Trailer,UNITED STATES (USA)
1E9140,16682,"EL-SAN, INC",,Trailer,UNITED STATES (USA)
1E9141,16691,EAST KENTUCKY TRAILERS MFG. CO,,Trailer,UNITED STATES (USA)
1E9143,13267,EL PASO TRAILERS,,Trailer,UNITED STATES (USA)
1E9149,12813,"ETHER ENTERPRISES, INC.",,Trailer,UNITED STATES (USA)
1E9151,16846,"ELITE TRAILERS, INC",,Trailer,UNITED STATES (USA)
1E9152,16801,EARTHWORM INC,,Trailer,UNITED STATES (USA)
1E9155,13247,ECSTASY TRIKES INC,,Motorcycle,UNITED STATES (USA)
1E9156,16920,EAGLE AUTOMATED METHODS,,Motorcycle,UNITED STATES (USA)
1E9157,13246,ECSTASY INC.,,Motorcycle,UNITED STATES (USA)
1E9161,16903,EASTERN WHOLESALE DISTRIBUTORS,,Trailer,UNITED STATES (USA)
1E9164,16912,"EZ-HAUL, INC",,Trailer,UNITED STATES (USA)
1E9166,17094,EAGLE GENERAL CONTRACTORS INC,,Trailer,UNITED STATES (USA)
1E9168,2152,EN PRO ENGINEERING PRODUCTS,,Trailer,UNITED STATES (USA)
1E9169,12676,E-Z PULL INC,,Trailer,UNITED STATES (USA)
1E9170,12428,E-Z-TOW FABRICATIONS,,Trailer,UNITED STATES (USA)
1E9174,13257,"EDGE MANUFACTURING, INC.",,Trailer,UNITED STATES (USA)
1E9179,8977,EAST PRAIRIE FABRICATION,,Trailer,UNITED STATES (USA)
1E9181,5329,EAGLE IRON METAL WORKS,,Trailer,UNITED STATES (USA)
1E9185,17082,"EVERLITE, INC",,Trailer,UNITED STATES (USA)
1E9188,18027,EQUIPMENT MAINTENANCE & REPAIR SERVICE,,Trailer,UNITED STATES (USA)
1E9190,12814,ETI ELECTRIC TRANSIT INC,,Bus,UNITED STATES (USA)
1E9191,18028,E.C. WOODS,,Trailer,UNITED STATES (USA)
1E9195,13357,ENTECH INDUSTRIES,,Trailer,UNITED STATES (USA)
1E9196,8975,EARTH TOOL CO LLC,,Trailer,UNITED STATES (USA)
1E9197,10342,ENVIRON PRODUCTS INC,,Trailer,UNITED STATES (USA)
1E9200,17400,ED'S MACHINE & REPAIR,,Trailer,UNITED STATES (USA)
1E9207,8978,"EASTERN SHORE TRAILER, INC.",,Trailer,UNITED STATES (USA)
1E9209,6106,"EMI TECHNOLOGIES, INC.",,Trailer,UNITED STATES (USA)
1E9214,13250,"EDDIE INC,",,Trailer,UNITED STATES (USA)
1E9217,12775,"EASTERN, INC.",,Trailer,UNITED STATES (USA)
1E9222,12545,ESCOBAR TRUCK EQUIPMENT CORP.,,Trailer,UNITED STATES (USA)
1E9224,5505,ECONOBOY CORPORATION,,Trailer,UNITED STATES (USA)
1E9227,5446,EASTERN METAL WORKS,,Trailer,UNITED STATES (USA)
1E9229,10244,"ENVIRONMENTAL SERVICE PRODUCTS MFG., INC.",,Trailer,UNITED STATES (USA)
1E9230,4244,"ELITE TRAILERS, INC.",,Trailer,UNITED STATES (USA)
1E9231,2156,ENERGY SYSTEMS,,Trailer,UNITED STATES (USA)
1E9232,3961,"ELLIS INDUSTRIES, INCORPORTED",,Trailer,UNITED STATES (USA)
1E9233,8976,"EAST COAST RACE CARS, INC.",,Trailer,UNITED STATES (USA)
1E9235,17070,"EXOLON SYSTEMS, INC.",,Trailer,UNITED STATES (USA)
1E9237,5091,"EQUIPMENT INNOVATORS, INC.",,Trailer,UNITED STATES (USA)
1E9241,13257,"EDGE MANUFACTURING, INC.",,Trailer,UNITED STATES (USA)
1E9242,12532,"EQUIQUEST HORSE TRAILERS, INC.",,Trailer,UNITED STATES (USA)
1E9252,3967,"EMERSON TRAILERS, INC.",,Trailer,UNITED STATES (USA)
1E9253,12539,"ERSKINE & SON'S , INC",,Trailer,UNITED STATES (USA)
1E9254,12429,"E. BERGMAN COMPANY, INC.",,Trailer,UNITED STATES (USA)
1E9256,5649,"BEYOND EXTREME, LLC DBA EXTREME CYCLE WORKS",,Motorcycle,UNITED STATES (USA)
1E9258,4245,"ELITE TRAILERS, INCORPORATED",,Trailer,UNITED STATES (USA)
1E9260,5447,EASTERN TRAILER SALES,,Trailer,UNITED STATES (USA)
1E9265,12437,E.T. SERVICES,,Trailer,UNITED STATES (USA)
1E9267,5496,"EATON DRILLING CO., INC. DBA EATON FABRICATION CO.",,Trailer,UNITED STATES (USA)
1E9268,2716,EXCALIBER FABRICATIONS INC.,,Trailer,UNITED STATES (USA)
1E9270,5328,EAGLE INDUSTRIES,,Trailer,UNITED STATES (USA)
1E9271,13260,"EGO VEHICLES, INC.",,Motorcycle,UNITED STATES (USA)
1E9272,10243,E & W MANUFACTURING,,Trailer,UNITED STATES (USA)
1E9274,2249,E & L TRAILERS,,Trailer,UNITED STATES (USA)
1E9275,5327,EAGLE CUSTOM MOTORCYCLES,,Motorcycle,UNITED STATES (USA)
1E9276,10244,"ENVIRONMENTAL SERVICE PRODUCTS MFG., INC.",,Trailer,UNITED STATES (USA)
1E9278,12677,E-Z PULL TRAILER MFG. & SALES,,Trailer,UNITED STATES (USA)
1E9279,5725,EXOTIX CYCLE & MOTOR WERX,,Motorcycle,UNITED STATES (USA)
1E9280,10788,EXCEL TRUCK EQUIPMENT SPECIALTIES,,Trailer,UNITED STATES (USA)
1E9283,11418,"EVACO ACQUISITION CORP., INC.",,Trailer,UNITED STATES (USA)
1E9284,5721,EXCEL TRAILERS INC,,Trailer,UNITED STATES (USA)
1E9285,5727,EXPERIMENTAL FABRICATION INC,,Trailer,UNITED STATES (USA)
1E9286,2721,EXCEL INC,,Trailer,UNITED STATES (USA)
1E9291,12412,EAST TENNESSEE TRAILERS LLC,,Trailer,UNITED STATES (USA)
1E9293,12818,EURO-LINER LLC,,Trailer,UNITED STATES (USA)
1E9297,16500,E.H. WACHS COMPANY,,Trailer,UNITED STATES (USA)
1E9298,12996,"PETERBILT OF CLEVELAND, INC. DBA EXPRESS TRUCK REPAIR",,Motorcycle,UNITED STATES (USA)
1E9299,12996,"PETERBILT OF CLEVELAND, INC. DBA EXPRESS TRUCK REPAIR",,Trailer,UNITED STATES (USA)
1E9300,17531,BOSTON MOTORCYCLE COMPANY,,Motorcycle,UNITED STATES (USA)
1E9301,2151,EMTEC COMPOSITES INC.,,Trailer,UNITED STATES (USA)
1E9302,3962,ELLIS MANUFACTURING INC,,Trailer,UNITED STATES (USA)
1E9304,11689,EVIL TWIN LIMITED,,Motorcycle,UNITED STATES (USA)
1E9305,5340,EAST RIVER MACHINE CORPORATION,,Trailer,UNITED STATES (USA)
1E9307,2153,ENCORE TRAILERS,,Trailer,UNITED STATES (USA)
1E9309,13244,ECOSSE MOTO WORKS INC,,Motorcycle,UNITED STATES (USA)
1E9312,17638,EXILE CYCLES,,Motorcycle,UNITED STATES (USA)
1E9313,13251,EDDY MOTORS,,Trailer,UNITED STATES (USA)
1E9314,9549,EXCAVATION TECHNOLOGY CORPORATION,,Trailer,UNITED STATES (USA)
1E9315,12776,EASTMOND TRAILER COMPANY,,Trailer,UNITED STATES (USA)
1E9316,8974,EAGLEROCK TRAILERS INC,,Trailer,UNITED STATES (USA)
1E9317,12421,EQUIP MANUFACTURING INC,,Trailer,UNITED STATES (USA)
1E9319,5337,EAST COAST MANUFACTURING & DESIGN INC,,Trailer,UNITED STATES (USA)
1E9320,13005,"EZ DRAW TRAILERS, INC",,Trailer,UNITED STATES (USA)
1E9324,5331,EAGLE TRAILERS LLC,,Trailer,UNITED STATES (USA)
1E9325,13263,EL DORADO FOUNDRY MACHINE & SUPPLY CO. INC,,Trailer,UNITED STATES (USA)
1E9327,2718,EXCALIBUR TRAILER COMPANY,,Trailer,UNITED STATES (USA)
1E9330,12998,EXTREME CLASSIC TRAILERS INC,,Trailer,UNITED STATES (USA)
1E9333,2157,ENGINE CONNECTION,,Passenger Car,UNITED STATES (USA)
1E9334,13258,EDGE RECREATION VEHICLES,,Trailer,UNITED STATES (USA)
1E9335,13002,EXTREME WELDING,,Trailer,UNITED STATES (USA)
1E9336,8979,"EIP MANUFACTURING, L.L.C.",,Trailer,UNITED STATES (USA)
1E9337,5502,ECC INC.,,Motorcycle,UNITED STATES (USA)
1E9338,6845,E-W TRAILERS,,Trailer,UNITED STATES (USA)
1E9347,11554,"ELITE SPECIALTY TRAILERS, LLC",,Trailer,UNITED STATES (USA)
1E9348,10903,"ERNEST INDUSTRIES, INC.",,Trailer,UNITED STATES (USA)
1E9349,11089,"EXTREME CHOPPERS, INC",,Motorcycle,UNITED STATES (USA)
1E9350,1413,EAGLE TRAILERS MFG,,Trailer,UNITED STATES (USA)
1E9351,8611,ERWIN PRECISION INC.,,Motorcycle,UNITED STATES (USA)
1E9353,7744,HAULMAX TRAILER COMPANY,,Trailer,UNITED STATES (USA)
1E9354,9037,ELAN MANUFACTURING,,Motorcycle,UNITED STATES (USA)
1E9359,1402,"E. T. & T. ENTERPRISES DBA HOLLAND METAL FAB., INC",,Trailer,UNITED STATES (USA)
1E9360,9470,"ERICKSON TANK & PUMP, LLC",,Trailer,UNITED STATES (USA)
1E9361,1411,EIGHT MILE CHOPPERS,,Motorcycle,UNITED STATES (USA)
1E9362,9460,"VALTIR, LLC",,Trailer,UNITED STATES (USA)
1E9363,11737,"E-SUV, LLC",,Low Speed Vehicle (LSV),UNITED STATES (USA)
1E9366,10640,EWD CYCLES LLC,,Motorcycle,UNITED STATES (USA)
1E9368,8900,ECO-FUELER CORPORATION,,Motorcycle,UNITED STATES (USA)
1E9369,10434,"EAGLE CRAFT, INC.",,Trailer,UNITED STATES (USA)
1E9370,13364,EASTON CUSTOM FRAMES L.L.C,,Motorcycle,UNITED STATES (USA)
1E9371,15680,"ELASTEC, INC",,Trailer,UNITED STATES (USA)
1E9372,18959,"EVCO SERVICE CO., INC.",,Trailer,UNITED STATES (USA)
1E9373,9961,E-BILT LLC,,Trailer,UNITED STATES (USA)
1E9375,11237,EPIC CUSTOM CYCLES INC.,,Motorcycle,UNITED STATES (USA)
1E9376,10423,ENTERPRISING SOLUTIONS,,Trailer,UNITED STATES (USA)
1E9377,11284,"EVERGREEN TRAILER COMPANY,LLC",,Trailer,UNITED STATES (USA)
1E9379,10639,EIKS BIKES,,Motorcycle,UNITED STATES (USA)
1E9380,8702,EAGLE ERECTORS INC.,,Trailer,UNITED STATES (USA)
1E9381,5341,EAST SIDE CUSTOM CHOPPERS,,Motorcycle,UNITED STATES (USA)
1E9385,10955,"EDDIE ENGLISH COMPANY, INC.",,Trailer,UNITED STATES (USA)
1E9388,9839,"EVIL EMPIRE CHOPPERS, INC.",,Motorcycle,UNITED STATES (USA)
1E9389,11142,ENRY CYCLE CREATIONS LLC,,Motorcycle,UNITED STATES (USA)
1E9390,9986,"E.F. COUVRETTE COMPANY, INC.",,Trailer,UNITED STATES (USA)
1E9392,16489,ETI GLOBAL SOLUTIONS,,Motorcycle,UNITED STATES (USA)
1E9393,11594,EAGLE HEAD LIFTS,,Trailer,UNITED STATES (USA)
1E9394,10947,ELECTRIC VEHICLE TRANSPORTATION OF AMERICA INC.,,Motorcycle,UNITED STATES (USA)
1E9396,9491,"EDMONDSON CUSTOM BUILT, LLC",,Motorcycle,UNITED STATES (USA)
1E9397,9506,EFL MANUFACTURING LLC,,Trailer,UNITED STATES (USA)
1E9400,8985,ECLIPSE ALUMINUM TRAILERS L.L.C.,,Trailer,UNITED STATES (USA)
1E9401,8850,EVCOR LLC,,Trailer,UNITED STATES (USA)
1E9402,11130,"E3 TRAILERS, INC.",,Trailer,UNITED STATES (USA)
1E9403,10563,ENGINEERED MANUFACTURING CORPORATION,,Trailer,UNITED STATES (USA)
1E9407,8856,EQUIPMENT SERVICES INC.,,Trailer,UNITED STATES (USA)
1E9408,10978,"EFFICIENT HAULING SYSTEMS, LP DBA EHS INDUSTRIES,AZTEC TRAILERS,NOVAN TECH.",,Trailer,UNITED STATES (USA)
1E9409,8877,EQUIPT,,Trailer,UNITED STATES (USA)
1E9410,13541,EXTREAME FABRICATION,,Trailer,UNITED STATES (USA)
1E9412,9098,EAST COAST TRAILERS,,Trailer,UNITED STATES (USA)
1E9413,9299,"EUROSPEED, INC.",,Motorcycle,UNITED STATES (USA)
1E9415,11752,EMERALD WELDING INC.,,Trailer,UNITED STATES (USA)
1E9416,5837,ELECTRICAL ENGINEERING AND EQUIPMENT COMPANY,,Trailer,UNITED STATES (USA)
1E9417,5849,"THE ELECTRIC VEHICLE COMPANY, LLC",,Motorcycle,UNITED STATES (USA)
1E9419,10547,"ECHELBERRY MANUFACTURING, LLC",,Trailer,UNITED STATES (USA)
1E9421,11137,EXPRESS SHUTTLE SERVICE INC.,,Bus,UNITED STATES (USA)
1E9424,10766,EXECUTIVE CHOPPERS,,Motorcycle,UNITED STATES (USA)
1E9425,11429,"ELEVATED SECURITY, INC.",,Trailer,UNITED STATES (USA)
1E9426,6165,PI MOBILITY,,Motorcycle,UNITED STATES (USA)
1E9428,8522,EZ TRAILERS,,Trailer,UNITED STATES (USA)
1E9429,8473,EASTCOAST BIKEWORKS LLC,,Motorcycle,UNITED STATES (USA)
1E9430,9119,ELKIN HI-TECH,,Trailer,UNITED STATES (USA)
1E9434,9157,EZ DEPLOY SYSTEMS LTD.,,Trailer,UNITED STATES (USA)
1E9440,7009,EAGLE  WELDING & MACHINE LL.,,Trailer,UNITED STATES (USA)
1E9441,9506,EFL MANUFACTURING LLC,,Motorcycle,UNITED STATES (USA)
1E9442,1472,EYEBALL ENG.,,Motorcycle,UNITED STATES (USA)
1E9443,7026,EASYRIDER MOTORCYCLE COMPANY,,Trailer,UNITED STATES (USA)
1E9444,7026,EASYRIDER MOTORCYCLE COMPANY,,Motorcycle,UNITED STATES (USA)
1E9445,1509,EAST TEXAS TRAILERS,,Trailer,UNITED STATES (USA)
1E9449,7008,BOATS BY ESSEX BOATS,,Trailer,UNITED STATES (USA)
1E9451,7579,"EMF, INC.",,Trailer,UNITED STATES (USA)
1E9454,11885,ELECTROVAYA COMPANY,,Low Speed Vehicle (LSV),UNITED STATES (USA)
1E9456,12069,ELECTRIC MOTORSPORT INC.,,Motorcycle,UNITED STATES (USA)
1E9457,7195,ELK VALLEY TRAILER MFG.,,Trailer,UNITED STATES (USA)
1E9458,7428,"CURRENT MOTOR COMPANY, INC.",,Motorcycle,UNITED STATES (USA)
1E9459,12181,"EVERGREEN OFF ROAD CAMPERS, LLC",,Trailer,UNITED STATES (USA)
1E9460,13336,EXTREME TRAILERS (TN),,Trailer,UNITED STATES (USA)
1E9462,12161,"EYE4DESIGN CONVERSIONS, LLC",,Trailer,UNITED STATES (USA)
1E9463,7059,EP DESIGN,,Motorcycle,UNITED STATES (USA)
1E9465,6157,"EV INNOVATIONS, INC.",,Passenger Car,UNITED STATES (USA)
1E9466,6675,"ELECTRIC MOBILE CARS, INC.",,Passenger Car,UNITED STATES (USA)
1E9472,6887,"EV AMERICA, LLC",,Bus,UNITED STATES (USA)
1E9473,7226,EXCALIBUR CHOPPERS INC.,,Motorcycle,
1E9474,6888,ERIE ALUMINUM PRODUCTS,,Trailer,UNITED STATES (USA)
1E9477,1574,EBERT PRECISION PRODUCTS LLC,,Trailer,UNITED STATES (USA)
1E9478,12708,"BIGSON II, LLC DBA EQUIPMENT SERVICE",,Trailer,UNITED STATES (USA)
1E9479,13356,E.G.M. TRAILERS,,Trailer,UNITED STATES (USA)
1E9486,15170,"ELECTRIC VEHICLES INTERNATIONAL, LLC",,Truck,UNITED STATES (USA)
1E9487,1700,"ECHO MANUFACTURING, LLC",,Trailer,UNITED STATES (USA)
1E9490,1708,JAMES J. GAMMONS DBA ERIE SHORE MARKETING,,Motorcycle,UNITED STATES (USA)
1E9494,6635,EZ PULL TRAILERS LLC,,Trailer,UNITED STATES (USA)
1E9495,7097,ELLINGTON INDUSTRIAL SUPPLY INC.,,Trailer,UNITED STATES (USA)
1E9497,7548,ELITE CUSTOM TRAILERS LLC,,Trailer,UNITED STATES (USA)
1E9498,7423,EASTERN ROD AND CHOPPER,,Motorcycle,UNITED STATES (USA)
1E9500,7125,"E.P. INDUSTRIES, INC.",,Trailer,UNITED STATES (USA)
1E9503,7902,EXECUHITCH MANUFACTURING LLC,,Trailer,UNITED STATES (USA)
1E9504,7559,ELITE EQUIPMENT MFG. CO.,,Trailer,
1E9505,7751,"E-PAK MANUFACTURING, LLC",,Trailer,UNITED STATES (USA)
1E9506,7766,EZ HUNT & HAUL LLC,,Trailer,UNITED STATES (USA)
1E9507,7774,ELECTRO-TECHNOLOGIES,,Motorcycle,UNITED STATES (USA)
1E9509,15170,"ELECTRIC VEHICLES INTERNATIONAL, LLC",,Low Speed Vehicle (LSV),UNITED STATES (USA)
1E9511,7764,"END 2 END WELDING, LLC",,Trailer,UNITED STATES (USA)
1E9512,1450,"EMK, LLC",,Trailer,UNITED STATES (USA)
1E9513,6309,"EVOLUTION TRAILER TECHNOLOGIES, INC.",,Trailer,UNITED STATES (USA)
1E9519,6067,"EXOSENT ENGINEERING,LLC",,Trailer,UNITED STATES (USA)
1E9520,11956,EK MACHINE CO. INC.,,Trailer,UNITED STATES (USA)
1E9521,6259,EAGLE FORD TANKS & TRAILERS LLC,,Trailer,UNITED STATES (USA)
1E9523,13348,"EL-MAR COMPANY, INC.",,Trailer,UNITED STATES (USA)
1E9524,9368,ELK RIVER MACHINE COMPANY,,Trailer,UNITED STATES (USA)
1E9530,7159,"EL TIRON CUSTOM TRAILERS, LLC",,Trailer,UNITED STATES (USA)
1E9531,6098,"ENERGY PRODUCTS, INC.",,Trailer,UNITED STATES (USA)
1E9532,12252,ENDURAPLAS LLC,,Trailer,UNITED STATES (USA)
1E9533,6546,EDGE MARINE INC.,,Trailer,UNITED STATES (USA)
1E9537,6514,EM TRANSFER COMPANY,,Trailer,UNITED STATES (USA)
1E9540,1530,ECOTREK CAMPER,,Trailer,UNITED STATES (USA)
1E9541,7657,EVAC EMERGENCY PREPAREDNESS EQUIPMENT & SUPPLY LLC,,Trailer,UNITED STATES (USA)
1E9546,6306,ELITE TOOL LLC,,Trailer,UNITED STATES (USA)
1E9550,13358,"EO TRAILER MFG., INC.",,Trailer,UNITED STATES (USA)
1E9551,7380,"ECOJOHN, INC.",,Trailer,UNITED STATES (USA)
1E9553,7374,EMPIRE TANKER,,Trailer,UNITED STATES (USA)
1E9560,7836,ETUK USA LLC,,Motorcycle,UNITED STATES (USA)
1E9562,7818,EPV CORPORATION,,Bus,UNITED STATES (USA)
1E9563,6801,"EH CONCEPTS, LTD.",,Trailer,UNITED STATES (USA)
1E9566,14871,EISEN MOTOR COMPANY,,Motorcycle,UNITED STATES (USA)
1E9568,13683,ET MANUFACTURING CORP,,Trailer,UNITED STATES (USA)
1E9569,13802,EZ LIFE CAMPERS LLC,,Trailer,UNITED STATES (USA)
1E9570,13807,"EQUIPMENT SOURCE, INC",,Trailer,UNITED STATES (USA)
1E9572,13810,ELITE MOTOR SALES INC,,Low Speed Vehicle (LSV),UNITED STATES (USA)
1E9574,13663,"ENVOLTZ, LLC",,Trailer,UNITED STATES (USA)
1E9577,13827,EMA MOTORWORKS LLC,,Motorcycle,UNITED STATES (USA)
1E9578,13985,ERETZ TRAILERS MANUFACTURER,,Trailer,UNITED STATES (USA)
1E9579,13827,EMA MOTORWORKS LLC,,Bus,UNITED STATES (USA)
1E9580,13827,EMA MOTORWORKS LLC,,Low Speed Vehicle (LSV),UNITED STATES (USA)
1E9581,13827,EMA MOTORWORKS LLC,,Passenger Car,UNITED STATES (USA)
1E9582,14938,"ELITE CUSTOM TRAILERS, LLC",,Trailer,UNITED STATES (USA)
1E9583,14961,EAGLE TRAILERS,,Trailer,UNITED STATES (USA)
1E9587,19532,ELITE INDUSTRIES LLC,,Trailer,UNITED STATES (USA)
1E9588,15165,EXTREME TRAILERS LLC,,Trailer,UNITED STATES (USA)
1E9589,19078,"EDGEWOOD WELDING & FABRICATION, INC.",,Trailer,UNITED STATES (USA)
1E9591,15906,"ENVTECH TANK SERVICES, LLC",,Trailer,UNITED STATES (USA)
1E9593,15660,"JOSEPH CO. OF NC, LLC",,Low Speed Vehicle (LSV),UNITED STATES (USA)
1E9594,16248,ENDURO TRADE DBA CRUX EXPEDITION TRAILERS,,Trailer,UNITED STATES (USA)
1E9597,15983,MCMINNVILLE RV SALES CONSIGNMENT,,Trailer,UNITED STATES (USA)
1E9599,16240,E-Z DISCOUNT INC,,Trailer,UNITED STATES (USA)
1E9600,16409,ELSEY MFG. LLC,,Trailer,UNITED STATES (USA)
1E9602,16570,EDENVILLE EQUIPMENT LLC,,Trailer,UNITED STATES (USA)
1E9603,16329,ERNEST SPENCER METALS INC,,Trailer,UNITED STATES (USA)
1E9605,16408,EASYWAY TRAILERS INC,,Trailer,UNITED STATES (USA)
1E9607,17206,ESCAPOD TRAILERS LLC,,Trailer,UNITED STATES (USA)
1E9608,16507,EPIC MANUFACTURING LLC,,Trailer,UNITED STATES (USA)
1E9610,16906,E.A. COLLINS AND SONS,,Trailer,UNITED STATES (USA)
1E9612,17155,ELITE COTTAGE BUILDERS LLC,,Trailer,UNITED STATES (USA)
1E9613,17182,ECART,,Low Speed Vehicle (LSV),UNITED STATES (USA)
1E9614,17197,EXTREME CHUTE COMPANY LLC,,Trailer,UNITED STATES (USA)
1E9616,16271,"EFFICIENT DRIVETRAINS, INC.",,Truck,UNITED STATES (USA)
1E9617,18597,ENVIROTECH DRIVE SYSTEMS INC,,Truck,UNITED STATES (USA)
1E9619,18342,ECONO-TRAILER,,Trailer,UNITED STATES (USA)
1E9620,21247,E AND R TRAILERS,,Trailer,UNITED STATES (USA)
1E9622,17788,"EASY UP, EASY GO TRAILERS",,Trailer,UNITED STATES (USA)
1E9624,18355,EDRIFT SCOOTERS,,Motorcycle,UNITED STATES (USA)
1E9625,18771,ELEVATE TRAILERS,,Trailer,UNITED STATES (USA)
1E9627,18632,EVANS METAL FAB,,Trailer,UNITED STATES (USA)
1E9629,18582,ERC TRADING INC,,Trailer,UNITED STATES (USA)
1E9631,18782,"ESCAPADE CAMPER CO, LLC",,Trailer,UNITED STATES (USA)
1E9633,18888,EAST COAST OVEN AND PIZZA CO,,Trailer,UNITED STATES (USA)
1E9634,18930,ECOMAUTOMOTIVE INC DBA TUFF STUFF,,Trailer,UNITED STATES (USA)
1E9635,19027,"EPIC DISTRIBUTION, LLC",,Low Speed Vehicle (LSV),UNITED STATES (USA)
1E9636,18960,EPIC FABRICATION & DESIGN LLC,,Trailer,UNITED STATES (USA)
1E9638,19236,"EASY GO LSV, LLC",,Low Speed Vehicle (LSV),UNITED STATES (USA)
1E9648,19582,"ECO SENSE GLOBAL SERVICES, LLC",,Low Speed Vehicle (LSV),UNITED STATES (USA)
1E9650,18597,ENVIROTECH DRIVE SYSTEMS INC,,Low Speed Vehicle (LSV),UNITED STATES (USA)
1E9653,19853,EARTH TRAVELER TEARDROP TRAILERS LLC,,Trailer,UNITED STATES (USA)
1E9654,19825,ECHO DESIGN CONSTRUCTION AND LOGISTICS LLC,,Trailer,UNITED STATES (USA)
1E9658,20156,EURO TRAILERS,,Trailer,UNITED STATES (USA)
1E9659,20157,EROSION CONTROL PRODUCTS CORPORATION,,Trailer,UNITED STATES (USA)
1E9661,20303,EXCEL GROUP LLC,,Trailer,UNITED STATES (USA)
1E9662,20212,BRB SPECIALTY TRAILERS AND EQUIPMENT LLC.,,Trailer,UNITED STATES (USA)
1E9663,20299,"EXOALLOY,LLC",,Trailer,UNITED STATES (USA)
1E9665,21132,EXTREME TRAILERS OF TEXAS,,Trailer,UNITED STATES (USA)
1E9666,20490,EAST COAST LOW SPEED VEHICLES LLC,,Low Speed Vehicle (LSV),UNITED STATES (USA)
1E9667,20551,EUROSTAGE LLC,,Trailer,UNITED STATES (USA)
1E9668,20630,EAGLE LIGHTING INC D/B/A HDEQUIPT (AN S CORPORATION),,Trailer,
1E9669,20689,EATON COMPRESSOR AND FABRICATION,,Trailer,UNITED STATES (USA)
1E9671,20713,ENCORE OILFIELD SERVICES LLC,,Trailer,UNITED STATES (USA)
1E9672,20735,EXTREME MANUFACTURING LLC,,Trailer,UNITED STATES (USA)
1E9673,21517,ENCORE RV LLC,,Trailer,UNITED STATES (USA)
1E9675,20790,ELITE AIRBOAT COMPANY GRAYSON COUNTY INC.,,Trailer,UNITED STATES (USA)
1E9677,20844,COZY HOME INC.,,Trailer,UNITED STATES (USA)
1E9680,21089,"ENGLOBAL U.S., INC.",,Trailer,UNITED STATES (USA)
1E9681,21101,ECO GOLF CARTS,,Low Speed Vehicle (LSV),UNITED STATES (USA)
1E9682,21148,"ETS MFG, LLC",,Trailer,
1E9683,21209,ELEVATION PARK MODEL COMPANY,,Trailer,
1E9685,13810,ELITE MOTOR SALES INC,,Truck,UNITED STATES (USA)
1E9686,21290,"EV TITAN, LLC",,Low Speed Vehicle (LSV),UNITED STATES (USA)
1E9687,21315,ENERGY LINK INDUSTRIAL SERVICES,,Trailer,
1E9688,21373,EDGE TRAILER MANUFACTURER INC.,,Trailer,UNITED STATES (USA)
1E9690,22083,ECOCAR INC.,,Passenger Car,
1E9692,21576,ET QUALITY RV,,Trailer,
1E9693,21721,ELECTRIC ELK LLC,,Motorcycle,UNITED STATES (USA)
1E9694,18597,ENVIROTECH DRIVE SYSTEMS INC,,Bus,UNITED STATES (USA)
1E9696,21888,"ELITE RETREAT HOMES, LLC",,Trailer,
1E9698,22150,ELKINGTON ELECTRIC,,Passenger Car,UNITED STATES (USA)
1E9699,22247,"EPIC POWER SOULTIONS, LLC",,Trailer,UNITED STATES (USA)
1E9701,22199,ECOSTREAM RV INDUSTRIES LLC,,Truck,
1E9702,22313,ECHTHAFT TRAILERS LLC,,Trailer,
1E9704,22359,EXPRESS CONCESSION TRAILERS INC.,,Trailer,
1E9706,22199,ECOSTREAM RV INDUSTRIES LLC,,Trailer,
1E9708,22449,"EKONO CATERING EQUIPMENT, INC.",,Trailer,
1E9709,22481,E-CHOPPER LLC,,Motorcycle,
1E9711,23014,ELKHART TRAILER COMPANY,,Trailer,
1E9712,22777,ENERGY TREE LLC,,Trailer,
1E9717,23159,EVOS TECHNICAL SOLUTIONS LLC,,Trailer,
1E9718,23186,EVOLUTION WELDING & FABRICATION LLC,,Trailer,
1E9719,23197,"EMAGINEERED SOLUTIONS, INC.",,Trailer,
1E9722,23367,EAST COAST TREE SERVICE LLC,,Trailer,UNITED STATES (USA)
1E9724,23452,ERNEST INDUSTRIES LLC,,Trailer,UNITED STATES (USA)
1E9725,23493,MARRA ENTERPRISES,,Trailer,
1E9726,24297,EASTON TEARDROPS LLC,,Trailer,
1E9728,23565,"EAST RIVER MANUFACTURING, LLC",,Trailer,UNITED STATES (USA)
1E9729,23568,EBYS PORTABLE WELDING & FABRICATION,,Trailer,UNITED STATES (USA)
1E9730,23639,ELITE CUSTOM TRAILERS,,Trailer,
1E9731,23693,EBIKESHOP LLC,,Motorcycle,
1E9732,23695,EAST TEXAS BUILDING SYSTEMS,,Trailer,UNITED STATES (USA)
1E9733,18597,ENVIROTECH DRIVE SYSTEMS INC,,Incomplete Vehicle,
1E9734,23985,EVANS MACHINERY INC,,Trailer,
1E9735,24005,E&M TRAILERS LLC,,Trailer,UNITED STATES (USA)
1E9736,23599,ECS MOBILE ALERTING SYSTEMS,,Trailer,UNITED STATES (USA)
1E9737,25592,EC TEXAS MADE BUILDERS INC.,,Trailer,UNITED STATES (USA)
1E9742,25393,EZAN PROPERTIES,,Trailer,UNITED STATES (USA)
1E9744,24980,EVCO HOLDINGS LLC,,Low Speed Vehicle (LSV),UNITED STATES (USA)
1E9745,25538,EMPIRE TRAILERS OF TEXAS LLC,,Trailer,UNITED STATES (USA)
1E9746,25131,ESSENTIAL HOMES MS LLC,,Trailer,UNITED STATES (USA)
1E9747,23365,EPIC SOLUTIONS INC.,,Trailer,
1E9750,25279,EASTERN SHORE CART WORKS,,Low Speed Vehicle (LSV),
1E9751,25352,EASLEY MANUFACTURING LLC,,Trailer,
1E9752,25471,EARTH FIRST CAMPERS LLC,,Trailer,UNITED STATES (USA)
1E9753,25502,ECOMANDER LLC,,Low Speed Vehicle (LSV),UNITED STATES (USA)
1E9755,25615,EARTH MANUFACTURING LLC,,Trailer,
1E9756,25755,ESCAPE TRAILER INDUSTRIES US INC.,,Trailer,
1E9759,25792,EX TRAILERS OPERATIONS LLC,,Trailer,UNITED STATES (USA)
1E9AAA,17373,EMPIRE MANUFACTURING COMPANY,,Trailer,UNITED STATES (USA)
1EA,12936,"FLEETWOOD ENTERPRISES, INC.",FLEETWOOD ENTERPRISES (TERRY),Trailer,UNITED STATES (USA)
1EB,12937,"FLEETWOOD FOLDING TRAILER, INC.",FLEETWOOD FOLDING TRAILERS,Trailer,UNITED STATES (USA)
1EC,12936,"FLEETWOOD ENTERPRISES, INC.",FLEETWOOD ENTERPRISES (PROWLER),Trailer,UNITED STATES (USA)
1ED,12936,"FLEETWOOD ENTERPRISES, INC.",FLEETWOOD ENTERPRISES (WILDNERNESS),Trailer,UNITED STATES (USA)
1EE,12936,"FLEETWOOD ENTERPRISES, INC.",FLEETWOOD ENTERPRISES (AVION),Trailer,UNITED STATES (USA)
1EF,12936,"FLEETWOOD ENTERPRISES, INC.",FLEETWOOD ENTERPRISES (MALLARD),Trailer,UNITED STATES (USA)
1EG,12936,"FLEETWOOD ENTERPRISES, INC.",FLEETWOOD ENTERPRISES (SAVANNA),Trailer,UNITED STATES (USA)
1EH,12936,"FLEETWOOD ENTERPRISES, INC.",FLEETWOOD ENTERPRISES (PARK MODELS),Trailer,UNITED STATES (USA)
1EJ,12936,"FLEETWOOD ENTERPRISES, INC.",FLEETWOOD ENTERPRISES (CARIBOU),Trailer,UNITED STATES (USA)
1EK,12936,"FLEETWOOD ENTERPRISES, INC.",FLEETWOOD ENTERPRISES (ELKHORN),Trailer,UNITED STATES (USA)
1EL,12936,"FLEETWOOD ENTERPRISES, INC.","FLEETWOOD ENTERPRISES, INC. (ANGLER)",Trailer,UNITED STATES (USA)
1EM,12936,"FLEETWOOD ENTERPRISES, INC.","FLEETWOOD ENTERPRISES, INC. (WESTPORT)",Trailer,UNITED STATES (USA)
1EU,11161,"SILVER EAGLE BUS MANUFACTURING, INC",EAGLE COACH CORPORATION,Bus,UNITED STATES (USA)
1EZ,15431,ANONYMOUS BUILDINGS,WORTHY,Trailer,UNITED STATES (USA)
1F1,976,FORD MOTOR COMPANY,FORD,Multipurpose Passenger Vehicle (MPV),UNITED STATES (USA)
1F6,8961,DETROIT CHASSIS LLC,FORD,Incomplete Vehicle,UNITED STATES (USA)
1F7,976,FORD MOTOR COMPANY,FORD,Passenger Car,UNITED STATES (USA)
1F9000,9940,HEAT INNOVATIONS INC.,,Trailer,UNITED STATES (USA)
1F9007,16966,FLAME KING INC,,Trailer,UNITED STATES (USA)
1F9017,13016,FONTAINE TRUCK EQUIPMENT CO.,,Trailer,UNITED STATES (USA)
1F9025,16267,FLEMING TRAILERS INC,,Trailer,UNITED STATES (USA)
1F9027,18098,"FIBRE-TECH, INC.",,Trailer,UNITED STATES (USA)
1F9029,16115,FRISBIE CONSTRUCTION CO INC,,Trailer,UNITED STATES (USA)
1F9032,4688,JOSEPH FAZEKAS,,Trailer,UNITED STATES (USA)
1F9033,16186,JOHN FRUETEL ENTERPRISES INC,,Trailer,UNITED STATES (USA)
1F9034,17676,FABRICATED DESIGNS COMPANY,,Trailer,UNITED STATES (USA)
1F9037,15474,FEDERAL MOTORS INC,,Truck,UNITED STATES (USA)
1F9039,17196,"SIE, INC",,Trailer,UNITED STATES (USA)
1F9047,3934,FIBA COMPRESSED GAS EQUIPMENT,,Trailer,UNITED STATES (USA)
1F9048,13598,SAUBER MFG. CO.,,Trailer,UNITED STATES (USA)
1F9054,9639,FORETRAVEL INC,,Bus,UNITED STATES (USA)
1F9063,18325,FORSYTHE & DOWIS RIDES INC.,,Trailer,UNITED STATES (USA)
1F9069,16719,"FUQUA HOMES, INC",,Trailer,UNITED STATES (USA)
1F9072,6919,"FELLING TRAILERS, INC.",,Trailer,UNITED STATES (USA)
1F9076,17823,FANNIN FABRICATION,,Trailer,UNITED STATES (USA)
1F9078,5148,FARRINGTON CHARIOTS,,Trailer,UNITED STATES (USA)
1F9081,13017,FORCE MANUFACTURING,,Trailer,UNITED STATES (USA)
1F9084,4793,FRP TRAILERS,,Trailer,UNITED STATES (USA)
1F9089,17931,JIM SHUFF'S PROPERTY MANAGEMENT INC. DBA FREEDOM TRAILERS,,Trailer,UNITED STATES (USA)
1F9090,16620,FREDERIKSEN ENTERPRISES INC,,Trailer,UNITED STATES (USA)
1F9091,4899,"FOGLEMAN MANUFACTLURING, INC.",,Trailer,UNITED STATES (USA)
1F9092,17286,FLOURNOY TRAILER SALES,,Trailer,UNITED STATES (USA)
1F9095,18023,FOBES WELDING & IRON WORKS,,Trailer,UNITED STATES (USA)
1F9103,16635,"OLYMPIC FIBERGLASS INDUSTRIES, INC",,Trailer,UNITED STATES (USA)
1F9106,16704,FARMERS & CONTRACTORS SUPPLY CO.,,Trailer,UNITED STATES (USA)
1F9107,16677,FOX BETTER BUILT TRAILERS,,Trailer,UNITED STATES (USA)
1F9109,3475,O.K. CORRAL,,Trailer,UNITED STATES (USA)
1F9112,16730,FISHER WELDING COMPANY,,Trailer,UNITED STATES (USA)
1F9113,16973,FORAL COMPANY,,Trailer,UNITED STATES (USA)
1F9114,5143,FARM BED MANUFACTURING,,Trailer,UNITED STATES (USA)
1F9117,16754,FRAMTRAC MANUFACTURING CO. LTD,,Trailer,UNITED STATES (USA)
1F9118,17903,FALCON ENGINEERING & MFG CO.,,Trailer,UNITED STATES (USA)
1F9124,16692,FABRICATION & DESIGN INC,,Trailer,UNITED STATES (USA)
1F9125,16695,FIBERGLASS PROTOTYPES DEVELOPMENT MANUFACTURING COMPANY,,Trailer,UNITED STATES (USA)
1F9128,16817,"FOWLER TRAILERS, INC",,Trailer,UNITED STATES (USA)
1F9129,16805,"MARION FABTECH, INC",,Trailer,UNITED STATES (USA)
1F9130,16787,FIVE STAR TRAILER AND EQUIPMENT,,Trailer,UNITED STATES (USA)
1F9133,16907,"FANTASY COACH COMPANY, INC",,Trailer,UNITED STATES (USA)
1F9135,16605,FINN CORPORATION,,Trailer,UNITED STATES (USA)
1F9140,18409,"FERRARA FIRE APPARATUS, INC.",,Incomplete Vehicle,UNITED STATES (USA)
1F9143,12944,FUN SLIDES INC,,Trailer,UNITED STATES (USA)
1F9144,4791,FRONTIER TRAILER SALES,,Trailer,UNITED STATES (USA)
1F9146,11356,FERROTEK CORP.,,Trailer,UNITED STATES (USA)
1F9152,4795,FRY'S WELDING INC,,Trailer,UNITED STATES (USA)
1F9157,9633,"FIRETAC SYSTEMS, INC.",,Trailer,UNITED STATES (USA)
1F9164,8677,"SMI & HYDRAULICS, INC",,Trailer,UNITED STATES (USA)
1F9166,5439,FREEPORT MILLS SIGNWORKS INC,,Trailer,UNITED STATES (USA)
1F9169,5607,CRUISE AMERICA,,Trailer,UNITED STATES (USA)
1F9170,12948,FUTURE HOME TECHNOLOGY,,Trailer,UNITED STATES (USA)
1F9171,9233,"FASTLINE TRAILER MFG., CO.",,Trailer,UNITED STATES (USA)
1F9174,8094,"PRECISION EQUIPMENT COMPANY, INC.",,Trailer,UNITED STATES (USA)
1F9175,23655,FRONTIER MANUFACTURING CO,,Trailer,
1F9187,12930,"FLEET AIR WORLDWIDE, INC.",,Trailer,UNITED STATES (USA)
1F9190,12955,FYRBERG WELDING,,Trailer,UNITED STATES (USA)
1F9192,12924,FLAC INDUSTRIES INC.,,Trailer,UNITED STATES (USA)
1F9199,13543,FEATHERLITE VOGUE,,Bus,UNITED STATES (USA)
1F9200,4861,FAB TEC INC.,,Trailer,UNITED STATES (USA)
1F9203,5357,"FIBER TRUCKS & TRAILERS, INC.",,Trailer,UNITED STATES (USA)
1F9204,9282,FRONTIER INDUSTRIAL CORPORATION,,Trailer,UNITED STATES (USA)
1F9211,5413,FOXWORTH ENTERPRISES INC.,,Trailer,UNITED STATES (USA)
1F9212,12945,"FUN TECH INDUSTRIES, INC.",,Trailer,UNITED STATES (USA)
1F9214,5375,FIRST LINE MANUFACTURING,,Trailer,UNITED STATES (USA)
1F9217,13132,"FORKS RV., INC.",,Trailer,UNITED STATES (USA)
1F9223,5360,"FIBERLITE TRAVEL TRAILERS, INC.",,Trailer,UNITED STATES (USA)
1F9224,12946,FUNTEC INC,,Trailer,UNITED STATES (USA)
1F9226,5437,FREEMAN'S CUSTOM MADE TRAILERS,,Trailer,UNITED STATES (USA)
1F9229,5359,FIBERLITE TRAILERS,,Trailer,UNITED STATES (USA)
1F9230,5421,"FRANK SIVIGLIS & CO., INC.",,Trailer,UNITED STATES (USA)
1F9233,5411,"FOX VALLEY METAL TECH, INC.",,Trailer,UNITED STATES (USA)
1F9235,10247,"FLAME TRAILERS, INC.",,Trailer,UNITED STATES (USA)
1F9236,12920,"FISK TANK CARRIER, INC.",,Trailer,
1F9238,1764,FACTORY DIRECT TRAILER SALES & MANUFACTURING,,Trailer,UNITED STATES (USA)
1F9242,12598,FIBER PULLING EQUIPMENT INC,,Trailer,UNITED STATES (USA)
1F9245,10464,NASH CAR TRAILERS,,Trailer,UNITED STATES (USA)
1F9246,9643,FOX FABRICATION INC,,Trailer,UNITED STATES (USA)
1F9247,13300,FLETCHER'S EQUIPMENT,,Trailer,UNITED STATES (USA)
1F9252,6852,FOUR HORSEMEN MOTORCYCLES LLC,,Motorcycle,UNITED STATES (USA)
1F9253,5363,FIELDS TRAILER SALES,,Trailer,UNITED STATES (USA)
1F9254,5144,FARMER FABRICATIONS,,Trailer,UNITED STATES (USA)
1F9255,5371,FIREDANCER MANUFACTURING INC,,Trailer,UNITED STATES (USA)
1F9256,9635,FITZGERALD KIT TRUCKS & SALES LLC,,Trailer,UNITED STATES (USA)
1F9257,5415,FRALA'S TRAILERS,,Trailer,UNITED STATES (USA)
1F9259,4862,FAB-RITE TRAILER MFG,,Trailer,UNITED STATES (USA)
1F9260,10904,FINISHLINE CUSTOM TRAILERS,,Trailer,UNITED STATES (USA)
1F9262,5153,FAT ATTACK CUSTOM BIKES (USA) INC.,,Motorcycle,UNITED STATES (USA)
1F9263,8594,FLINT MANUFACTURING,,Trailer,UNITED STATES (USA)
1F9264,12112,FAT SOCKS MOTORSPORTS,,Trailer,UNITED STATES (USA)
1F9269,4687,FATT HOGG FRAMES,,Motorcycle,UNITED STATES (USA)
1F9273,5374,FIRST CLASS TRAILERS,,Trailer,UNITED STATES (USA)
1F9285,13426,FREEDOM TRAILERS LLC,,Trailer,UNITED STATES (USA)
1F9286,11505,"FLYRITE CHOPPERS, INC.",,Motorcycle,UNITED STATES (USA)
1F9287,9221,FX MOTORCYCLE DESIGN & PERFORMANCE,,Motorcycle,UNITED STATES (USA)
1F9290,10910,"FAST MASTER PRODUCTS, INC.",,Trailer,UNITED STATES (USA)
1F9291,11060,FULLMOON CUSTOMS,,Motorcycle,UNITED STATES (USA)
1F9293,8600,FLYNN'S WELDING & MACHINE SHOP,,Trailer,UNITED STATES (USA)
1F9297,9044,FAIRLINE INC.,,Trailer,UNITED STATES (USA)
1F9300,9457,"FENRIS CYCLE, INC.",,Motorcycle,UNITED STATES (USA)
1F9301,6848,"FIREBIRD CUSTOM CHOPPERS, LLC",,Motorcycle,UNITED STATES (USA)
1F9302,9273,"FAT BOY TRAILERS, LLC",,Trailer,UNITED STATES (USA)
1F9303,9959,"FM MFG., INC.",,Trailer,UNITED STATES (USA)
1F9305,9852,FAST TRUCK BODY & EQUIPMENT,,Trailer,UNITED STATES (USA)
1F9306,10169,"FORMULA 1 STREET COM, LLC",,Passenger Car,UNITED STATES (USA)
1F9307,10261,FIRST CALL FLAGGING INC.,,Trailer,UNITED STATES (USA)
1F9308,10439,FOX HOLLOW MFG.,,Trailer,UNITED STATES (USA)
1F9309,9277,"FRONTIER RV GEORGIA, LLC",,Trailer,UNITED STATES (USA)
1F9312,10949,"FREEDOM MOTORCYCLE COMPANY, INC.",,Motorcycle,UNITED STATES (USA)
1F9314,9514,FEARLESS CHOPPERS LLC,,Motorcycle,UNITED STATES (USA)
1F9315,9542,FREEBORN CUSTOMS INC.,,Motorcycle,UNITED STATES (USA)
1F9317,1593,F.B.I. MOTOR CO.,,Motorcycle,UNITED STATES (USA)
1F9319,9835,FLOW-BOY BY HI-WAY,,Trailer,UNITED STATES (USA)
1F9321,10501,"FREEMAN CHOPPERS, LLC",,Motorcycle,UNITED STATES (USA)
1F9324,17370,"FLORIDA CUSTOM CHOPPERS, LLC",,Motorcycle,UNITED STATES (USA)
1F9325,9639,FORETRAVEL INC,,Incomplete Vehicle,UNITED STATES (USA)
1F9326,10229,"F-3 TRAILERS & FAB, LLC",,Trailer,UNITED STATES (USA)
1F9327,11166,"FACTORY DIRECT EQUIPMENT, INC.",,Trailer,UNITED STATES (USA)
1F9329,9732,FERRO TRAILERS INC.,,Trailer,UNITED STATES (USA)
1F9330,9557,"FELONY STREET GEAR COMPANY, LLC",,Motorcycle,UNITED STATES (USA)
1F9332,11810,FRANKO'S CUSTOM CYCLES INC.,,Motorcycle,UNITED STATES (USA)
1F9334,8852,FALCON TRAILERS,,Trailer,UNITED STATES (USA)
1F9335,8867,FANNTANA TRAILERS,,Trailer,UNITED STATES (USA)
1F9336,8869,"FACTORY MOTORHOMES, INC.",,Trailer,UNITED STATES (USA)
1F9339,4270,FALCON ASPHALT REPAIR EQUIPMENT,,Trailer,UNITED STATES (USA)
1F9341,7572,FASTRACK ENGINEERING,,Trailer,UNITED STATES (USA)
1F9342,11761,FREEDOM TRAILERS LLC.,,Trailer,UNITED STATES (USA)
1F9344,9933,FISCHER THARP LLC,,Trailer,UNITED STATES (USA)
1F9345,11773,FLOW TECH FABRICATORS L.L.C.,,Trailer,UNITED STATES (USA)
1F9346,9313,"FREE DRIVE EV, INC.",,Low Speed Vehicle (LSV),UNITED STATES (USA)
1F9348,10521,FORMCASTER INC.,,Trailer,UNITED STATES (USA)
1F9349,10570,FABTECH,,Trailer,UNITED STATES (USA)
1F9350,10776,"FREEBORN'S CHOP SHOP, LLC",,Motorcycle,UNITED STATES (USA)
1F9351,1313,"FAT DADDY RACING, L.C.",,Trailer,UNITED STATES (USA)
1F9353,8526,FLATT ENTERPRISES,,Trailer,UNITED STATES (USA)
1F9355,8944,"FORREST CITY MANUFACTURING, INC.",,Trailer,UNITED STATES (USA)
1F9356,9156,FOUR - W TRAILERS,,Trailer,UNITED STATES (USA)
1F9358,6432,FIBERTECH SERVICES INC.,,Trailer,UNITED STATES (USA)
1F9361,8679,FOUNDRY MOTO LLC,,Motorcycle,UNITED STATES (USA)
1F9364,12067,FARWEST GOLF DIV. OF FARWEST INDUSTRIES INC.,,Low Speed Vehicle (LSV),UNITED STATES (USA)
1F9368,11989,FORDS TRAILER SALES,,Trailer,UNITED STATES (USA)
1F9369,6400,"FLICKER GROUP, INC.",,Trailer,UNITED STATES (USA)
1F9370,6602,"VERSATILE TRAILERS, INC",,Trailer,UNITED STATES (USA)
1F9371,12175,"FABWELD, INC.",,Trailer,UNITED STATES (USA)
1F9372,6402,"FOREMOST TRUCK & TRAILER SPECIALISTS, INC.",,Trailer,UNITED STATES (USA)
1F9373,6411,"FREEMYER INDUSTRIAL PRESSURE, LP",,Trailer,UNITED STATES (USA)
1F9375,11882,"FASTLOAD ENTERPRISE, INC.",,Trailer,UNITED STATES (USA)
1F9376,11898,FABRICATORS PLUS,,Trailer,UNITED STATES (USA)
1F9377,7223,"YODER SMOKERS, INC.",,Trailer,UNITED STATES (USA)
1F9380,6136,"FMB CHOPPERS, LLC",,Motorcycle,UNITED STATES (USA)
1F9381,6704,"FIRST FUELING SYSTEMS, INC.",,Trailer,UNITED STATES (USA)
1F9382,6373,"FAT GUINEA CUSTOMS, LLC",,Motorcycle,UNITED STATES (USA)
1F9384,6375,FATMANCYCLEWORKS,,Trailer,UNITED STATES (USA)
1F9385,6717,FAST EDDIE'S CUSTOMS AND CLASSICS,,Motorcycle,UNITED STATES (USA)
1F9386,6387,"FAITH FORGOTTEN, LLC",,Motorcycle,UNITED STATES (USA)
1F9387,1488,FEMCO,,Trailer,UNITED STATES (USA)
1F9388,6725,FASTLANE LUBEMASTERS INC./FASTLANE LSV,,Low Speed Vehicle (LSV),UNITED STATES (USA)
1F9389,6617,FINELINE TRAILERS,,Trailer,UNITED STATES (USA)
1F9393,6627,FLEET EQUINE LLC,,Trailer,UNITED STATES (USA)
1F9394,6926,FORMULA TRAILERS LLC,,Trailer,UNITED STATES (USA)
1F9395,6938,FIREBLAST 451 INC.,,Trailer,UNITED STATES (USA)
1F9396,7716,FACTORY TRANSPORTS INCORPORATED,,Trailer,UNITED STATES (USA)
1F9397,7849,"FISH-N-RETREAT, INC.",,Trailer,UNITED STATES (USA)
1F9400,7857,"FIBER-TRON TRAILERS, LLC DIV OF  FIBER-TRON CORP",,Trailer,UNITED STATES (USA)
1F9402,12111,"FIREVENT, LLC",,Trailer,
1F9403,12143,FOSS DEVELOPING LLC,,Trailer,UNITED STATES (USA)
1F9406,11932,"FALCON MOTOR SPORTS, INC.",,Passenger Car,UNITED STATES (USA)
1F9407,13344,FORD STEEL,,Trailer,UNITED STATES (USA)
1F9408,6261,"FORTITUDE MANUFACTURING, LLC",,Trailer,UNITED STATES (USA)
1F9410,16768,"GOFSR, LLC D/B/A FREESPIRIT RECREATION",,Trailer,UNITED STATES (USA)
1F9412,6271,"FLAMING HACKSAW FABRICATION, LLC",,Trailer,UNITED STATES (USA)
1F9413,12090,FOUR TURKEYS LLC,,Trailer,UNITED STATES (USA)
1F9414,6265,FEHR'S INDUSTRIAL MANUFACTURING LLC,,Trailer,UNITED STATES (USA)
1F9415,6336,"FLEET EQUIPMENT, LLC",,Trailer,UNITED STATES (USA)
1F9417,21378,FOREST TRAILERS LLC,,Trailer,
1F9418,12267,"FLEX TEMP SYSTEMS, LLC",,Trailer,UNITED STATES (USA)
1F9420,13378,GEM MOTORSPORTS,,Trailer,UNITED STATES (USA)
1F9421,7792,FREEDOM FABRICATION,,Trailer,UNITED STATES (USA)
1F9424,1511,FIVE DIAMOND TRAILERS,,Trailer,UNITED STATES (USA)
1F9432,7832,FIVE STARS TRAILERS LIMITED LIABILITY CO.,,Trailer,UNITED STATES (USA)
1F9434,965,FULMER FABRICATIONS,,Motorcycle,UNITED STATES (USA)
1F9436,7613,FOOD-TRAILERS INC.,,Trailer,UNITED STATES (USA)
1F9437,7627,"FLEET MASTERS, INC.",,Trailer,UNITED STATES (USA)
1F9438,6770,FIDO MOTORS,,Motorcycle,UNITED STATES (USA)
1F9440,13664,FIDELITY MANUFACTURING,,Trailer,UNITED STATES (USA)
1F9441,11988,FLAUNT ELECTRIC VEHICLES,,Motorcycle,UNITED STATES (USA)
1F9445,13774,"FTG EQUIPMENT SOLUTIONS, INC.",,Trailer,UNITED STATES (USA)
1F9446,14011,"FUNBUDDY, INC.",,Trailer,UNITED STATES (USA)
1F9447,13665,FMD FABRICATION SERVICES,,Trailer,UNITED STATES (USA)
1F9448,5368,"FIRE PLUS, LLC.",,Trailer,UNITED STATES (USA)
1F9449,13999,FRANCIS TRAILER MANUFACTURING INC.,,Trailer,UNITED STATES (USA)
1F9451,16474,FNA GROUP INC,,Trailer,UNITED STATES (USA)
1F9452,13669,"FUKUSHU, INC.",,Trailer,UNITED STATES (USA)
1F9454,15697,FABCO FABRICATION INC.,,Trailer,UNITED STATES (USA)
1F9455,14023,FOREVER CONCESSION TRAILERS LLC.,,Trailer,UNITED STATES (USA)
1F9456,14122,FULL THROTTLE PERFORMANCE FABRICATION,,Trailer,UNITED STATES (USA)
1F9457,14688,"FLEX TRAILERS, LLC",,Trailer,UNITED STATES (USA)
1F9462,14827,"FERGUSON FARMS, INC",,Trailer,UNITED STATES (USA)
1F9463,18950,"FABTECH, LLC",,Trailer,UNITED STATES (USA)
1F9464,14953,"FWT-DW, LTD.",,Trailer,UNITED STATES (USA)
1F9465,15068,FORESHEE FLATBED LADDERS & MFG LLC,,Trailer,UNITED STATES (USA)
1F9467,15086,FLIR DETECTION INC.,,Trailer,UNITED STATES (USA)
1F9468,15162,FLEXTOP TRAILERS LLC,,Trailer,UNITED STATES (USA)
1F9471,15363,FABWORKS & SERVICES LLC,,Trailer,UNITED STATES (USA)
1F9474,15598,FALL RIVER FABRICATION LLC,,Trailer,UNITED STATES (USA)
1F9475,15970,FWM INC.,,Trailer,UNITED STATES (USA)
1F9477,18667,"FABRICATION AND MAINTENANCE SERVICE, LLC",,Trailer,UNITED STATES (USA)
1F9479,15583,FARMHOUSE INVESTMENTS LLC,,Trailer,
1F9480,16312,FAIRVIEW AUTOMATED BURNOUTS,,Trailer,UNITED STATES (USA)
1F9482,19335,FATMAN CYCLES,,Motorcycle,UNITED STATES (USA)
1F9483,20189,FOREST REBEL DESIGN LLC DBA FORT CAMPERS,,Trailer,UNITED STATES (USA)
1F9489,17973,FOUR MILE FABRICATION LLC,,Trailer,UNITED STATES (USA)
1F9490,17866,FAST TOYS,,Trailer,UNITED STATES (USA)
1F9491,18205,RUSSELL RECE HEATON (FOREVER BUNKHOUSES),,Trailer,UNITED STATES (USA)
1F9492,18345,FAULKNER LLC.,,Trailer,UNITED STATES (USA)
1F9493,18331,"FOX TEARDROP CAMPER, LLC",,Trailer,UNITED STATES (USA)
1F9494,18598,"FRYFOGLE MANUFACTURING, INC.",,Trailer,UNITED STATES (USA)
1F9497,18516,"FOOD TRAILERS, INC.",,Trailer,UNITED STATES (USA)
1F9500,18759,FLEXTECH ENTERPRISES,,Trailer,UNITED STATES (USA)
1F9501,18563,FAST FLOW LLC.,,Trailer,UNITED STATES (USA)
1F9503,18801,FARM BOSS TRAILERS,,Trailer,UNITED STATES (USA)
1F9504,20823,"FIREFLY, LLC",,Trailer,
1F9507,19256,FOOTHILLS CUSTOM CABINS LLC,,Trailer,UNITED STATES (USA)
1F9509,19421,FAST CARGO LLC,,Trailer,UNITED STATES (USA)
1F9510,19401,"FABBRO INDUSTRIES, LLC",,Motorcycle,UNITED STATES (USA)
1F9511,19455,"FREEDOM TRAILERS, INC. (INDIANA)",,Trailer,UNITED STATES (USA)
1F9512,19558,"FANTOM TEARDROPS, LLC",,Trailer,UNITED STATES (USA)
1F9513,19583,FOWLER WELDING AND REPAIR,,Trailer,UNITED STATES (USA)
1F9514,19581,FEHR TRAILERS,,Trailer,UNITED STATES (USA)
1F9515,19641,AGRICOMM TRANSPORT LLC DBA FLOATRIDE TRAILERS,,Trailer,UNITED STATES (USA)
1F9517,19653,"FED SAFETY SYSTEMS, LLC",,Trailer,UNITED STATES (USA)
1F9519,19807,FINISHLINE MOTORSPORTS,,Trailer,UNITED STATES (USA)
1F9520,21091,FALCON MOTORS CORPORATION,,Passenger Car,
1F9522,19951,FAT BOY TRAILERS,,Trailer,UNITED STATES (USA)
1F9526,20094,FLUX HORIZON MANUFACTURING LLC,,Trailer,UNITED STATES (USA)
1F9527,20089,FABRINEERING LLC,,Trailer,UNITED STATES (USA)
1F9528,20330,FRUITLAND PARK TRAILERS,,Trailer,UNITED STATES (USA)
1F9529,20198,FRACTAL,,Trailer,
1F9531,20233,FOOD TRUCKS USA,,Trailer,UNITED STATES (USA)
1F9532,20317,FS DESIGNS USA LLC,,Trailer,UNITED STATES (USA)
1F9533,20793,FRAMED UP LLC DBA HOME GROWN CHOPPERS,,Motorcycle,UNITED STATES (USA)
1F9534,20339,FYNN TRAILERS LLC,,Trailer,UNITED STATES (USA)
1F9536,20941,FIREX LLC DBA EWHEELZ,,Low Speed Vehicle (LSV),UNITED STATES (USA)
1F9537,20526,FONZIS TRAILERS,,Trailer,UNITED STATES (USA)
1F9540,20453,FINLEY'S SERVICES LLC,,Low Speed Vehicle (LSV),UNITED STATES (USA)
1F9542,20619,F/8 TRAILERS,,Trailer,UNITED STATES (USA)
1F9543,20672,FABMETALS INC.,,Trailer,UNITED STATES (USA)
1F9544,20675,FOX VALLEY WELDING LLC,,Trailer,UNITED STATES (USA)
1F9545,20920,FAMILY GARDEN TRAILERS,,Trailer,UNITED STATES (USA)
1F9546,21020,"FREE RANGE, LLC",,Trailer,UNITED STATES (USA)
1F9547,20812,FLY BY WHOLESALE LLC,,Trailer,UNITED STATES (USA)
1F9548,20794,FUELTEC SYSTEMS LLC,,Trailer,UNITED STATES (USA)
1F9549,19466,FITZGIBBONS FLEET FABRICATORS,,Trailer,UNITED STATES (USA)
1F9550,21144,FLINSTONE TRAILERS AND EQUIPMENT LLC,,Trailer,UNITED STATES (USA)
1F9552,23433,FRANK D ULLMAN III LLC,,Motorcycle,UNITED STATES (USA)
1F9553,21280,FOCAL TECHNOLOGIES. INC.,,Trailer,
1F9554,21279,FOODCART USA CORP,,Trailer,
1F9555,22498,FIVE STAR BOAT TRAILERS LLC,,Trailer,UNITED STATES (USA)
1F9556,21392,FISHER TINY HOMES,,Trailer,
1F9558,21537,FORECAST SALES INC.,,Trailer,
1F9559,21510,FAUDOA TACO CARTS & TRAILERS LLC,,Trailer,
1F9560,16422,FOUTS BROS. INC. D/B/A SMYRNA TRUCK & CARGO,,Trailer,
1F9561,21643,FLOWERS CUSTOM TRAILERS & REPAIR LLC,,Trailer,UNITED STATES (USA)
1F9562,21676,FLORIDA BUILT TRAILERS LLC,,Trailer,
1F9564,23113,"FORTEL TRAFFIC, INC.",,Trailer,
1F9566,21913,FLEET TECH INC,,Trailer,
1F9568,22046,FREEDOM BUILDERS,,Trailer,
1F9569,22141,FORTE BIMETAL,,Trailer,UNITED STATES (USA)
1F9570,22662,FIRST PHASE MARINE LLC,,Trailer,
1F9571,21562,FGR MECHANICAL INC,,Trailer,
1F9572,22922,FLIVVER ELECTRIC VEHICLES,,Low Speed Vehicle (LSV),
1F9573,22091,FOURMEN MFG,,Trailer,
1F9574,22137,"FAR-OUT TRAILER, LLC",,Trailer,
1F9575,22152,FINISH STRONG TRAILERS,,Trailer,UNITED STATES (USA)
1F9576,22518,FOOD CARTS UNLIMITED,,Trailer,
1F9579,22511,FIVE HUNDRED INC,,Trailer,UNITED STATES (USA)
1F9580,22503,"FD INTERNATIONAL, INC.",,Trailer,UNITED STATES (USA)
1F9581,22587,FOOD TRAILER PROS,,Trailer,
1F9582,22628,FAT ELECTRIC LLC,,Low Speed Vehicle (LSV),UNITED STATES (USA)
1F9583,22650,FUSIONZ LLC,,Motorcycle,UNITED STATES (USA)
1F9584,22699,FALCON TRAILERS LLC,,Trailer,
1F9585,22982,FINERSON BROTHERS LLC,,Trailer,UNITED STATES (USA)
1F9586,23096,FISH TX LLC,,Trailer,
1F9587,23184,"FRONTIER UNLIMITED, LLC",,Trailer,
1F9589,23253,FADING WEST HOMES,,Trailer,UNITED STATES (USA)
1F9590,23248,"FIVE STAR FABRICATIONS, INC",,Trailer,
1F9592,23373,FLEX SECURITY LLC.,,Trailer,
1F9593,23431,FOOD TRUCK DEPOT,,Trailer,UNITED STATES (USA)
1F9596,23945,FAULT LINE TRAILERS AND AUTO SALES LLC,,Trailer,UNITED STATES (USA)
1F9599,23924,FIRST CLASS BODIES LLC,,Trailer,
1F9600,24199,SPOG TRAILERS LLC,,Trailer,
1F9602,24718,"FAMILY FORGE UTILITY TRAILERS ,LLC",,Trailer,
1F9603,24695,FEHRING ORNAMENTAL IRON WORKS,,Trailer,
1F9607,25017,"FIREBOLT EQUIPMENT, LLC",,Trailer,UNITED STATES (USA)
1F9608,25120,"FAST DMS, LLC",,Trailer,
1F9610,25116,FL CUSTOM TRAILERS LLC,,Trailer,UNITED STATES (USA)
1F9611,25165,FAB COUNTRY OUTFITTERS LLC,,Trailer,
1F9612,25349,FUHLTILT INDUSTRIES LLC.,,Trailer,
1F9613,25316,"FACIL NOW, INC.",,Trailer,
1F9614,25466,FACOP LLC,,Trailer,
1F9615,25579,FOXLINK SYSTEMS CORPORATION,,Trailer,UNITED STATES (USA)
1F9616,25661,FLORIDA LSV GROUP LLC,,Low Speed Vehicle (LSV),
1F9617,25778,"FLEET MAINTENANCE, INC.",,Trailer,
1F9618,25810,FAYMONVILLE MANUFACTURING LLC,,Trailer,UNITED STATES (USA)
1F9619,25764,FAITH BUILT TRAILERS LLC,,Trailer,UNITED STATES (USA)
1F9640,13149,BIG A MFG CO,,Trailer,UNITED STATES (USA)
1F9655,11266,"ADVANCED BOAT TRAILERS, INC.",,Trailer,UNITED STATES (USA)
1F9682,1552,"DIW ENGINEERING & FABRICATION, LLC",,Trailer,UNITED STATES (USA)
1F9715,11804,"AZTEC TRAILER, INC.",,Trailer,UNITED STATES (USA)
1F9797,10300,MOOSE BOATS,,Trailer,UNITED STATES (USA)
1F9822,8834,TOMKEN MACHINE INC.,,Trailer,UNITED STATES (USA)
1F9948,9673,"SMACK TRAILERS, LLC",,Trailer,UNITED STATES (USA)
1F9FCL,10044,"FLAT CREEK LODGES, INC.",,Trailer,UNITED STATES (USA)
1F9FT1,14541,"SEAGRAVE FIRE APPARATUS, LLC",,Truck,UNITED STATES (USA)
1F9FT2,14541,"SEAGRAVE FIRE APPARATUS, LLC",,Truck,UNITED STATES (USA)
1F9ST1,14541,"SEAGRAVE FIRE APPARATUS, LLC",,Truck,UNITED STATES (USA)
1F9ST2,14541,"SEAGRAVE FIRE APPARATUS, LLC",,Truck,UNITED STATES (USA)
1FA,976,FORD MOTOR COMPANY,FORD,Passenger Car,UNITED STATES (USA)
1FB,976,FORD MOTOR COMPANY,FORD,Bus,UNITED STATES (USA)
1FC,976,FORD MOTOR COMPANY,FORD,Incomplete Vehicle,UNITED STATES (USA)
1FD,976,FORD MOTOR COMPANY,FORD,Incomplete Vehicle,UNITED STATES (USA)
1FL,976,FORD MOTOR COMPANY,TH!NK,Passenger Car,NORWAY
1FM,976,FORD MOTOR COMPANY,FORD,Multipurpose Passenger Vehicle (MPV),UNITED STATES (USA)
1FT,976,FORD MOTOR COMPANY,FORD,Truck,UNITED STATES (USA)
1FU,1024,DAIMLER TRUCK NORTH AMERICA LLC,FREIGHTLINER,Truck,UNITED STATES (USA)
1FV,1024,DAIMLER TRUCK NORTH AMERICA LLC,FREIGHTLINER,Incomplete Vehicle,UNITED STATES (USA)
1FW,8234,METAL CRAFT MANUFACTURING LLC,METAL CRAFT TRAILERS,Trailer,UNITED STATES (USA)
1FY,13390,"FREEDOM OUTDOOR PRODUCTS, INC.",FREEDOM OUTDOOR PRODUCTS,Trailer,UNITED STATES (USA)
1G0,984,GENERAL MOTORS LLC,OPEL,Passenger Car,UNITED STATES (USA)
1G1,984,GENERAL MOTORS LLC,CHEVROLET,Passenger Car,UNITED STATES (USA)
1G2,984,GENERAL MOTORS LLC,PONTIAC,Passenger Car,UNITED STATES (USA)
1G3,984,GENERAL MOTORS LLC,OLDSMOBILE,Passenger Car,UNITED STATES (USA)
1G4,984,GENERAL MOTORS LLC,BUICK,Passenger Car,UNITED STATES (USA)
1G5,984,GENERAL MOTORS LLC,"GMC, PONTIAC",Multipurpose Passenger Vehicle (MPV),UNITED STATES (USA)
1G6,984,GENERAL MOTORS LLC,CADILLAC,Passenger Car,UNITED STATES (USA)
1G7,984,GENERAL MOTORS LLC,PONTIAC,Passenger Car,UNITED STATES (USA)
1G8,984,GENERAL MOTORS LLC,SATURN,Passenger Car,UNITED STATES (USA)
1G9000,11829,GREEN ELEC-MOTOR INC.,,Motorcycle,UNITED STATES (USA)
1G9004,16856,GOOD PACE INC,,Motorcycle,UNITED STATES (USA)
1G9008,9652,"GENERAL TRAILER COMPANY, INC.",,Trailer,UNITED STATES (USA)
1G9009,5480,GDM INCORPORATED,,Trailer,UNITED STATES (USA)
1G9012,3800,"JOHNIE GREGORY TRUCK BODIES, INC.",,Trailer,UNITED STATES (USA)
1G9014,4923,GORE'S TRAILER MANUFACTURERS INC.,,Trailer,UNITED STATES (USA)
1G9015,13998,GALYEAN EQUIPMENT CO.,,Trailer,UNITED STATES (USA)
1G9020,16727,GLENN ENGINEERING INC,,Trailer,UNITED STATES (USA)
1G9033,1824,GALBREATH INC.,,Trailer,UNITED STATES (USA)
1G9036,15479,G & R ENTERPRISES,,Trailer,UNITED STATES (USA)
1G9038,15532,J T ENTERPRISES,,Trailer,UNITED STATES (USA)
1G9039,16118,GETTIG TECHNOLOGIES LTD,,Trailer,UNITED STATES (USA)
1G9046,15478,G & D ENTERPRISES LTD,,Trailer,UNITED STATES (USA)
1G9057,16131,GRIGSBY TRAILER & METAL WORK CO,,Trailer,UNITED STATES (USA)
1G9059,15810,GARLOCK EQUIPMENT CO.,,Trailer,UNITED STATES (USA)
1G9061,16117,"GARNEAU'S GARAGE, INC",,Trailer,UNITED STATES (USA)
1G9064,16116,GAITWAY TRAILER COMPANY,,Trailer,UNITED STATES (USA)
1G9070,18022,"CUSTOM TRAILERS, INC.",,Trailer,UNITED STATES (USA)
1G9072,17673,"GLAS FAB, INC.",,Trailer,UNITED STATES (USA)
1G9073,13875,GLOBAL FABRICATORS,,Trailer,UNITED STATES (USA)
1G9074,16130,GRIFFIN TRAILER SALES,,Trailer,UNITED STATES (USA)
1G9077,16946,GALVANIZED INTERNATIONAL BOAT TRAILER MFG. & SERVICE,,Trailer,UNITED STATES (USA)
1G9080,17310,GRIMES-PARKER IND INC,,Trailer,UNITED STATES (USA)
1G9086,16934,GOLD STAR,,Trailer,UNITED STATES (USA)
1G9088,12445,"GRUMMAN ALLIED INDUSTRIES, INC.",,Truck,UNITED STATES (USA)
1G9091,18256,"GCL , INC.",,Trailer,UNITED STATES (USA)
1G9103,18300,GRAHAM COMPANY,,Trailer,UNITED STATES (USA)
1G9104,17770,GRAND PRIX TRAILER MANUFACTURING INC. (G.P.T.),,Trailer,UNITED STATES (USA)
1G9107,5480,GDM INCORPORATED,,Trailer,UNITED STATES (USA)
1G9108,17198,G & B MANUFACTURING CO.,,Trailer,UNITED STATES (USA)
1G9111,18127,INTERSTATE PRODUCTS INC.,,Trailer,UNITED STATES (USA)
1G9115,9854,GUZZLER MANUFACTURING INC.,,Trailer,UNITED STATES (USA)
1G9119,15810,GARLOCK EQUIPMENT CO.,,Trailer,UNITED STATES (USA)
1G9123,6256,GENERAL BODY MANUFACTURING COMPANY,,Trailer,UNITED STATES (USA)
1G9126,16911,GREEN'S WELDING AND TRAILER SALES,,Trailer,UNITED STATES (USA)
1G9130,5314,GEORGE R. LAWSON,,Trailer,UNITED STATES (USA)
1G9131,18198,GARDNER-PACIFIC CORPORATION,,Trailer,UNITED STATES (USA)
1G9134,16936,CART MASTERS INC.,,Trailer,UNITED STATES (USA)
1G9136,1915,GENERAL WELDING AND FABRICATING INC,,Trailer,UNITED STATES (USA)
1G9139,18197,GREAT LAKES TRAILERS,,Trailer,UNITED STATES (USA)
1G9141,13857,"G.L. NAUSE CO., INC.",,Trailer,UNITED STATES (USA)
1G9148,16585,GOLF CAR LIMITED,,Trailer,UNITED STATES (USA)
1G9154,16792,GOLDEN WEST HOMES,,Trailer,UNITED STATES (USA)
1G9160,5345,GULF COAST TRAILER MFG.,,Trailer,UNITED STATES (USA)
1G9164,16909,"GOODSON BUILDING SYSTEMS, INC",,Trailer,UNITED STATES (USA)
1G9165,16915,"G. C, MANUFACTURING, INC",,Trailer,UNITED STATES (USA)
1G9172,17381,GICHNER REFRIGERATED SYSTEMS DIVISION,,Trailer,UNITED STATES (USA)
1G9174,5484,GEISERT ENTERPRISES LTD,,Trailer,UNITED STATES (USA)
1G9175,5052,GOODMAN MOTORCYCLES LTD,,Motorcycle,UNITED STATES (USA)
1G9176,13875,GLOBAL FABRICATORS,,Truck,UNITED STATES (USA)
1G9178,12878,GILLESPIE WELDING AND FABRICATION,,Trailer,UNITED STATES (USA)
1G9181,5489,GREEN BROS MANUFACTURING CO,,Trailer,UNITED STATES (USA)
1G9182,17965,G&S ENTERPRISE,,Trailer,UNITED STATES (USA)
1G9188,12904,"GMR ENTERPRISES, INC",,Trailer,UNITED STATES (USA)
1G9190,13405,"GENERAL FERTILIZER EQUIPMENT, INC.",,Trailer,UNITED STATES (USA)
1G9201,1956,GROUND HEATERS INC,,Trailer,UNITED STATES (USA)
1G9222,12898,GLIDEWELL TRAILER SALES,,Trailer,UNITED STATES (USA)
1G9223,1908,GENERAL SHELTERS OF TEXAS INC,,Trailer,UNITED STATES (USA)
1G9227,9649,"GALPIN MANUFACTURING, INC",,Trailer,UNITED STATES (USA)
1G9230,1932,GERALD L. MCCOY,,Trailer,UNITED STATES (USA)
1G9231,12514,"GULLWING INTERNATIONAL MOTORS, LTD.",,Passenger Car,UNITED STATES (USA)
1G9232,1955,GROOMS WELDING AND MACHINE,,Trailer,UNITED STATES (USA)
1G9233,12513,"GULL WING INDUSTRIES, INC.",,Trailer,UNITED STATES (USA)
1G9238,12874,"GIDDINGS MACHINE COMPANY, INC.",,Trailer,UNITED STATES (USA)
1G9239,13404,GENERAL DUTY TRAILERS,,Trailer,UNITED STATES (USA)
1G9242,5310,"GENIE MANUFACTURING, INC.",,Trailer,UNITED STATES (USA)
1G9245,1760,GREAT BASIN INDUSTRIES INC.,,Trailer,UNITED STATES (USA)
1G9253,4924,GORHAM FABRICATION INC.,,Trailer,UNITED STATES (USA)
1G9255,4101,GENERAC POWER SYSTEMS INC,,Trailer,UNITED STATES (USA)
1G9262,12956,"G & C, INC.",,Low Speed Vehicle (LSV),UNITED STATES (USA)
1G9265,1952,GRIZZLY CYCLE WORKS,,Motorcycle,UNITED STATES (USA)
1G9266,1749,GRA-TER INDUSTRIES INC.,,Trailer,UNITED STATES (USA)
1G9267,1014,GOLF CARS OF ARIZONA,,Low Speed Vehicle (LSV),UNITED STATES (USA)
1G9269,5049,GOLF CART OUTLET INC,,Low Speed Vehicle (LSV),UNITED STATES (USA)
1G9270,12448,"GT MFG., INC",,Trailer,UNITED STATES (USA)
1G9271,4354,"GENERAL SHELTERS OF KENEDY, TX LTD",,Trailer,UNITED STATES (USA)
1G9272,1953,GRIZZLY MOUNTAIN MANUFACTURING,,Trailer,UNITED STATES (USA)
1G9274,5460,GAMBLE'S WELDING & FABRICATION,,Trailer,UNITED STATES (USA)
1G9276,2602,"GRAND CANYON GOLF CARS, INC.",,Low Speed Vehicle (LSV),UNITED STATES (USA)
1G9279,5478,GCA LARGO INDUSTRIES INC,,Trailer,UNITED STATES (USA)
1G9281,12887,GIVCO CUSTOM TRAILERS,,Trailer,UNITED STATES (USA)
1G9282,1755,GRANDEUR CYCLES INC,,Motorcycle,UNITED STATES (USA)
1G9283,4925,GORILLA VEHICLES,,Low Speed Vehicle (LSV),UNITED STATES (USA)
1G9285,1948,GRIMALDI'S HEATING & SHEET METAL INC,,Trailer,UNITED STATES (USA)
1G9288,4098,GEMINI AUTO & TRAILER INC,,Trailer,UNITED STATES (USA)
1G9289,4352,GENERAL RICH ENTERPRISES LLC EVO-NTS TRL.,,Trailer,UNITED STATES (USA)
1G9292,1950,"GRISWOLD MACHINE & ENGINEERING, INC.",,Trailer,UNITED STATES (USA)
1G9295,12968,G.W. FABRICATION L.L.C.,,Trailer,UNITED STATES (USA)
1G9296,6915,"GREEN VALLEY MANUFACTURING, INC.",,Trailer,UNITED STATES (USA)
1G9297,4351,"GENERAL PURPOSE VEHICLES, INC.",,Multipurpose Passenger Vehicle (MPV),UNITED STATES (USA)
1G9298,12890,"GLADIATOR CUSTOM TRAILERS, INC.",,Trailer,UNITED STATES (USA)
1G9299,4715,G-FAB INC,,Trailer,UNITED STATES (USA)
1G9300,12314,GOODBRAND ENTERPRISES LLC,,Trailer,UNITED STATES (USA)
1G9302,7035,BHP INC D/B/A,,Trailer,UNITED STATES (USA)
1G9309,11592,GOOD THUNDER MOTORCYCLE CO.,,Motorcycle,UNITED STATES (USA)
1G9311,1762,GREAT LAKES CHOPPERS,,Motorcycle,UNITED STATES (USA)
1G9313,5558,GERLING AND ASSOCIATES INC,,Trailer,UNITED STATES (USA)
1G9314,4876,HIPOINT TRAILERS USA,,Trailer,UNITED STATES (USA)
1G9315,5471,"GARRETT CONTAINER SYSTEM, INC",,Trailer,UNITED STATES (USA)
1G9322,5563,GHORMLEY MECHANICAL INDUSTRIES INC.,,Trailer,UNITED STATES (USA)
1G9323,12447,GRUMPYS CUSTOM MOTORCYCLES INC.,,Motorcycle,UNITED STATES (USA)
1G9324,1758,"GRASSHOPPER ENTERPRISES, INC.",,Trailer,UNITED STATES (USA)
1G9334,11092,"GS MANUFACTURING, LLC",,Trailer,UNITED STATES (USA)
1G9336,5872,"GLOBE TRAILER MANUFACTURING, INC.",,Trailer,UNITED STATES (USA)
1G9339,10906,"GOOD TIME OUTDOORS, INC.",,Trailer,UNITED STATES (USA)
1G9340,8769,GRYPHON BIKES & CHOPPERS,,Motorcycle,UNITED STATES (USA)
1G9341,8804,"GRAVES CUSTOM CYCLES, LLC",,Motorcycle,UNITED STATES (USA)
1G9343,9005,GROUND FORCE MANUFACTURING LLC,,Trailer,UNITED STATES (USA)
1G9345,9469,GALION MANUFACTURING CO.,,Trailer,UNITED STATES (USA)
1G9346,9672,"NORTHSTAR FABRICATION & MACHINE, INC.",,Trailer,UNITED STATES (USA)
1G9348,9902,"GREAT LAKES TRAILER COMPANY, LLC",,Trailer,UNITED STATES (USA)
1G9350,9707,GSE CUSTOM CARS AND CYCLES INC.,,Motorcycle,UNITED STATES (USA)
1G9352,10157,GT'S BOAT WORKS,,Trailer,UNITED STATES (USA)
1G9356,10173,"GRAVITY CONCEPTS MANUFACTURING, LLC",,Trailer,UNITED STATES (USA)
1G9358,11116,GREAT AMERICAN CHOPPER,,Motorcycle,UNITED STATES (USA)
1G9359,8888,GS MOTOR COMPANY,,Motorcycle,UNITED STATES (USA)
1G9361,9977,GAM LLC,,Motorcycle,UNITED STATES (USA)
1G9365,9990,GEAR JAMMER CUSTOMS,,Motorcycle,UNITED STATES (USA)
1G9367,10005,GEARHEADS INC.,,Motorcycle,UNITED STATES (USA)
1G9369,10030,GOLD STAR COMMUNICATIONS,,Trailer,UNITED STATES (USA)
1G9371,10029,GOOSE CREEK ENTERPRISES,,Trailer,UNITED STATES (USA)
1G9372,10785,GEAR GASM CYCLE,,Motorcycle,UNITED STATES (USA)
1G9373,11829,GREEN ELEC-MOTOR INC.,,Motorcycle,UNITED STATES (USA)
1G9376,11168,"GR TRAILERS, LLC",,Trailer,UNITED STATES (USA)
1G9377,11346,GREAT WOLF TRAILERS LLC,,Trailer,UNITED STATES (USA)
1G9378,11369,"GRIFFITH CHOPPERS, INC.",,Motorcycle,UNITED STATES (USA)
1G9379,11385,"THE GLASS HAND, INC.",,Trailer,UNITED STATES (USA)
1G9380,10974,GOLD STAR CUSTOM TRAILERS,,Trailer,UNITED STATES (USA)
1G9381,11750,GUERDON ENTERPRISES LLC,,Trailer,UNITED STATES (USA)
1G9384,10533,GICHNER TRUCK BODIES,,Trailer,UNITED STATES (USA)
1G9385,10529,"GARDNER DENVER, WATER JETTING SYSTEMS, INC.",,Trailer,UNITED STATES (USA)
1G9388,19276,HYBRID TRAILER CO LLC,,Trailer,UNITED STATES (USA)
1G9389,8987,GREAT WHITE TRAILERS,,Trailer,UNITED STATES (USA)
1G9391,7564,"GEMINI AUTO LIFTS, INC.",,Trailer,UNITED STATES (USA)
1G9392,13343,"G & K STEELWORKS, INC",,Trailer,UNITED STATES (USA)
1G9393,8942,"G-2, USA",,Motorcycle,UNITED STATES (USA)
1G9395,9366,"GFORCE FABRICATION, INC.",,Trailer,UNITED STATES (USA)
1G9396,23221,GREENFIELD PRODUCTS LLC,,Trailer,
1G9397,12077,GEMCO PARK HOMES LLC,,Trailer,UNITED STATES (USA)
1G9398,6430,"GENERAL SERVICES, INC.",,Trailer,UNITED STATES (USA)
1G9401,7030,"GATEWAY MATERIALS, INC.",,Trailer,UNITED STATES (USA)
1G9402,11857,"GUAM STEEL SERVICES, LLC",,Motorcycle,UNITED STATES (USA)
1G9404,11927,GUARDAIN TRAILERS INC.,,Trailer,UNITED STATES (USA)
1G9408,7056,GRABILL RV MANUFACTURING COMPANY,,Trailer,UNITED STATES (USA)
1G9409,6377,"GENERAL CRANE SERVICE, INC.",,Trailer,UNITED STATES (USA)
1G9410,6666,"GREEN POWER TECHNOLOGY, LLC",,Trailer,UNITED STATES (USA)
1G9411,15002,CITECAR LLC,,Low Speed Vehicle (LSV),UNITED STATES (USA)
1G9412,6678,GRAND LAKE FABRICATION LLC,,Trailer,UNITED STATES (USA)
1G9413,12174,G & G FAB,,Trailer,UNITED STATES (USA)
1G9414,6680,GEM-L INC.,,Trailer,UNITED STATES (USA)
1G9415,11881,GANZCORP INVESTMENTS INC.,,Trailer,UNITED STATES (USA)
1G9416,11901,GRAND PRIX TRAILER SALES LLC DBA AMERICAN PRIDE TRAILERS,,Trailer,UNITED STATES (USA)
1G9417,12156,"GATOR MOTO UTILITY VEHICLES & MORE LLC, DBA MOTO ELECTRIC VEHICLES",,Motorcycle,UNITED STATES (USA)
1G9418,4348,GENERAL MACHINE PRODUCTS (KT) LLC.,,Trailer,UNITED STATES (USA)
1G9419,6168,"GLOBAL PUMP COMPANY, LLC",,Trailer,UNITED STATES (USA)
1G9420,12971,GABILAN WELDING INC.,,Trailer,UNITED STATES (USA)
1G9423,6150,"G & G METAL FABRICATION, INC.",,Trailer,UNITED STATES (USA)
1G9424,11909,GUERILLA CUSTOMS,,Trailer,UNITED STATES (USA)
1G9425,11909,GUERILLA CUSTOMS,,Motorcycle,UNITED STATES (USA)
1G9426,7758,GAP HILL ALUMINUM SHOP,,Trailer,UNITED STATES (USA)
1G9427,1463,GREAT PLAINS FABRICATION LLC,,Trailer,UNITED STATES (USA)
1G9432,7443,"GRAHAM GOLF CARS, INC",,Low Speed Vehicle (LSV),UNITED STATES (USA)
1G9433,7234,GARLAND TRAILER DESIGNS,,Trailer,UNITED STATES (USA)
1G9437,1136,GENUINE JACKS MANUFACTURING INC,,Trailer,UNITED STATES (USA)
1G9438,6907,"GRAETZ MANUFACTURING, INC.",,Trailer,UNITED STATES (USA)
1G9441,7461,"GRACE INDUSTRIES, LLC",,Trailer,UNITED STATES (USA)
1G9442,6625,GE TRAILERS,,Trailer,UNITED STATES (USA)
1G9444,7410,GSN CUSTOMS,,Motorcycle,UNITED STATES (USA)
1G9445,12108,"GREENLITE TRAILERS, LLC",,Trailer,UNITED STATES (USA)
1G9446,1457,GRAND ISLAND MANUFACTURING,,Trailer,UNITED STATES (USA)
1G9448,7898,"GLOBAL VACUUM SYSEMS, INC.",,Trailer,UNITED STATES (USA)
1G9449,13468,GARCIA INDUSTRIES; L.L.P,,Trailer,UNITED STATES (USA)
1G9452,6264,GOTWALS BROTHERS LLC,,Trailer,UNITED STATES (USA)
1G9453,7955,"LUKE WATSON / GLENN MANN DBA GORILLA BUILT ENTERPRISES, INC.",,Trailer,UNITED STATES (USA)
1G9454,6545,GANGSTER CHOPPERS INCORPORATED,,Motorcycle,UNITED STATES (USA)
1G9455,6446,VESSEL SERVICE CO.,,Trailer,UNITED STATES (USA)
1G9458,6079,GLOBAL STEEL,,Trailer,UNITED STATES (USA)
1G9459,16598,"GUARDIAN TRAILER INC. A DIVISION OF ROGUE JET BOATWORKS, INC.",,Trailer,UNITED STATES (USA)
1G9460,6256,GENERAL BODY MANUFACTURING COMPANY,,Trailer,UNITED STATES (USA)
1G9461,13354,GE PACKAGED POWER INC,,Trailer,UNITED STATES (USA)
1G9462,19737,GLOBAL ENVIRONMENTAL PRODUCTS INC,,Truck,UNITED STATES (USA)
1G9467,16534,"GENESIS SUPREME RV, INC.",,Trailer,UNITED STATES (USA)
1G9470,6493,"GIBSON BROTHERS WELDING, INC.",,Trailer,UNITED STATES (USA)
1G9471,12120,"GAMBLER ENTERPRISES, INC.",,Trailer,UNITED STATES (USA)
1G9474,12213,GK MACHINE INC.,,Trailer,UNITED STATES (USA)
1G9475,12139,GENE'S GOLF CARS INC.,,Low Speed Vehicle (LSV),UNITED STATES (USA)
1G9478,1496,GLOBAL TRUCK & TRAILER SALES,,Trailer,UNITED STATES (USA)
1G9480,1503,"GLOBAL INVENTIVE INDUSTRIES, INC.",,Trailer,UNITED STATES (USA)
1G9483,19126,"GEFCO, INC. AN ASTEC INDUSTRIES CO.",,Trailer,UNITED STATES (USA)
1G9484,1643,GEISTWERKS LLC,,Trailer,UNITED STATES (USA)
1G9485,7362,GREEN INTERNATIONAL SOLUTIONS INC.,,Trailer,UNITED STATES (USA)
1G9486,23640,"GATOR PIT OF TEXAS, LP",,Trailer,
1G9487,6051,GERDES FABRICATING INC.,,Trailer,UNITED STATES (USA)
1G9491,7354,"GREGORY RACING FABRICATIONS, INC.",,Trailer,UNITED STATES (USA)
1G9492,15007,GREENPOWER MOTOR COMPANY INC.,,Bus,UNITED STATES (USA)
1G9493,12156,"GATOR MOTO UTILITY VEHICLES & MORE LLC, DBA MOTO ELECTRIC VEHICLES",,Low Speed Vehicle (LSV),UNITED STATES (USA)
1G9495,1151,GOOGLE AUTO LLC,,Low Speed Vehicle (LSV),UNITED STATES (USA)
1G9497,7170,GREAT LAKES TEARDROPS LC,,Trailer,UNITED STATES (USA)
1G9500,7152,GREASYHILL CUSTOMS,,Trailer,UNITED STATES (USA)
1G9502,7187,"GIRTZ INDUSTRIES, INC.",,Trailer,UNITED STATES (USA)
1G9503,7318,GRANDWATT ELECTRIC CORP,,Trailer,UNITED STATES (USA)
1G9507,11991,"GICON PUMPS AND EQUIPMENT, INC.",,Trailer,UNITED STATES (USA)
1G9508,13835,CALNAN ENTERPRISES INC.,,Trailer,UNITED STATES (USA)
1G9509,13767,GBA SALES CONSIGNMENT & RENTAL LLC,,Trailer,UNITED STATES (USA)
1G9510,13611,"GOLDEN GAIT TRAILERS, LLC",,Trailer,UNITED STATES (USA)
1G9511,13935,"GREEN HOP'R, LLC",,Trailer,UNITED STATES (USA)
1G9512,13574,"GULF SOUTH TRAILER WORKS, LLC.",,Trailer,UNITED STATES (USA)
1G9514,17956,GORMAN TRAILERS,,Trailer,UNITED STATES (USA)
1G9515,14916,GATEWAY TEARDROPS LLC,,Trailer,UNITED STATES (USA)
1G9518,14652,"GENAVE/NRC, INC.",,Trailer,UNITED STATES (USA)
1G9519,14625,"GROOVY ADVENTURES, INC. DBA SLEEP AND GO",,Trailer,UNITED STATES (USA)
1G9522,21874,GALE MARINE LLC,,Trailer,UNITED STATES (USA)
1G9523,14708,"GARDNER CRYOGENICS, A DEPT OF AIR PRODUCTS & CHEMICALS, INC.",,Trailer,
1G9526,25400,GANDALL LLC.,,Trailer,
1G9527,15669,OXBO INTERNATIONAL CORP.,,Trailer,UNITED STATES (USA)
1G9528,15015,GUN FIGHTER CUSTOMS,,Motorcycle,UNITED STATES (USA)
1G9529,15015,GUN FIGHTER CUSTOMS,,Trailer,UNITED STATES (USA)
1G9531,15547,"GO RV, INC",,Trailer,UNITED STATES (USA)
1G9532,15748,GULF COAST SPORTS AE & S LLC,,Trailer,UNITED STATES (USA)
1G9533,15973,GALAXY AMERICA INC,,Trailer,UNITED STATES (USA)
1G9535,15903,GRIGGS SOUTHERN SPORTZ LLC,,Low Speed Vehicle (LSV),UNITED STATES (USA)
1G9537,16355,GFA TRAILERS LLC,,Trailer,UNITED STATES (USA)
1G9538,16393,"GO RITE TRAILERS, INC.",,Trailer,UNITED STATES (USA)
1G9539,17163,GOLDEN BUILDING CORPORATION,,Trailer,UNITED STATES (USA)
1G9540,17256,GREENHEAD TRAILERS,,Trailer,UNITED ARAB EMIRATES
1G9542,17360,"GOBOB PIPE AND STEEL SALES, LLC",,Trailer,UNITED STATES (USA)
1G9543,17085,GARDNER AUTOMOTIVE SERVICES  LLC,,Low Speed Vehicle (LSV),UNITED STATES (USA)
1G9544,17385,"GGAP ENTERPRISES, LLC",,Low Speed Vehicle (LSV),UNITED STATES (USA)
1G9545,21444,VICINITY MOTOR (BUS) USA CORP,,Bus,UNITED STATES (USA)
1G9547,18171,G-FORCE TRAILERS LLC,,Trailer,UNITED STATES (USA)
1G9549,18422,GUERRA TRUCK CENTER LLC,,Trailer,UNITED STATES (USA)
1G9552,20462,GREEN COPPERFIELD LLC,,Trailer,UNITED STATES (USA)
1G9553,18665,"GRAINGER ENTERPRISES INC, DBA CARGO DECK, LLC",,Trailer,UNITED STATES (USA)
1G9554,18810,"GABRIEL LOGAN, LLC",,Trailer,UNITED STATES (USA)
1G9555,18575,GLOBAL EQUIPMENT COMPANY INC.,,Trailer,UNITED STATES (USA)
1G9557,18681,GOLF CART OUTLET OF MOUNT AIRY,,Low Speed Vehicle (LSV),UNITED STATES (USA)
1G9560,18913,"GPS TRAILERS, LLC",,Trailer,UNITED STATES (USA)
1G9562,1404,JMR MANUFACTURING LLC,,Trailer,
1G9563,18990,GP TRAILERS INC,,Trailer,UNITED STATES (USA)
1G9565,19140,"GAPVAX, INC.",,Trailer,UNITED STATES (USA)
1G9568,19640,GOLDEN CARGO UTILITY TRAILER SALES LLC,,Trailer,UNITED STATES (USA)
1G9569,19338,GENCOR INDUSTRIES INC.,,Trailer,UNITED STATES (USA)
1G9571,19458,"GROVE CREEK FABRICATION, LLC",,Trailer,UNITED STATES (USA)
1G9573,19488,G&R MANUFACTURING LLC,,Trailer,UNITED STATES (USA)
1G9575,19570,GLADIATOR MANUFACTURING,,Trailer,UNITED STATES (USA)
1G9576,20266,GREEN MOUNTAIN TRAILERS LLC,,Trailer,UNITED STATES (USA)
1G9577,20578,GTO SALES LLC,,Trailer,UNITED STATES (USA)
1G9578,19673,GOLF-RIDES LLC,,Low Speed Vehicle (LSV),UNITED STATES (USA)
1G9579,19705,GOLF CART CONNECTION LLC,,Low Speed Vehicle (LSV),UNITED STATES (USA)
1G9580,19727,"GO FABRICATION, LLC",,Low Speed Vehicle (LSV),UNITED STATES (USA)
1G9582,19751,GREEN LINE EQUIPMENT LLC,,Trailer,UNITED STATES (USA)
1G9583,19800,GURP,,Trailer,UNITED STATES (USA)
1G9584,19823,GLOBAL FABRICATION AND MARINE LLC,,Trailer,UNITED STATES (USA)
1G9585,20047,G3 FABRICATION LLC,,Trailer,UNITED STATES (USA)
1G9586,19878,GENCO MINE SERVICE,,Trailer,UNITED STATES (USA)
1G9588,19884,GRAY'S TRAILER SALES AND SERVICE LLC,,Trailer,UNITED STATES (USA)
1G9589,19896,"TRIPLE GGG TRAILER ENTERPRISES, LLC",,Trailer,UNITED STATES (USA)
1G9592,20143,GATORBACK TRAILER SALES & SERVICE LLC.,,Trailer,UNITED STATES (USA)
1G9593,20167,G AND G FABRICATION,,Trailer,UNITED STATES (USA)
1G9594,20164,GENESIS TRAILER,,Trailer,UNITED STATES (USA)
1G9595,20186,"G & G UTILITY TRAILERS, LLC",,Trailer,UNITED STATES (USA)
1G9596,20154,"GROUND ZERO SHELTERS, CO.",,Trailer,UNITED STATES (USA)
1G9597,20805,GORILLA TRAILERS LLC,,Trailer,UNITED STATES (USA)
1G9601,20523,GLOBALECO LLC,,Trailer,UNITED STATES (USA)
1G9602,20446,GARCIA'S TRAILERS LLC,,Trailer,UNITED STATES (USA)
1G9603,20399,GOOD-TEX LLC,,Trailer,UNITED STATES (USA)
1G9604,20432,GTI TRAILERS LLC,,Trailer,UNITED STATES (USA)
1G9605,20548,GEN-TECH INC,,Trailer,UNITED STATES (USA)
1G9606,20463,GOLF CARTS LSV HAWAII INC.,,Low Speed Vehicle (LSV),UNITED STATES (USA)
1G9611,20760,GOOSECREEK TRAILERS,,Trailer,UNITED STATES (USA)
1G9613,20914,"GIBRALTAR FABRICATION, LLC",,Trailer,UNITED STATES (USA)
1G9614,20906,GREAT LAKES STAGE COMPANY LLC,,Trailer,UNITED STATES (USA)
1G9615,21434,"GRATIMAX, LLC DBA MCELRATH TRAILERS",,Trailer,
1G9616,20901,G-CUSTOMS,,Trailer,UNITED STATES (USA)
1G9617,21099,GREG'S FABRICATION,,Trailer,UNITED STATES (USA)
1G9618,21156,"GREAT OUTDOOR COTTAGES, LLC",,Trailer,
1G9619,15007,GREENPOWER MOTOR COMPANY INC.,,Truck,UNITED STATES (USA)
1G9622,21215,GENERAL MACHINING & WELDING,,Trailer,
1G9623,20909,GEORGE P. JOHNSON COMPANY,,Trailer,
1G9624,21424,GETFOODTRAILERS.COM LLC,,Trailer,UNITED STATES (USA)
1G9626,22317,"GONTIS WELDING AND FABRICATION, LLC",,Trailer,
1G9627,21708,"GHEER BUILT, LLC",,Trailer,UNITED STATES (USA)
1G9629,21842,"GOODWATER TINY HOMES, LLC",,Trailer,UNITED STATES (USA)
1G9631,21907,GUD MOTORSPORTS LLC,,Low Speed Vehicle (LSV),UNITED STATES (USA)
1G9632,21878,GABRIEL'S WELDING & TRUCK BODY,,Trailer,UNITED STATES (USA)
1G9633,21902,GLOBAL EV CONNECT LLC,,Low Speed Vehicle (LSV),
1G9634,21916,"GLADE TOP ADVENTURES, LLC",,Trailer,UNITED STATES (USA)
1G9635,22047,GROUP LOS ANDES INC.,,Trailer,
1G9636,22128,GULFSIDE FABRICATORS,,Trailer,
1G9639,22182,GAUTIER TRAILER COMPANY LLC,,Trailer,UNITED STATES (USA)
1G9641,21619,GOOD RV EQUIPMENT INC.,,Trailer,
1G9645,22361,GULF COAST GOLF CARTS LLC,,Low Speed Vehicle (LSV),UNITED STATES (USA)
1G9646,22463,GULF BAY BUILDERS,,Trailer,UNITED STATES (USA)
1G9647,22440,GOVIEW LLC,,Trailer,
1G9648,21902,GLOBAL EV CONNECT LLC,,Motorcycle,
1G9649,21902,GLOBAL EV CONNECT LLC,,Trailer,
1G9651,22588,GRAZING SHADE LLC,,Trailer,
1G9652,23368,GOLDEN BAR & RESTAURANT EQUIPMENT LLC.,,Trailer,UNITED STATES (USA)
1G9653,7443,"GRAHAM GOLF CARS, INC",,Low Speed Vehicle (LSV),
1G9655,23005,GCP USA GROUP INC,,Low Speed Vehicle (LSV),
1G9656,23054,GAF TRAILERS,,Trailer,UNITED STATES (USA)
1G9657,23056,GARY W CLEM INC,,Trailer,
1G9659,23151,GRAND CANYON TRAILERS,,Trailer,
1G9660,15007,GREENPOWER MOTOR COMPANY INC.,,Incomplete Vehicle,UNITED STATES (USA)
1G9661,20632,GREENPOWER TRUCK BODY INC.,,Truck,UNITED STATES (USA)
1G9662,23580,GANNETT MECHANICAL SERVICES,,Trailer,UNITED STATES (USA)
1G9664,23908,"GJR MEYER SERVICE COMPANY, INC.",,Trailer,UNITED STATES (USA)
1G9666,24238,GEAR HUB TRAILERS LLC,,Trailer,UNITED STATES (USA)
1G9667,23771,GIGONE LLC,,Trailer,UNITED STATES (USA)
1G9668,23787,GM TRAILERS MANUFACTURING LLC,,Trailer,
1G9669,23861,GO EASY CART RENTALS LLC,,Low Speed Vehicle (LSV),
1G9671,23906,GOAT TRAILERS LLC,,Trailer,UNITED STATES (USA)
1G9672,23892,"GEAUX PULL TRAILERS AND RENTALS, LLC",,Trailer,
1G9673,23928,GOLDEN ROAD TRAILERS LLC,,Trailer,
1G9674,24011,GREEN RIVER CABINS LLC,,Trailer,UNITED STATES (USA)
1G9676,24171,GO DADDY LOGISTICS,,Trailer,
1G9677,24208,GEORGIA LSV LLC,,Low Speed Vehicle (LSV),UNITED STATES (USA)
1G9678,24265,GRIFFES VENTURES LLC,,Trailer,UNITED STATES (USA)
1G9679,24282,GORDIS,,Trailer,
1G9680,23198,GULF OF AMERICA MANUFACTURING LLC,,Trailer,
1G9681,24587,GRIZZLY WRECKER SALES & SERVICE INC.,,Trailer,UNITED STATES (USA)
1G9682,24746,GONE COASTAL MANUFACTURING LLC,,Low Speed Vehicle (LSV),
1G9683,25239,GUARDDAWG LLC,,Trailer,UNITED STATES (USA)
1G9684,23005,GCP USA GROUP INC,,Trailer,
1G9685,25090,GREAT DAY GOLF CARTS OF OIB LLC,,Low Speed Vehicle (LSV),UNITED STATES (USA)
1G9686,25359,GILROY FOOD TRUCKS MANUFACTURERS,,Trailer,
1G9687,25399,GRIDKO LLC,,Trailer,
1G9688,25519,"GEN 3 MFG, LLC",,Trailer,
1G9689,25707,"GRIDHORSEEV, LLC",,Incomplete Vehicle,
1G9690,25707,"GRIDHORSEEV, LLC",,Truck,
1G9691,25750,GROWING CLEAN INC,,Trailer,
1G9692,25885,GALAXY EV LLC,,Low Speed Vehicle (LSV),
1GA,984,GENERAL MOTORS LLC,CHEVROLET,Bus,UNITED STATES (USA)
1GB,984,GENERAL MOTORS LLC,CHEVROLET,Incomplete Vehicle,UNITED STATES (USA)
1GC,984,GENERAL MOTORS LLC,CHEVROLET,Truck,UNITED STATES (USA)
1GD,984,GENERAL MOTORS LLC,GMC,Incomplete Vehicle,UNITED STATES (USA)
1GE,984,GENERAL MOTORS LLC,CADILLAC,Incomplete Vehicle,UNITED STATES (USA)
1GF,3212,THE FLXIBLE CORPORATION,FLXIBLE,Bus,UNITED STATES (USA)
1GG,984,GENERAL MOTORS LLC,ISUZU,Truck,UNITED STATES (USA)
1GH,984,GENERAL MOTORS LLC,"HOLDEN, OLDSMOBILE",Multipurpose Passenger Vehicle (MPV),UNITED STATES (USA)
1GJ,984,GENERAL MOTORS LLC,GMC,Bus,UNITED STATES (USA)
1GK,984,GENERAL MOTORS LLC,GMC,Multipurpose Passenger Vehicle (MPV),UNITED STATES (USA)
1GM,984,GENERAL MOTORS LLC,PONTIAC,Multipurpose Passenger Vehicle (MPV),UNITED STATES (USA)
1GN,984,GENERAL MOTORS LLC,CHEVROLET,Multipurpose Passenger Vehicle (MPV),UNITED STATES (USA)
1GR,1073,GREAT DANE TRAILERS,GREAT DANE TRAILERS,Trailer,UNITED STATES (USA)
1GT,984,GENERAL MOTORS LLC,GMC,Truck,UNITED STATES (USA)
1GW,12446,GRUMMAN OLSON INDUSTRIES INC.,KUBVAN,Truck,UNITED STATES (USA)
1GX,12446,GRUMMAN OLSON INDUSTRIES INC.,GRUMMAN OLSON,Trailer,UNITED STATES (USA)
1GY,984,GENERAL MOTORS LLC,CADILLAC,Multipurpose Passenger Vehicle (MPV),UNITED STATES (USA)
1H9008,16847,HESSE CORPORATION,,Trailer,UNITED STATES (USA)
1H9011,5191,"HOGG & DAVIS, INC.",,Trailer,UNITED STATES (USA)
1H9014,12831,HUGHES TRAILER WORKS,,Trailer,UNITED STATES (USA)
1H9019,16942,HITCH -N-GO- TRAILERS,,Trailer,UNITED STATES (USA)
1H9020,4252,HARMON TANK CO  INC,,Trailer,UNITED STATES (USA)
1H9021,5519,HACKNEY BROS. BODY COMPANY,,Trailer,UNITED STATES (USA)
1H9039,2011,"BEE TRAILERS, INC.",,Trailer,UNITED STATES (USA)
1H9051,16003,HART TRAILER LLC,,Trailer,UNITED STATES (USA)
1H9055,1270,"D.K. HOSTETLER, INC.",,Trailer,UNITED STATES (USA)
1H9057,12560,HURST TRAILERS,,Trailer,UNITED STATES (USA)
1H9059,9857,HARDEE MANUFACTURING CO.,,Trailer,UNITED STATES (USA)
1H9062,16148,HEWITT TUBULAR PRODUCTS INC,,Trailer,UNITED STATES (USA)
1H9066,16140,HAUL-RITE INC,,Trailer,UNITED STATES (USA)
1H9068,16135,"HARRY HALL BODY SHOP, INC",,Trailer,UNITED STATES (USA)
1H9069,18083,HAMMAN ENTERPRISES,,Trailer,UNITED STATES (USA)
1H9073,16151,HYDRALIFT CORPORATION,,Trailer,UNITED STATES (USA)
1H9084,13446,"H & M MANUFACTURING, INC",,Trailer,UNITED STATES (USA)
1H9086,16138,HAMPTON HOMES CORP,,Trailer,UNITED STATES (USA)
1H9094,16136,HAMNER WELDING CO,,Trailer,UNITED STATES (USA)
1H9095,16134,H & W TRAILER WORKS INC,,Trailer,UNITED STATES (USA)
1H9097,4260,HART MFG. INC.,,Trailer,UNITED STATES (USA)
1H9098,18247,KUSTOM TRAILERS & WELDING,,Trailer,UNITED STATES (USA)
1H9104,16149,HOEDEBECK BROTHERS INC,,Trailer,UNITED STATES (USA)
1H9105,16163,INTERMOUNTAIN FIBERGLASS MFG INC,,Trailer,UNITED STATES (USA)
1H9110,17990,"HENLEY'S TRAILERS, INC.",,Trailer,UNITED STATES (USA)
1H9111,16139,HARNISCHFEGER CORPORATION,,Trailer,UNITED STATES (USA)
1H9112,13546,HERBS WELDING SHOP,,Trailer,UNITED STATES (USA)
1H9113,17684,HECO MANUFACTURING,,Trailer,UNITED STATES (USA)
1H9118,11800,SPARTAN TOOL LLC.,,Trailer,UNITED STATES (USA)
1H9123,18067,H&H MANUFACTURING,,Trailer,UNITED STATES (USA)
1H9139,2531,HANK WILLIAMS TRAILER MANUFACTURING,,Trailer,UNITED STATES (USA)
1H9149,17317,HEMCO TOOL & DIE CO,,Trailer,UNITED STATES (USA)
1H9153,17892,"HECLA MANUFACTURING CO., INC.",,Trailer,UNITED STATES (USA)
1H9154,17767,HANKINS TRIPLE H-TRAILERS & AG. PRODUCTS CORP.,,Trailer,UNITED STATES (USA)
1H9155,17730,"IKARUS USA, INC.",,Bus,UNITED STATES (USA)
1H9161,17759,HORSTMANN INDUSTRIES,,Trailer,UNITED STATES (USA)
1H9162,18354,HIGH VIEW MANUFACTURING,,Trailer,UNITED STATES (USA)
1H9163,18305,"HANQUIP, INC.",,Trailer,UNITED STATES (USA)
1H9168,17744,"HIGHWAY TRANSPORTATION EQUIPMENT CO., INC. (HY-TEC, INC.)",,Trailer,UNITED STATES (USA)
1H9171,18131,HUBLER BROS.,,Trailer,UNITED STATES (USA)
1H9178,17787,"STERLING CORPORATION DBA HOMECORP, INC.",,Trailer,UNITED STATES (USA)
1H9182,17791,HAMM MOTOR SPORTS & CUSTOM TRAILERS,,Trailer,UNITED STATES (USA)
1H9191,18166,HUSTED BIKE TRAILERS,,Trailer,UNITED STATES (USA)
1H9194,12465,HOWE BROTHERS INC.,,Trailer,UNITED STATES (USA)
1H9196,16720,HYDRA PLATFORMS MFG. INC,,Trailer,UNITED STATES (USA)
1H9197,16672,HAWKINS WESTERN WORLD,,Trailer,UNITED STATES (USA)
1H9199,16660,"HERCULES COACH & MFG. CO, INC",,Bus,UNITED STATES (USA)
1H9212,16866,HODGES CUSTOM HAULERS,,Trailer,UNITED STATES (USA)
1H9213,16685,HARCO TRAILERS,,Trailer,UNITED STATES (USA)
1H9218,16799,HESPERIA'S SCHELL CITY,,Trailer,UNITED STATES (USA)
1H9222,16761,HUNTER MARINE CORP.,,Trailer,UNITED STATES (USA)
1H9230,16800,HAYES TRUCK & TRAILERS,,Trailer,UNITED STATES (USA)
1H9231,18092,HUSKY TRAILER MANUFACTURING CO,,Trailer,UNITED STATES (USA)
1H9232,16806,HYDRA RIG INCORPORATED,,Trailer,UNITED STATES (USA)
1H9237,17274,"HYDRA TENSION, INC",,Trailer,UNITED STATES (USA)
1H9242,12642,HICKLIN ENGINEERING,,Trailer,UNITED STATES (USA)
1H9243,16947,HYDRA-LIFT TRAILERS,,Trailer,UNITED STATES (USA)
1H9245,17106,HOLLIS TRAILER SALES INC,,Trailer,UNITED STATES (USA)
1H9246,12558,"HURD'S CUSTOM MACHINERY, INC.",,Trailer,UNITED STATES (USA)
1H9248,5023,HI-LITE RV MANUFACTURING,,Trailer,UNITED STATES (USA)
1H9251,4261,HART STEEL COMPANY,,Trailer,UNITED STATES (USA)
1H9253,12986,HANNIGAN FAIRING CO LTD,,Trailer,UNITED STATES (USA)
1H9261,1040,HAYES WELDING INC,,Trailer,UNITED STATES (USA)
1H9270,16995,"HEIL ENVIRONMENTAL INDUSTRIES, LTD",,Trailer,UNITED STATES (USA)
1H9283,15779,HAWK TRAILERS INC.,,Trailer,UNITED STATES (USA)
1H9289,5578,HENSLEY FABRICATING & EQUIPMENT CO.,,Trailer,UNITED STATES (USA)
1H9295,12644,HIDDENITE METAL PRODUCTS INC,,Trailer,UNITED STATES (USA)
1H9302,4880,"HITCHCOCK, INC.",,Trailer,UNITED STATES (USA)
1H9304,5189,HOGENTOGLER & CO INC,,Trailer,UNITED STATES (USA)
1H9307,17038,HODGES MANUFACTURING INC,,Trailer,UNITED STATES (USA)
1H9311,5449,INNOVATOR MOTORCYCLES,,Motorcycle,UNITED STATES (USA)
1H9312,13043,HYMER MANUFACTURING INC.,,Trailer,UNITED STATES (USA)
1H9315,1988,"HEARTLAND MOTORCYCLE, INC.",,Motorcycle,UNITED STATES (USA)
1H9316,1987,HEARTLAND HOMES,,Trailer,UNITED STATES (USA)
1H9317,12753,HOMECO MANUFACTURED HOUSING,,Trailer,UNITED STATES (USA)
1H9325,4254,HARPER SALES,,Trailer,UNITED STATES (USA)
1H9329,4876,HIPOINT TRAILERS USA,,Trailer,UNITED STATES (USA)
1H9332,4258,HART DESIGNS,,Trailer,UNITED STATES (USA)
1H9333,971,HOMBILT TRAILERS INC,,Trailer,UNITED STATES (USA)
1H9334,12983,"HANG TIME, INC.",,Trailer,UNITED STATES (USA)
1H9335,5512,H.J. SMITH WELDING INC.,,Trailer,UNITED STATES (USA)
1H9336,12648,"HIGH COUNTRY DEVELOPERS, INC.",,Trailer,UNITED STATES (USA)
1H9337,12455,"HORTON HOMES, INC.",,Trailer,UNITED STATES (USA)
1H9344,9856,HARBOR MASTER LTD,,Trailer,UNITED STATES (USA)
1H9349,13549,"HORTON VANS, INCORPORATED",,Trailer,UNITED STATES (USA)
1H9355,6448,"HAUL-ALL, INC.",,Trailer,UNITED STATES (USA)
1H9359,5011,HERITAGE MANUFACTURING,,Trailer,UNITED STATES (USA)
1H9362,8659,HOOVER TRAILERS,,Trailer,UNITED STATES (USA)
1H9364,12597,HAN-MADE MANUFACTURING L.L.C.,,Trailer,UNITED STATES (USA)
1H9366,4255,HARRELL PERFORMANCE ENGINEERING,,Trailer,UNITED STATES (USA)
1H9367,9880,"HUNTER OUTDOOR PRODUCTS, INC",,Trailer,UNITED STATES (USA)
1H9368,5017,HERMAN LEASING INC.,,Low Speed Vehicle (LSV),UNITED STATES (USA)
1H9370,12596,HAMPTON AMUSEMENT RIDES LLC,,Trailer,UNITED STATES (USA)
1H9371,8660,HIGHLANDER PARK HOMES LLP,,Trailer,UNITED STATES (USA)
1H9372,5021,"HESS SERVICES, INC.",,Trailer,UNITED STATES (USA)
1H9379,12744,HOLT SALES AND SERVICE,,Trailer,UNITED STATES (USA)
1H9380,12752,HOME MANUFACTURING,,Trailer,UNITED STATES (USA)
1H9381,12454,HORST ROAD REPAIR LLC,,Trailer,UNITED STATES (USA)
1H9383,5572,H E M ENTERPRISES INC,,Trailer,UNITED STATES (USA)
1H9384,17414,"HI-WAY STAR, INC.",,Trailer,UNITED STATES (USA)
1H9385,5022,HESS-SEXTON CORPORATION,,Motorcycle,UNITED STATES (USA)
1H9387,10499,HI-VAC CORPORATION,,Trailer,UNITED STATES (USA)
1H9393,5190,HOGFATHER TRAILERS,,Trailer,UNITED STATES (USA)
1H9394,2067,H&H CUSTOM SOLUTIONS,,Trailer,UNITED STATES (USA)
1H9398,1885,HOG MOTORCYCLE TRAILERS,,Trailer,UNITED STATES (USA)
1H9399,5569,HELL BOUND STEEL LLC,,Motorcycle,UNITED STATES (USA)
1H9400,17467,"H & G MARINE SERVICE, INC.",,Trailer,UNITED STATES (USA)
1H9407,5354,HAULMOR,,Trailer,UNITED STATES (USA)
1H9409,5666,HAMILTON TRAILERS,,Trailer,UNITED STATES (USA)
1H9411,12472,HUESMAN ENTERPRISES INC,,Trailer,UNITED STATES (USA)
1H9414,16954,"HITCH-HIKER MFG., INC.",,Trailer,UNITED STATES (USA)
1H9415,12741,"HOLMES ENTERPRISES, INC.",,Trailer,UNITED STATES (USA)
1H9418,1886,HORIZON ANIMAL HEALTH,,Trailer,UNITED STATES (USA)
1H9421,5667,HAMLET CUSTOM HAULERS LLC,,Trailer,UNITED STATES (USA)
1H9423,9878,HOOSIER TRAILER & TRUCK EQUIPMENT INC,,Trailer,UNITED STATES (USA)
1H9424,4248,HARLEY CORP. DIV OF MTC,,Trailer,UNITED STATES (USA)
1H9426,2071,H&H WELDING & REPAIR LLC,,Trailer,UNITED STATES (USA)
1H9427,5593,HUMPHREY TRAILER,,Trailer,UNITED STATES (USA)
1H9428,5522,HAGEMAN'S CUSTOM WELDING,,Trailer,UNITED STATES (USA)
1H9429,1881,HOOCK CUSTOM TRAILERS,,Trailer,UNITED STATES (USA)
1H9431,12461,HOT SPRINGS PERFORMANCE TRAILERS,,Trailer,UNITED STATES (USA)
1H9432,12549,HEAVY HAULER TRUCKS AND EQUIPMENT,,Trailer,UNITED STATES (USA)
1H9433,12460,HOT CARTS INC,,Low Speed Vehicle (LSV),UNITED STATES (USA)
1H9436,11096,HAPPY TRAILERS,,Trailer,UNITED STATES (USA)
1H9440,1876,"HATTON FABRICATION, INC.",,Trailer,UNITED STATES (USA)
1H9441,8533,"HAYVAN MANUFACTURING BK3 INVESTMENTS, LLC",,Trailer,UNITED STATES (USA)
1H9443,12459,"HOST INDUSTRIES, INC.",,Trailer,UNITED STATES (USA)
1H9444,5168,"HARDCORE CHOPPERS, LLC",,Motorcycle,UNITED STATES (USA)
1H9445,12647,"HIGH COUNTRY ALUMINUM PRODUCTS, LLC.",,Trailer,UNITED STATES (USA)
1H9446,12464,HOUSE OF CHOPPERZ,,Motorcycle,UNITED STATES (USA)
1H9448,1882,HOOD FABRICATION INC.,,Trailer,UNITED STATES (USA)
1H9449,12651,"HIGH TORQUE MARINE, INC.",,Trailer,UNITED STATES (USA)
1H9450,10901,"HAWK MOTORS, INC.",,Motorcycle,UNITED STATES (USA)
1H9455,8845,"HUNTER DESIGN GROUP, LLC",,Passenger Car,UNITED STATES (USA)
1H9459,10254,"HEARTLAND RECREATIONAL VEHICLES, LLC",,Trailer,UNITED STATES (USA)
1H9463,9049,"HITCH AND TRAILERS OF FORT MYERS, INC.",,Trailer,UNITED STATES (USA)
1H9464,8601,HOLLAND CHOPPERS,,Motorcycle,UNITED STATES (USA)
1H9466,1396,HEISLER BOATS,,Trailer,UNITED STATES (USA)
1H9467,6855,HANCOCK INDUSTRIES,,Trailer,UNITED STATES (USA)
1H9470,9659,"HOBSON & SON, LLC",,Trailer,UNITED STATES (USA)
1H9472,8651,"HB CUSTOM COMPONENTS, INC.",,Motorcycle,UNITED STATES (USA)
1H9474,9480,"HAWES MANUFACTURING, INC.",,Trailer,UNITED STATES (USA)
1H9475,9479,HMF ENGINEERING INC.,,Motorcycle,UNITED STATES (USA)
1H9477,9695,HOG BELT BIKES INC.,,Motorcycle,UNITED STATES (USA)
1H9479,9256,HITMAN CHOPPERS,,Motorcycle,UNITED STATES (USA)
1H9481,9957,"HITCH BUDDY, INC.",,Trailer,UNITED STATES (USA)
1H9482,10150,"HIGHLAND MANUFACTURING, LLC",,Trailer,UNITED STATES (USA)
1H9483,6853,"HEDERER BUILT MFG., INC.",,Trailer,UNITED STATES (USA)
1H9484,11234,HUGHES TRAILERS,,Trailer,UNITED STATES (USA)
1H9485,10628,"H. BARBER & SONS, INC.",,Trailer,UNITED STATES (USA)
1H9486,8648,HEAVY DUTY CYCLES,,Motorcycle,UNITED STATES (USA)
1H9488,10461,"HOLE SHOT CYCLES, INC.",,Motorcycle,UNITED STATES (USA)
1H9489,10265,HILLBILLY CHOPPERS,,Motorcycle,UNITED STATES (USA)
1H9490,5862,HAMLIN TRAILER MANUFACTURERS,,Trailer,UNITED STATES (USA)
1H9491,8723,"HIGH GEAR REPAIR, INC.",,Trailer,UNITED STATES (USA)
1H9492,8889,"HBP-JAYBRAKE, LLC",,Motorcycle,UNITED STATES (USA)
1H9494,6860,"HAWAIIAN CHARIOT WHEELCHAIR MOTORBIKES, LLC",,Motorcycle,UNITED STATES (USA)
1H9495,10007,"HARDBIKES, LLC",,Motorcycle,UNITED STATES (USA)
1H9496,8470,HARRIS CUSTOM CYCLES,,Motorcycle,UNITED STATES (USA)
1H9498,10443,HILLTOP CUSTOM CYCLE,,Motorcycle,UNITED STATES (USA)
1H9499,11557,HOLT BROTHERS CUSTOMS INC.,,Motorcycle,UNITED STATES (USA)
1H9500,9840,"HYDRO ENGINEERING, INC.",,Trailer,UNITED STATES (USA)
1H9502,11144,HEAVYBILT MFG. INC.,,Trailer,UNITED STATES (USA)
1H9503,10716,"HAMM & PHILLIPS SERVICE COMPANY, INC.",,Trailer,UNITED STATES (USA)
1H9504,11599,HOG SHOP,,Motorcycle,UNITED STATES (USA)
1H9507,10469,HAMMERHEAD TRAILERS,,Trailer,UNITED STATES (USA)
1H9508,11820,HARBORVIEW CHOPPERS,,Motorcycle,UNITED STATES (USA)
1H9510,9739,HAY SEED FARMS LLC TRAILER MFG.,,Trailer,UNITED STATES (USA)
1H9511,10499,HI-VAC CORPORATION,,Trailer,UNITED STATES (USA)
1H9512,8938,"HAULSTAR, INC.",,Trailer,UNITED STATES (USA)
1H9513,11373,HURCO TECHNOLOGIES INC.,,Trailer,UNITED STATES (USA)
1H9515,9451,HIGH ALTITUDE AVIATION INC.,,Trailer,UNITED STATES (USA)
1H9516,11562,HOG WILD CUSTOMS,,Motorcycle,UNITED STATES (USA)
1H9517,10747,"HEMPHILL, LLC",,Trailer,UNITED STATES (USA)
1H9518,9285,HILLBILLY TRAILORS,,Trailer,UNITED STATES (USA)
1H9519,11560,HI LINE BODIES INC.,,Trailer,UNITED STATES (USA)
1H9520,5829,HIDDEN HOLLOW TRAILER MFG  LLC,,Trailer,UNITED STATES (USA)
1H9521,8696,"HAWK FRP, LLC",,Trailer,UNITED STATES (USA)
1H9522,7703,"HAMMAR LIFT, INC.",,Trailer,UNITED STATES (USA)
1H9523,11127,H & M TRAILERS LLC,,Trailer,UNITED STATES (USA)
1H9524,8520,HACKSTETTER MOTOR HOLDINGS LLC,,Motorcycle,UNITED STATES (USA)
1H9525,6223,HAPPITRAILS TRAILERS LLC,,Trailer,UNITED STATES (USA)
1H9528,9081,"HY-LIFT HUNTING BLINDS, INC.",,Trailer,UNITED STATES (USA)
1H9529,9685,"HOPPEL FABRICATION SPECIALTIES, INC.",,Motorcycle,UNITED STATES (USA)
1H9530,11776,"HYPER LITE TRAILERS, INC.",,Trailer,UNITED STATES (USA)
1H9531,5841,HOBSON TRAILERS,,Trailer,UNITED STATES (USA)
1H9532,10322,HILL EQUIPMENT,,Trailer,UNITED STATES (USA)
1H9535,1316,HILLCREST MANUFACTURING LLC,,Trailer,UNITED STATES (USA)
1H9536,11398,HEARTLAND TRAILERS,,Trailer,UNITED STATES (USA)
1H9538,8541,"HYDRATREK, LLC",,Trailer,UNITED STATES (USA)
1H9539,1672,HEAT'S ON WELDING & FABRICATION,,Trailer,UNITED STATES (USA)
1H9542,9358,HALO CYCLES LLC,,Motorcycle,UNITED STATES (USA)
1H9543,9134,HALBERT TRAILER SERVICE AND REPAIR,,Trailer,UNITED STATES (USA)
1H9544,9162,"HYPER PRODUCTS, LLC",,Trailer,UNITED STATES (USA)
1H9545,9155,"HAUL'N ASS CUSTOMS, LLC",,Trailer,UNITED STATES (USA)
1H9547,12326,HYDE EQUIPMENT COMPANY,,Trailer,UNITED STATES (USA)
1H9550,6208,HALSEY Z TRAILERS,,Trailer,UNITED STATES (USA)
1H9552,7588,HENDERSON TRUCK EQUIPMENT,,Trailer,UNITED STATES (USA)
1H9554,7001,HOG HAULIN INC.,,Trailer,UNITED STATES (USA)
1H9558,6470,"H.D. INDUSTRIES, INC.",,Trailer,UNITED STATES (USA)
1H9560,7705,HORIZON PRODUCTS LLC,,Trailer,UNITED STATES (USA)
1H9561,13456,HELFIN SHEET METAL INC.,,Trailer,UNITED STATES (USA)
1H9564,6654,"HIRONS MEMORIAL WORKS, INC.",,Trailer,UNITED STATES (USA)
1H9566,6368,HERITAGE ONE RV INC.,,Trailer,UNITED STATES (USA)
1H9568,11887,"HDK PLASTIC FACTORY, LTD (USA)",,Low Speed Vehicle (LSV),UNITED STATES (USA)
1H9570,12172,"HARRIS WASTE MANAGEMENT GROUP, INC.",,Trailer,UNITED STATES (USA)
1H9572,10759,HULL WELDING,,Trailer,UNITED STATES (USA)
1H9573,6145,HORIZON MANUFACTURING INC.,,Trailer,UNITED STATES (USA)
1H9575,6153,HUMDINGER EQUIPMENT LTD,,Trailer,UNITED STATES (USA)
1H9576,1468,HELL-BENT CUSTOM CYCLES,,Motorcycle,UNITED STATES (USA)
1H9578,6698,HIGH DESERT GOLF CARS,,Low Speed Vehicle (LSV),UNITED STATES (USA)
1H9579,1475,HANSON MANUFACTURING INC.,,Trailer,UNITED STATES (USA)
1H9582,12187,LOW SPEED VEHICLES BY HARLINGEN GOLF ALA CART,,Low Speed Vehicle (LSV),UNITED STATES (USA)
1H9588,6886,HJ CUSTOMS,,Trailer,UNITED STATES (USA)
1H9589,6886,HJ CUSTOMS,,Motorcycle,UNITED STATES (USA)
1H9591,12201,HAPPY TRAILS TRAILERS LLC,,Trailer,UNITED STATES (USA)
1H9592,7454,"HIDDEN VALLEY MFG, LLC",,Trailer,UNITED STATES (USA)
1H9593,6902,HUNS MOTORCYCLE MANUFACTURING,,Motorcycle,UNITED STATES (USA)
1H9594,12632,HI-TECH EMERGENCY VEHICLE SERVICE INC.,,Trailer,UNITED STATES (USA)
1H9595,5021,"HESS SERVICES, INC.",,Trailer,UNITED STATES (USA)
1H9597,6623,HESTER AND WALTON TAILGATING TRAILERS,,Trailer,UNITED STATES (USA)
1H9598,1690,"HUGHY, INC.",,Motorcycle,UNITED STATES (USA)
1H9599,7062,"HIGHWAY PRODUCTS, INC.",,Trailer,UNITED STATES (USA)
1H9600,7405,"HOT TUB HAULER USA, LLC",,Trailer,UNITED STATES (USA)
1H9601,7065,HY-TECH TRUCK & TRAILER MFG LLC,,Trailer,UNITED STATES (USA)
1H9602,7539,HALLJACK INDUSTRIES LLC,,Trailer,UNITED STATES (USA)
1H9607,7936,"HJV TRAILERS, LLC",,Trailer,UNITED STATES (USA)
1H9608,13452,"HEATEC, INC.",,Trailer,UNITED STATES (USA)
1H9610,13490,"HEHE CALIFORNIA COACH GROUP, INC.",,Multipurpose Passenger Vehicle (MPV),UNITED STATES (USA)
1H9613,6317,H & J INVESTMENT DBA ZEUS CHOPPERS,,Motorcycle,UNITED STATES (USA)
1H9614,7989,HARD HAT TRAILER LLC,,Trailer,UNITED STATES (USA)
1H9616,11961,H & M GOPHER CONTROL,,Trailer,UNITED STATES (USA)
1H9619,6086,HARVEST AG FABRICATING LLC,,Trailer,UNITED STATES (USA)
1H9620,12085,"HOSS FABRICATORS, LLC",,Trailer,UNITED STATES (USA)
1H9621,6486,HOMETOWN WELDING LLC,,Trailer,UNITED STATES (USA)
1H9622,7051,HCL TRUCK EQUIPMENT INC.,,Trailer,UNITED STATES (USA)
1H9624,18172,H&H FARM MACHINE CO INC,,Trailer,UNITED STATES (USA)
1H9626,12114,HARRIS FABRICATION LLC,,Trailer,UNITED STATES (USA)
1H9627,7986,"H&H SUPPLY, LLC",,Trailer,UNITED STATES (USA)
1H9628,6272,HI-RIDE MANUFACTURING LLC,,Trailer,UNITED STATES (USA)
1H9629,12123,"HP PIPING SOLUTIONS, LLC",,Trailer,UNITED STATES (USA)
1H9630,6087,H & H FARM SUPPLY,,Trailer,UNITED STATES (USA)
1H9631,12214,"H & H WELDING, LLC",,Trailer,UNITED STATES (USA)
1H9634,6755,"HYDROCAL, LLC",,Motorcycle,UNITED STATES (USA)
1H9635,12222,"FORUM US, INC DBA HAWKER WELL WORKS",,Trailer,UNITED STATES (USA)
1H9637,6515,HAMMER DOWN CHOPPERS LLC,,Motorcycle,UNITED STATES (USA)
1H9642,6032,HOT HEAD CUSTOM DESIGN LLC,,Motorcycle,UNITED STATES (USA)
1H9643,6358,HOBBS MANUFACTURING LLC,,Trailer,UNITED STATES (USA)
1H9645,7344,HARVEST INTERNATIONAL INC.,,Trailer,UNITED STATES (USA)
1H9646,6301,HUNDRED STUDIO INC,,Motorcycle,UNITED STATES (USA)
1H9648,6564,"TUF-MANUFACTURING, INC.",,Trailer,UNITED STATES (USA)
1H9651,7310,HOLLAND MOVING AND RIGGING SUPPLIES,,Trailer,UNITED STATES (USA)
1H9654,7345,HELLBILLY MOTORCYCLES LLC,,Motorcycle,UNITED STATES (USA)
1H9655,6568,HAMMELMANN CORPORATION,,Trailer,UNITED STATES (USA)
1H9656,7597,"HOLLAND EQUIPMENT CO., DBA EXTREME TRAILERS",,Trailer,UNITED STATES (USA)
1H9657,13461,HELMUTH QUALITY POWER SYSTEMS,,Trailer,UNITED STATES (USA)
1H9658,13375,"HOWELL PRECISION MACHINE AND ENGINEERING, INC.",,Trailer,UNITED STATES (USA)
1H9660,15825,HACKNEY WELDING LLC,,Trailer,UNITED STATES (USA)
1H9661,7509,HIGH PLAINS CUSTOM CYCLES LLC,,Motorcycle,UNITED STATES (USA)
1H9662,6744,HINTERLAND INDUSTRIES,,Trailer,UNITED STATES (USA)
1H9663,14950,"HEIRLOOM, INC.",,Trailer,UNITED STATES (USA)
1H9664,16326,HUGHES & HOWARD ENGINEERING,,Motorcycle,UNITED STATES (USA)
1H9665,16326,HUGHES & HOWARD ENGINEERING,,Trailer,UNITED STATES (USA)
1H9666,6780,HAHM EV CORPORATION,,Low Speed Vehicle (LSV),UNITED STATES (USA)
1H9667,7823,HOOPES MANUFACTURING CO.,,Motorcycle,UNITED STATES (USA)
1H9668,7326,HUTCHINNOVATIONS LLC,,Motorcycle,UNITED STATES (USA)
1H9669,18505,"HAPPIER CAMPER, INC.",,Trailer,UNITED STATES (USA)
1H9670,7157,HIGHLINE TRAILERS,,Trailer,UNITED STATES (USA)
1H9672,12019,"HYDRA SERVICE, INC.",,Trailer,UNITED STATES (USA)
1H9673,13783,"HIGH TIDE BOAT TRAILERS, LLC",,Trailer,UNITED STATES (USA)
1H9674,7334,HINES SPECIALITY VEHICLE GROUP,,Incomplete Vehicle,UNITED STATES (USA)
1H9675,7334,HINES SPECIALITY VEHICLE GROUP,,Truck,UNITED STATES (USA)
1H9676,7334,HINES SPECIALITY VEHICLE GROUP,,Trailer,UNITED STATES (USA)
1H9678,11854,"HIGH ROLLER CUSTOM MOTORCYCLE, LLC",,Motorcycle,UNITED STATES (USA)
1H9679,11999,HOT ROD FACTORY INC.,,Motorcycle,UNITED STATES (USA)
1H9680,13670,HIGHWOOD GLOBAL LP,,Trailer,UNITED STATES (USA)
1H9681,13917,HRM UNLIMITED LLC,,Trailer,UNITED STATES (USA)
1H9683,19386,"HUCKWAGONS, LLC",,Trailer,UNITED STATES (USA)
1H9686,14009,"HICKS MANUFACTURING, LLC",,Trailer,UNITED STATES (USA)
1H9687,13916,HEMISFEAR CYCLES L.L.C.,,Motorcycle,UNITED STATES (USA)
1H9688,14119,HARDKORE KARTS LLC,,Low Speed Vehicle (LSV),UNITED STATES (USA)
1H9689,14219,HAPPY VALLEY CAMPERS,,Trailer,UNITED STATES (USA)
1H9692,15958,"HOLLAND INDUSTRIES, LLC",,Trailer,UNITED STATES (USA)
1H9696,15900,"HUNNA MEI, LLC.",,Trailer,UNITED STATES (USA)
1H9698,5018,HERNCO FABRICATION & SERVICES,,Trailer,UNITED STATES (USA)
1H9699,15427,"HOMEGROWN TRAILERS, SPC",,Trailer,UNITED STATES (USA)
1H9702,15804,HAULINIT TRAILERS LLC. DBA HAULINIT.COM,,Trailer,UNITED STATES (USA)
1H9705,15993,HAAS METAL ENGINEERING INC.,,Trailer,UNITED STATES (USA)
1H9706,15966,HULK EQUIPMENT CORPORATION,,Trailer,UNITED STATES (USA)
1H9707,19750,HUMMINGBIRDEV INC.,,Truck,UNITED STATES (USA)
1H9708,15996,HOG HEAVEN CHOPPERS LLC,,Motorcycle,UNITED STATES (USA)
1H9709,16203,HIGH SPEED WELDING LLC,,Trailer,UNITED STATES (USA)
1H9712,16326,HUGHES & HOWARD ENGINEERING,,Low Speed Vehicle (LSV),UNITED STATES (USA)
1H9713,16590,"HI-STANDARD MANUFACTURING, INC.",,Trailer,UNITED STATES (USA)
1H9714,16421,"HBC GROUP, LLC",,Bus,UNITED STATES (USA)
1H9715,17103,HARTSTRA MANUFACTURING LLC,,Trailer,UNITED STATES (USA)
1H9716,16656,HUMBLE HOMES MANAGEMENT LLC,,Trailer,UNITED STATES (USA)
1H9717,17161,"HYBRID LIGHT SOLUTIONS, LLC",,Trailer,UNITED STATES (USA)
1H9718,17130,HORSESHOE TRAILER,,Trailer,UNITED STATES (USA)
1H9722,17520,HOUSE OF METAL LLC,,Trailer,UNITED STATES (USA)
1H9723,17875,HIGH COUNTRY CAMPS LLC,,Trailer,UNITED STATES (USA)
1H9725,18203,HARRISON WELDING LLC,,Trailer,UNITED STATES (USA)
1H9726,9473,"CAPITAL INDUSTRIAL, INC.",,Trailer,UNITED STATES (USA)
1H9727,18652,HUNTER BOWEN TRAILER SALES,,Trailer,UNITED STATES (USA)
1H9729,20759,"HAWAII SPRING SUPPLY, INC.",,Trailer,UNITED STATES (USA)
1H9731,18832,HEAVY EQUIPMENT & ATTACHMENT LLC,,Trailer,UNITED STATES (USA)
1H9732,18939,"HOLIDAY HOUSE RV, LLC",,Trailer,UNITED STATES (USA)
1H9733,18987,HOGAN MFG INC. DBA MURRAY TRAILERS,,Trailer,UNITED STATES (USA)
1H9736,19084,HIGH ALTITUDE TRAILER CO LLC,,Trailer,UNITED STATES (USA)
1H9737,20200,HAWAIIAN SCOOTERS,,Motorcycle,UNITED STATES (USA)
1H9739,19596,HAUL-ABOUT LLC,,Trailer,UNITED STATES (USA)
1H9740,19355,HELIO ENTERPRISES,,Motorcycle,UNITED STATES (USA)
1H9742,19616,HOMETOWN TRAILERS LLC,,Trailer,UNITED STATES (USA)
1H9743,19706,"H BULL SMART TRAILERS, LLC",,Trailer,UNITED STATES (USA)
1H9745,19787,HD TRAILER SOLUTIONS LLC,,Trailer,UNITED STATES (USA)
1H9746,19766,HAGOTH INDUSTRIES LLC.,,Trailer,UNITED STATES (USA)
1H9747,19844,"HUCK CYCLES, CORP",,Motorcycle,UNITED STATES (USA)
1H9749,19806,HOLLIN HAULERS LLC,,Trailer,UNITED STATES (USA)
1H9750,19844,"HUCK CYCLES, CORP",,Motorcycle,UNITED STATES (USA)
1H9753,19859,HUDSON TRAILER COMPANY,,Trailer,UNITED STATES (USA)
1H9755,19879,HTRAILERS AND SERVICES,,Trailer,UNITED STATES (USA)
1H9756,19660,HIG - CO,,Trailer,UNITED STATES (USA)
1H9757,20014,HORTON CARGO HAULERS,,Trailer,UNITED STATES (USA)
1H9759,20119,HYK OUTDOORS LLC,,Trailer,UNITED STATES (USA)
1H9761,20243,HILLTOP STRUCTURES LLC,,Trailer,UNITED STATES (USA)
1H9762,20145,"HAULING HOOVES, LLC",,Trailer,UNITED STATES (USA)
1H9763,21540,"HYTEC EQUIPMENT COMPANY, LLC",,Trailer,
1H9764,20677,HANDS ON WORK TRAILERS,,Trailer,UNITED STATES (USA)
1H9765,9685,"HOPPEL FABRICATION SPECIALTIES, INC.",,Trailer,UNITED STATES (USA)
1H9766,20328,HON-TECH FABRICATION,,Trailer,UNITED STATES (USA)
1H9767,19717,"HIKER INDUSTRIES, LLC",,Trailer,UNITED STATES (USA)
1H9768,21471,HY-FLEX CORPORATION,,Trailer,UNITED STATES (USA)
1H9769,20378,"HH TRAILERS, INC",,Trailer,UNITED STATES (USA)
1H9770,20439,HENRY,,Trailer,UNITED STATES (USA)
1H9772,20483,HT TRAILERS LLC,,Trailer,UNITED STATES (USA)
1H9773,20350,HEXAGON PURUS SYSTEMS USA LLC,,Truck,
1H9774,20563,H&A WELDING LLC,,Trailer,UNITED STATES (USA)
1H9776,20545,HITCHINGS TIMBER SERVICES LLC,,Trailer,UNITED STATES (USA)
1H9778,20654,HAUL KINGS LLC,,Trailer,UNITED STATES (USA)
1H9780,20811,HEAVYLITE TRAILERS LLC,,Trailer,UNITED STATES (USA)
1H9781,20796,HUDSON TRAILERS AND TRAILER REPAIR,,Trailer,UNITED STATES (USA)
1H9783,23558,HIGH COUNTRY BOATS AND OUTFITTERS,,Trailer,UNITED STATES (USA)
1H9785,20976,HITCH HOTEL INC.,,Trailer,UNITED STATES (USA)
1H9786,20977,HIGH SIERRA TRAILER CO.,,Trailer,UNITED STATES (USA)
1H9789,21439,HOOK-UPS TRAILERS INC.,,Trailer,
1H9790,21436,"HIGH LEVEL ENTERPRISES, INC.",,Trailer,UNITED STATES (USA)
1H9791,25106,H-CUSTOM WELD & MACHINE LLC,,Trailer,
1H9794,21365,HD CUSTOMS,,Trailer,
1H9795,21365,HD CUSTOMS,,Motorcycle,
1H9797,21302,"HIGHWOOD MACHINE TOOL, LLC",,Trailer,
1H9800,21416,HOOKER BOATWORKS LLC,,Trailer,
1H9801,21470,HOLT CAT,,Trailer,
1H9802,21616,HONEST AL MFG,,Trailer,
1H9804,21671,HOLLIFIELD FABRICATION SERVICES LLC,,Trailer,UNITED STATES (USA)
1H9805,21914,HANSEN TRAILERS LLC,,Trailer,UNITED STATES (USA)
1H9806,21834,HITCH KING INC.,,Trailer,
1H9807,21750,HIT TRAILERS LLC,,Trailer,
1H9809,21749,HERITAGE FABRICATION INC.,,Trailer,
1H9811,22196,HOLSTON CREEK WELDING LLC,,Incomplete Vehicle,UNITED STATES (USA)
1H9813,21957,HARBINGER MOTORS INC.,,Incomplete Vehicle,UNITED STATES (USA)
1H9814,22021,"HOLMAN & MOODY, INC",,Passenger Car,UNITED STATES (USA)
1H9815,21972,H&S WELDING AND FABRICATION,,Trailer,UNITED STATES (USA)
1H9816,22124,HARMONY TRAILERS MANUFACTURING LLC,,Trailer,UNITED STATES (USA)
1H9817,22464,HARD SIDE MFG LLC,,Trailer,UNITED STATES (USA)
1H9818,22122,HIGHS WELDING AND FABRICATION,,Trailer,
1H9821,22340,HIGHCOUNTRY UNLIMITED LLC,,Trailer,
1H9822,22895,"HOMESTEAD ENTERPRISES, LLC",,Trailer,
1H9826,22385,"HOCKLEY OILFIELD SUPPLY, LLC",,Trailer,
1H9830,22986,H&S TRAILERS OF TEXAS LLC,,Trailer,
1H9831,22783,HOMESTEAD STRUCTURES,,Trailer,
1H9832,22732,HEKIPIA AMERICA INC.,,Trailer,
1H9833,22775,HAHNZ MFG LLC,,Trailer,
1H9834,22987,HAUL MASTER,,Trailer,
1H9839,23177,HOOK-N-HAUL TRAILERS LLC,,Trailer,UNITED STATES (USA)
1H9840,23201,HELMS FABRICATION,,Trailer,UNITED STATES (USA)
1H9842,22971,HUNT FABRICATION LLC.,,Trailer,UNITED STATES (USA)
1H9843,23219,"H.I.S. FIRE AND SAFETY , LLC",,Trailer,UNITED STATES (USA)
1H9844,23278,HOTSY OF WESTERN MONTANA,,Trailer,
1H9845,23576,HARBINGER EQUIPMENT LLC,,Trailer,
1H9848,23390,HEDGER TRAILER MANUFACTURING,,Trailer,
1H9849,23462,"HARVEST MOBILE BOTTLING, LLC",,Trailer,UNITED STATES (USA)
1H9850,23740,HELLS CANYON MARINE INC.,,Trailer,UNITED STATES (USA)
1H9851,23684,HATTYCO WELDING & FABRICATION CORPORATION,,Trailer,
1H9852,23785,HOTSHOTS TRAILER LLC,,Trailer,
1H9855,24046,HERO TRAILERS LLC,,Trailer,
1H9856,24012,HENKO TRAILERS LLC,,Trailer,UNITED STATES (USA)
1H9857,24071,HAY PLUS FARMS,,Trailer,
1H9858,24170,H FAB LLC,,Trailer,
1H9859,24252,HUDSON TRAILERS,,Trailer,UNITED STATES (USA)
1H9860,24268,HOLLIS BAY FABRICATIONS LLC,,Trailer,UNITED STATES (USA)
1H9861,24288,HUTCHINS FABRICATION & WOOD LLC,,Trailer,
1H9862,24846,"HEAVY EQUIPMENT SOLUTIONS, LLC.",,Trailer,
1H9863,24372,HP CUSTOM MANUFACTURING LLC,,Trailer,
1H9867,24870,HAULIN STEEL CUSTOMS,,Trailer,UNITED STATES (USA)
1H9868,24970,HAULER TRAILERS MFG.,,Trailer,UNITED STATES (USA)
1H9870,25163,HAWKINS SERVICE COMPANY,,Trailer,UNITED STATES (USA)
1H9872,25339,HAVOC MANUFACTURING LLC,,Trailer,
1H9873,25580,HIGH DESERT TRAILER LLC,,Trailer,
1H9876,25660,HAKO TRAILERS LLC,,Trailer,
1H9879,25733,HUG’S MARINE FABRICATIONS LLC,,Trailer,
1H9881,25795,"HALVERSON WOOD PRODUCTS, INC",,Trailer,
1HA,1028,"INTERNATIONAL MOTORS, LLC","CHEVROLET, NAVISTAR",Incomplete Vehicle,UNITED STATES (USA)
1HC,1028,"INTERNATIONAL MOTORS, LLC",CONTINENTAL MIXER,Trailer,UNITED STATES (USA)
1HD,4249,HARLEY-DAVIDSON MOTOR COMPANY,"HARLEY-DAVIDSON, LIVEWIRE",Motorcycle,UNITED STATES (USA)
1HF,988,"AMERICAN HONDA MOTOR CO., INC.",HONDA,Motorcycle,UNITED STATES (USA)
1HG,988,"AMERICAN HONDA MOTOR CO., INC.",HONDA,Passenger Car,UNITED STATES (USA)
1HH,5518,"HACKNEY AND SONS, INC.","HACKNEY AND SONS, INC.",Trailer,UNITED STATES (USA)
1HL,5564,"HEIL TRAILER INTERNATIONAL, LLC",HEIL TRAILER INTERNATIONAL,Trailer,UNITED STATES (USA)
1HN,12743,"HOLSCLAW BROS., INC.",HOLSCLAW BROS. INC,Trailer,UNITED STATES (USA)
1HP,1028,"INTERNATIONAL MOTORS, LLC","NAVISTAR, CATERPILLAR, IC BUS, WORKHORSE, INTERNATIONAL",Truck,UNITED STATES (USA)
1HS,1028,"INTERNATIONAL MOTORS, LLC","NAVISTAR, CATERPILLAR, IC BUS, WORKHORSE, INTERNATIONAL",Truck,UNITED STATES (USA)
1HT,1028,"INTERNATIONAL MOTORS, LLC","CHEVROLET, NAVISTAR, CATERPILLAR, IC BUS, WORKHORSE, INTERNATIONAL, GM",Incomplete Vehicle,UNITED STATES (USA)
1HU,8137,"SPREUER & SON, INC.",SPREUER & SON,Trailer,UNITED STATES (USA)
1HV,1028,"INTERNATIONAL MOTORS, LLC","GMC, NAVISTAR, CATERPILLAR, IC BUS, WORKHORSE, INTERNATIONAL, GM",Incomplete Vehicle,UNITED STATES (USA)
1HW,23449,SHAY MOTORS CORP,SHAY REPRODUCTION,Passenger Car,UNITED STATES (USA)
1J2,994,FCA US LLC,JEEP,Incomplete Vehicle,UNITED STATES (USA)
1J3,994,FCA US LLC,JEEP,Truck,UNITED STATES (USA)
1J4,994,FCA US LLC,JEEP,Multipurpose Passenger Vehicle (MPV),UNITED STATES (USA)
1J5,994,FCA US LLC,JEEP,Bus,UNITED STATES (USA)
1J6,994,FCA US LLC,JEEP,Incomplete Vehicle,UNITED STATES (USA)
1J7,994,FCA US LLC,JEEP,Truck,UNITED STATES (USA)
1J8,994,FCA US LLC,JEEP,Multipurpose Passenger Vehicle (MPV),UNITED STATES (USA)
1J9001,4822,"J & L TANK, INC.",,Trailer,UNITED STATES (USA)
1J9003,14946,JOHN EVANS MANUFACTURING CO.,,Trailer,UNITED STATES (USA)
1J9018,16929,J & L TRAILERS,,Trailer,UNITED STATES (USA)
1J9022,16183,JEFFERY BROTHERS,,Trailer,UNITED STATES (USA)
1J9026,16202,"JACKSON MFG. CO., INC.",,Trailer,UNITED STATES (USA)
1J9029,15331,SHIPMAN WELDING SERVICES,,Trailer,UNITED STATES (USA)
1J9030,17118,"JENSEN ENTERPRISES LTD., DBA JENSEN TRAILERS",,Trailer,UNITED STATES (USA)
1J9031,5004,JERR-DAN CORPORATION,,Trailer,UNITED STATES (USA)
1J9033,16178,J & C MANUFACTURING INC,,Trailer,UNITED STATES (USA)
1J9039,18192,J.S. WELDING,,Trailer,UNITED STATES (USA)
1J9044,15950,IRONMANWELDING CO,,Trailer,UNITED STATES (USA)
1J9046,16181,JANTZ-FEMCO,,Trailer,UNITED STATES (USA)
1J9047,16175,IRBY CONSTRUCTION CO,,Trailer,UNITED STATES (USA)
1J9049,7542,"NATIONAL OILWELL VARCO, LP",,Truck,UNITED STATES (USA)
1J9053,18087,"JAMES RUSSELL ENGINEERING WORKS, INC.",,Trailer,UNITED STATES (USA)
1J9065,9939,JMW WELDING & MANUFACTURING INC.,,Trailer,UNITED STATES (USA)
1J9070,17909,"JOHN M. HILL MACHINE CO., INC.",,Trailer,UNITED STATES (USA)
1J9075,17768,JW TRAILERS,,Trailer,UNITED STATES (USA)
1J9076,18364,JONES TRAILER SALES,,Trailer,UNITED STATES (USA)
1J9081,16735,JOHNSON'S WELDING,,Trailer,UNITED STATES (USA)
1J9083,17332,JERRY'S WAREHOUSE,,Trailer,UNITED STATES (USA)
1J9084,18138,J M TRAILER MANUFACTURING,,Trailer,UNITED STATES (USA)
1J9087,11925,"JOHN JENKINS CO., INC.",,Trailer,UNITED STATES (USA)
1J9090,18380,"THE JOB SHOP, INC.",,Trailer,UNITED STATES (USA)
1J9092,18372,D. JONES LTD. DBA JONES TRAILER COMPANY,,Trailer,UNITED STATES (USA)
1J9094,16619,J & T MERCHANDISE INC,,Trailer,UNITED STATES (USA)
1J9100,16736,"INDEPENDENT TRAILER & REPAIR, INC",,Trailer,UNITED STATES (USA)
1J9101,4002,JOHNSON TRUCK BODIES,,Trailer,UNITED STATES (USA)
1J9103,16753,JERRY JOHNSON TRAILER SALES,,Trailer,UNITED STATES (USA)
1J9104,16734,INDUSTRIAL AIR PRODUCTS (IAP) INC,,Trailer,UNITED STATES (USA)
1J9107,16895,J & D WELDING & TRAILER SALES,,Trailer,UNITED STATES (USA)
1J9110,18191,J & L FABRICATION INC.,,Trailer,UNITED STATES (USA)
1J9119,16696,"JAMES EQUIPMENT COMPANY, INC",,Trailer,UNITED STATES (USA)
1J9120,12977,J&M FABRICATION,,Trailer,UNITED STATES (USA)
1J9121,16763,"JOHNSON MANUFACTURING, INC",,Trailer,UNITED STATES (USA)
1J9123,4227,"JAC MILWAUKEE, LTD.",,Passenger Car,UNITED STATES (USA)
1J9124,4620,JAY'S INC.,,Trailer,UNITED STATES (USA)
1J9128,16810,JOHNNY'S TRUCK AND TRAILERS,,Trailer,UNITED STATES (USA)
1J9131,23292,JF TRAILERS LLC,,Trailer,UNITED STATES (USA)
1J9132,3637,JONES WELDING SERVICE,,Trailer,UNITED STATES (USA)
1J9133,17384,"JLR TRAILERS & WELDING, INC",,Trailer,UNITED STATES (USA)
1J9140,16896,JEFCOAT TRAILER'S,,Trailer,UNITED STATES (USA)
1J9144,13282,JAX ENTERPRISES,,Trailer,UNITED STATES (USA)
1J9145,3622,JONES MOTOR COMPANY,,Trailer,UNITED STATES (USA)
1J9147,13280,JANUS FABRICATING INC,,Trailer,UNITED STATES (USA)
1J9148,17383,J & N SALES,,Trailer,UNITED STATES (USA)
1J9149,3992,JOHN'S WOODWORK & METAL WORKS,,Trailer,UNITED STATES (USA)
1J9153,17352,JOHNSON EQUIPMENT SALES,,Trailer,UNITED STATES (USA)
1J9154,17306,JONCO MANUFACTURING,,Trailer,UNITED STATES (USA)
1J9155,8186,JEFF'S CUSTOM WELDING,,Trailer,UNITED STATES (USA)
1J9164,5775,JIM CAMPEN TRAILERS SALES INC.,,Trailer,UNITED STATES (USA)
1J9167,13360,"CARLTON PROFESSIONAL STUMP GRINDERS (J.P. CARLTON COMPANY DIV. DAF, INC.)",,Trailer,UNITED STATES (USA)
1J9172,11575,ALLIANZ SWEEPER COMPANY,,Truck,UNITED STATES (USA)
1J9184,17040,J&S REPAIR,,Trailer,UNITED STATES (USA)
1J9188,4231,JACKSONVILLE TIRE & AUTOMOTIVE,,Trailer,UNITED STATES (USA)
1J9192,4820,J & J TRAILER SALES MFG. CO.,,Trailer,UNITED STATES (USA)
1J9194,9893,"JBH CUSTOM TRAILERS, INC.",,Trailer,UNITED STATES (USA)
1J9200,3999,JOHNSON POWER LIFTS,,Trailer,UNITED STATES (USA)
1J9201,3617,JOHNSON'S MOBILE SOLUTIONS,,Trailer,UNITED STATES (USA)
1J9204,3620,JO MAC  LTD,,Trailer,UNITED STATES (USA)
1J9206,4958,J L TRAILER MFG.,,Trailer,UNITED STATES (USA)
1J9210,1684,JOHN PEPER ENTERPRISES,,Trailer,UNITED STATES (USA)
1J9214,4821,J & L EQUIPMENT,,Trailer,UNITED STATES (USA)
1J9215,3649,JR'S CUSTOM PATTERN CUTTING FABRICATION AND REPAIR,,Trailer,UNITED STATES (USA)
1J9216,8189,JENKINS & JENKINS ENTERPRISES LTD,,Trailer,UNITED STATES (USA)
1J9217,4907,J&D TRAILERS,,Trailer,UNITED STATES (USA)
1J9221,4623,JAYRON FABRICATION LLC,,Trailer,UNITED STATES (USA)
1J9224,8182,JD'S MOTORCYCLE STUFF,,Trailer,UNITED STATES (USA)
1J9234,4957,"J HELGESON ENTERPRISES, INC.",,Trailer,UNITED STATES (USA)
1J9236,3648,"JR WELDING, INC.",,Trailer,UNITED STATES (USA)
1J9238,3656,"JUSKO SEVICES, INC.",,Trailer,UNITED STATES (USA)
1J9239,1858,J.D. ENTERPRISES,,Trailer,UNITED STATES (USA)
1J9240,4956,"J D B ALUMINUM FABRICATING, INC.",,Trailer,UNITED STATES (USA)
1J9242,9891,J.B.'S WELDING,,Trailer,UNITED STATES (USA)
1J9243,8078,JD ENTERPRISE,,Trailer,UNITED STATES (USA)
1J9244,12980,J & S CONTRACTORS,,Trailer,UNITED STATES (USA)
1J9245,8188,JEL CORP,,Trailer,UNITED STATES (USA)
1J9248,17614,JAMES C. BARRY MFG. QUALITY TRAILERS,,Trailer,UNITED STATES (USA)
1J9249,5790,JOHN INGRAM INC,,Trailer,UNITED STATES (USA)
1J9253,8083,KERR-BILT TRAILERS JL INC,,Trailer,UNITED STATES (USA)
1J9255,4906,J&W MANUFACTURING INC,,Trailer,UNITED STATES (USA)
1J9259,8075,GONE FISHIN ENTERPRISES JAYZEE MFG,,Trailer,UNITED STATES (USA)
1J9260,4910,J & R TRIKES,,Trailer,UNITED STATES (USA)
1J9262,1863,J.J.'S TRAILERS INC,,Trailer,UNITED STATES (USA)
1J9264,13281,JARVIS INDUSTRIES,,Trailer,UNITED STATES (USA)
1J9265,1865,J.P. TRAILER MANUFACTURING,,Trailer,UNITED STATES (USA)
1J9267,10569,"JIM NASI CUSTOMS, INC.",,Motorcycle,UNITED STATES (USA)
1J9268,5781,JIMMY'S DISCOUNT TIRE/TRAILER,,Trailer,UNITED STATES (USA)
1J9270,3654,"JUMPING JACK, INC.",,Trailer,UNITED STATES (USA)
1J9273,9895,JOHNNY PAG,,Motorcycle,UNITED STATES (USA)
1J9274,5783,JJ'S TRUCK SHOP & CELLULAR,,Trailer,UNITED STATES (USA)
1J9276,4001,"JOHNSON TOOL AND DIE, INC.",,Trailer,UNITED STATES (USA)
1J9277,12423,JANCO ENTERPRISES INC,,Trailer,UNITED STATES (USA)
1J9278,5289,INDEPENDENT DISPATCH INC.,,Trailer,UNITED STATES (USA)
1J9283,1859,J.D. SUTHERLAND CUSTOMS INC,,Trailer,UNITED STATES (USA)
1J9284,3997,JOHNSON FARM MACHINERY COMPANY INC,,Trailer,UNITED STATES (USA)
1J9285,8192,JENSEN METAL PRODUCTS,,Trailer,UNITED STATES (USA)
1J9286,14962,J-CRAFT,,Trailer,UNITED STATES (USA)
1J9289,3647,JR TRAILERS,,Trailer,UNITED STATES (USA)
1J9291,12982,J & W FABRICATION,,Trailer,UNITED STATES (USA)
1J9294,5785,JM TRAILERS,,Trailer,UNITED STATES (USA)
1J9295,3650,JSD WELDING INC.,,Trailer,UNITED STATES (USA)
1J9296,1854,J. RAY'S TRAILERS,,Trailer,UNITED STATES (USA)
1J9297,1444,J&M MANUFACTURING CO. INC.,,Trailer,UNITED STATES (USA)
1J9298,10013,"JACKALOPE CONVERSIONS, LLC",,Trailer,UNITED STATES (USA)
1J9299,12424,JANCO TRAILER MANUFACTURING,,Trailer,UNITED STATES (USA)
1J9300,4817,J & B TRAILERS & EQUIPMENT INC,,Trailer,UNITED STATES (USA)
1J9301,13439,JMJ MAINTENANCE & REMODELING,,Trailer,UNITED STATES (USA)
1J9302,11507,J & S TRAILERS,,Trailer,UNITED STATES (USA)
1J9303,9939,JMW WELDING & MANUFACTURING INC.,,Trailer,UNITED STATES (USA)
1J9311,8578,JONES MOTORSPORTS,,Trailer,UNITED STATES (USA)
1J9313,11365,JYC CUSTOM CYCLES L.L.C.,,Motorcycle,UNITED STATES (USA)
1J9315,10907,J K BROWN,,Trailer,UNITED STATES (USA)
1J9316,10914,JEFFERSON STATE TRAILER WORKS,,Trailer,UNITED STATES (USA)
1J9319,11087,JV MANUFACTURING,,Trailer,UNITED STATES (USA)
1J9321,8831,JACK GREEN CO.,,Trailer,UNITED STATES (USA)
1J9325,13408,JZ RIDERS INC,,Motorcycle,UNITED STATES (USA)
1J9326,1424,"JRW TRAILERS, INC.",,Trailer,UNITED STATES (USA)
1J9327,9700,JUDGEMENT CUSTOM DESIGN,,Motorcycle,UNITED STATES (USA)
1J9328,10506,"JMD MOTOR COMPANY, LLC",,Motorcycle,UNITED STATES (USA)
1J9330,11115,"JAILHOUSE CHOPPERS, INC.",,Motorcycle,UNITED STATES (USA)
1J9332,11556,JSR CUSTOM LLC,,Motorcycle,UNITED STATES (USA)
1J9336,16328,JOHNS GOLF CARS INC,,Low Speed Vehicle (LSV),UNITED STATES (USA)
1J9337,17160,JESSE ROOKE CUSTOMS,,Motorcycle,UNITED STATES (USA)
1J9338,1262,AMERICAN MOTORCYCLE SPECIALTY CENTER,,Motorcycle,UNITED STATES (USA)
1J9339,10678,"JUNIOR'S GOLF CARTS, INC.",,Low Speed Vehicle (LSV),UNITED STATES (USA)
1J9341,8722,JENISON AIRLEASE INC.,,Trailer,UNITED STATES (USA)
1J9342,8661,STAR EV CORPORATION,,Low Speed Vehicle (LSV),UNITED STATES (USA)
1J9343,9521,JAIL BREAK CHOPPERS,,Motorcycle,UNITED STATES (USA)
1J9344,5853,JAMCO SOUTH TRAILERS INC.,,Trailer,UNITED STATES (USA)
1J9345,9104,JEREMY'S WELDING,,Trailer,UNITED STATES (USA)
1J9349,18833,"JACKSON CREEK MFG., INC.",,Trailer,UNITED STATES (USA)
1J9350,10018,"JONES COUNTY CHOPPERS, INC.",,Motorcycle,UNITED STATES (USA)
1J9351,9767,JV METAL BUILDINGS & TRAILERS,,Trailer,UNITED STATES (USA)
1J9352,10062,JALOPY CHOPPERS,,Motorcycle,UNITED STATES (USA)
1J9354,10652,"JLE MAUNFACTURING, INC.",,Trailer,UNITED STATES (USA)
1J9357,10221,J & E MANUFACTURING INC.,,Trailer,UNITED STATES (USA)
1J9358,6621,JAG MOBILE SOLUTIONS,,Trailer,UNITED STATES (USA)
1J9361,9338,"JRC CUSTOM TRAILERS, INC.",,Trailer,UNITED STATES (USA)
1J9362,8459,"JASON INDUSTRIES, INC.",,Trailer,UNITED STATES (USA)
1J9367,9553,JERRY'S WELDING SERVICE,,Trailer,UNITED STATES (USA)
1J9371,11770,JSG INDUSTRIES INC.,,Trailer,UNITED STATES (USA)
1J9372,11759,"JASON MITCHELL WELDING & FABRICATION, LLC",,Trailer,UNITED STATES (USA)
1J9374,9306,"J. A. EMILIUS' SONS, INC.",,Trailer,UNITED STATES (USA)
1J9376,11203,JUMPING J-JAYS FRANCHISES USA LLC,,Trailer,UNITED STATES (USA)
1J9377,1310,"JOMAR MACHINING & FABRICATING, INC.",,Trailer,UNITED STATES (USA)
1J9378,10519,J & E CUSTOM TRAILERS,,Trailer,UNITED STATES (USA)
1J9380,11662,JOSEPH R. THOMPSON ENTERPRISES,,Trailer,UNITED STATES (USA)
1J9385,8952,JEFF NICKLUS CUSTOMS LLC,,Motorcycle,UNITED STATES (USA)
1J9386,9128,"JOHNSON CRUSHERS INTERNATIONAL, INC.",,Trailer,UNITED STATES (USA)
1J9390,6460,"JOYHON, INC.",,Trailer,UNITED STATES (USA)
1J9391,12030,JRL CYCLES LLC.,,Motorcycle,UNITED STATES (USA)
1J9393,12027,JASPER'S HOT RODS LLC,,Truck,UNITED STATES (USA)
1J9394,6447,JEFF NICKLUS DESPERADO MOTORCYCLES LLC,,Motorcycle,UNITED STATES (USA)
1J9395,12074,"JAMES W. BELL CO, INC.",,Trailer,UNITED STATES (USA)
1J9397,6468,JR CUSTOM TRAILERS LLC,,Trailer,UNITED STATES (USA)
1J9398,6481,"JWF INDUSTRIES, INC.",,Trailer,UNITED STATES (USA)
1J9400,6646,"JUBILEE MOTOR COMPANY, LLC",,Motorcycle,UNITED STATES (USA)
1J9401,11858,JUSTIN PALMER WELDING,,Trailer,UNITED STATES (USA)
1J9402,12169,"JRS CUSTOM FABRICATION, INC.",,Trailer,UNITED STATES (USA)
1J9403,11890,"JC CUSTOM WELDING, LLC",,Trailer,UNITED STATES (USA)
1J9404,6384,"J&D HYDRAULIC & REPAIR CO., INC.",,Trailer,UNITED STATES (USA)
1J9405,1089,"JOHN THOMAS, INC",,Trailer,UNITED STATES (USA)
1J9406,13472,JAMCO USA,,Trailer,UNITED STATES (USA)
1J9407,6640,"J. PATTON AUTOMOTIVE, INC.",,Trailer,UNITED STATES (USA)
1J9408,7538,JTC SALES INC.,,Trailer,UNITED STATES (USA)
1J9409,7546,J.R.'S ROLLING THUNDER MACHINE WORKS,,Motorcycle,UNITED STATES (USA)
1J9410,13479,"JC FAB, LLC",,Trailer,UNITED STATES (USA)
1J9411,7909,"JOHNSTOWN TUBE LASER, LLC DBA ENVIRONMENTAL TANK CORPORATION",,Trailer,UNITED STATES (USA)
1J9412,7934,JETSTREAM LLC,,Trailer,UNITED STATES (USA)
1J9416,6330,JMG EQUIPMENT COMPANY,,Trailer,UNITED STATES (USA)
1J9418,6341,"JIM-N-I, INC.",,Trailer,UNITED STATES (USA)
1J9419,6497,JENNER SALES CORPORATION,,Trailer,UNITED STATES (USA)
1J9420,12131,"JETHEAT, LLC",,Trailer,UNITED STATES (USA)
1J9422,21896,"JETSTREAM OF HOUSTON, LLP",,Trailer,
1J9425,6119,J.A.C.K.S METAL WERX,,Trailer,UNITED STATES (USA)
1J9428,1630,"JR MANUFACTURING AND SALES, LLC",,Trailer,UNITED STATES (USA)
1J9432,6762,"JJ OUTDOOR INDUSTRIES, LLC",,Trailer,UNITED STATES (USA)
1J9434,6772,JIM'S ENTERPRISE,,Trailer,UNITED STATES (USA)
1J9435,17870,GRANITE STATE TRAILERS LLC,,Trailer,UNITED STATES (USA)
1J9438,14010,JRB CUZ ENTERPRISES,,Trailer,UNITED STATES (USA)
1J9439,13605,"JOHNSON INDUSTRIES, INC.",,Trailer,UNITED STATES (USA)
1J9441,14227,"JORDAN AIRCRAFT SERVICES, INC.",,Trailer,UNITED STATES (USA)
1J9442,13995,JANSSEN WELDING AND FABRICATION,,Trailer,UNITED STATES (USA)
1J9444,15172,"JFM SERVICES, INC.",,Trailer,UNITED STATES (USA)
1J9445,5007,"JETECH, INC.",,Trailer,UNITED STATES (USA)
1J9447,14828,"JDC ENTERPRISES, INC.",,Truck,UNITED STATES (USA)
1J944L,11933,"JIM-GLO TRAILERS, LLC",,Trailer,UNITED STATES (USA)
1J9452,15931,J ANDRUS INC.,,Trailer,UNITED STATES (USA)
1J9456,15936,"JOYRIDE TOUR, LLC",,Low Speed Vehicle (LSV),UNITED STATES (USA)
1J9457,16259,"JJR, INC.",,Trailer,UNITED STATES (USA)
1J9460,16257,J AND P TRAILER COMPANY,,Trailer,UNITED STATES (USA)
1J9461,16205,JACKRABBIT FABRICATION LLC,,Trailer,UNITED STATES (USA)
1J9463,16444,J AND E STEEL LLC,,Trailer,UNITED STATES (USA)
1J9464,16277,"JANAK & SONS, LLC",,Trailer,UNITED STATES (USA)
1J9467,17334,"JOE'S TRAILER MFG, INC.",,Trailer,UNITED STATES (USA)
1J9468,18034,"JUBILEE TRAILERS, LLC",,Trailer,UNITED STATES (USA)
1J946L,11933,"JIM-GLO TRAILERS, LLC",,Trailer,UNITED STATES (USA)
1J9470,17975,JAK STEELE MFG. LLC.,,Trailer,UNITED STATES (USA)
1J9471,18478,J&E CUSTOM UTILITY TRAILERS LLC,,Trailer,UNITED STATES (USA)
1J9472,18211,JACKRABBIT MANUFACTURING LLC,,Trailer,UNITED STATES (USA)
1J9474,18501,JMC INC.,,Trailer,UNITED STATES (USA)
1J9476,18680,JBALL FISH HOUSES LLC,,Trailer,UNITED STATES (USA)
1J9478,18535,JEFE'S WELDING CO. LLC,,Trailer,UNITED STATES (USA)
1J9480,18614,JERSEY BUS TECH LLC,,Bus,UNITED STATES (USA)
1J9482,18715,J'S GOLF CARTS SALES AND SERVICE,,Low Speed Vehicle (LSV),UNITED STATES (USA)
1J9483,17975,JAK STEELE MFG. LLC.,,Trailer,UNITED STATES (USA)
1J9484,18754,JNT WELDING LLC,,Trailer,UNITED STATES (USA)
1J9485,23158,JEWELL MANUFACTURING,,Trailer,UNITED STATES (USA)
1J9486,13782,"J.A.R. CAPITAL GROUP, INC.",,Trailer,UNITED STATES (USA)
1J9487,18747,JUAN PABLO JIMENEZ MORALES,,Motorcycle,UNITED STATES (USA)
1J9490,18861,J&C TRAILERS,,Trailer,UNITED STATES (USA)
1J9492,10663,JEFFREY VENTURES,,Motorcycle,UNITED STATES (USA)
1J9493,19186,JLC FABRICATION LLC,,Trailer,UNITED STATES (USA)
1J9494,19143,JACK OF ALL TRADES BY GEORGE LLC,,Trailer,UNITED STATES (USA)
1J9496,19378,JIM'S TRAILERS,,Trailer,UNITED STATES (USA)
1J9498,19911,J & C SUPPLIERS,,Trailer,UNITED STATES (USA)
1J9499,19526,"JLH SALES AND SERVICE, LLC",,Trailer,UNITED STATES (USA)
1J9500,19678,JUMPSTREET CUSTOM,,Motorcycle,UNITED STATES (USA)
1J9503,19720,"JOE MARSHALL CUSTOMS, LLC.",,Motorcycle,UNITED STATES (USA)
1J9504,19833,JRS TRAILERS LLC,,Trailer,UNITED STATES (USA)
1J9505,19924,"J.W. WILLIAMS, INC.",,Trailer,UNITED STATES (USA)
1J9507,20122,JONESBORO CYCLE & ATV LLC,,Trailer,UNITED STATES (USA)
1J9508,19985,J & M TRAILERS LLC,,Trailer,UNITED STATES (USA)
1J9509,20081,JBA TEX TRAILERS LLC,,Trailer,UNITED STATES (USA)
1J9510,20209,JACKSON CANVAS CO.,,Trailer,UNITED STATES (USA)
1J9511,20009,J D WELDING & SANDBLASTING LLC,,Trailer,UNITED STATES (USA)
1J9513,20202,JNG MANUFACTURING,,Trailer,UNITED STATES (USA)
1J9515,20541,J AND J WELDING,,Trailer,UNITED STATES (USA)
1J9516,20486,JDH ENTERPRISE LLC,,Trailer,UNITED STATES (USA)
1J9517,20434,J&D MILLWRIGHT,,Trailer,UNITED STATES (USA)
1J9518,21150,JD AXLE LLC,,Trailer,
1J9519,20631,JS CROSS ROADS,,Trailer,UNITED STATES (USA)
1J9521,20663,J.B. TRAILERS,,Trailer,UNITED STATES (USA)
1J9523,23578,"JHB GROUP, INC.",,Trailer,
1J9527,21095,JAY'S TRAILERS,,Trailer,UNITED STATES (USA)
1J9528,21085,JACOB STEEL FABRICATOR LLC,,Trailer,UNITED STATES (USA)
1J9530,21151,JK TRAILER PLUS,,Trailer,
1J9531,21277,JMF ENTERPRISES LLC,,Trailer,UNITED STATES (USA)
1J9533,21372,JLF CUSTOM WELDING AND FABRICATION,,Trailer,UNITED STATES (USA)
1J9535,21437,JHB INC. DBA FROLIK CARGO CAMPERS,,Trailer,
1J9536,21449,J AND S OILFIELD SERVICES,,Trailer,
1J9537,21574,JT-KUSTOMS LLC,,Low Speed Vehicle (LSV),
1J9538,21448,JOURNEY RV LLC,,Trailer,UNITED STATES (USA)
1J9539,21464,JF TRAILERS LLC,,Trailer,
1J9541,21482,JOEBED LLC,,Trailer,UNITED STATES (USA)
1J9543,21480,J & J TRAILER REPAIR,,Trailer,UNITED STATES (USA)
1J9544,21525,JQ WELDING,,Trailer,UNITED STATES (USA)
1J9549,22486,JONES CUSTOM WELDING & FABRICATION,,Trailer,
1J9550,21786,JJM TRAILERS LLC,,Trailer,
1J9551,21910,JACOB JAYNES SALES,,Trailer,
1J9553,22264,JELIN TRUCK AND TRAILER,,Trailer,UNITED STATES (USA)
1J9554,22302,JVS CART COMPANY LLC,,Low Speed Vehicle (LSV),
1J9557,22509,"JAY MILLS CONTRACTING, INC.",,Trailer,
1J9559,22643,JEREMY BOWLES TRAILERS LLC,,Trailer,
1J9560,22630,JC CUSTOM WELDING & ELECTRIC INC.,,Trailer,
1J9563,22733,JCE TRAILERS LLC,,Trailer,
1J9565,22693,JUST US TINY HOMES,,Trailer,
1J9568,23153,JJ WELDING & FABRICATION LLC,,Trailer,
1J9570,23220,JAY'S MOBILE CARTS & TRAILERS,,Trailer,UNITED STATES (USA)
1J9572,23424,"J PIERSKI ENTERPRISES, LLC",,Trailer,UNITED STATES (USA)
1J9573,23423,JAYCO TRAILER COMPANY,,Trailer,
1J9574,23727,JD CUSTOM KAYAK TRAILERS,,Trailer,UNITED STATES (USA)
1J9576,23744,"JERRY'S WELDING SERVICE, INC",,Trailer,UNITED STATES (USA)
1J9579,23986,JONES SERVICE & REPAIR LLC,,Trailer,UNITED STATES (USA)
1J9580,24482,"JET BOATS OF TEXAS, LLC",,Trailer,
1J9581,24446,"J MOORE TRAILER MANUFACTURING, LLC",,Trailer,
1J9584,24877,JRS FOOD TRAILERS LLC,,Trailer,
1J9585,24904,JAY REPAIR SERVICES LLC,,Trailer,
1J9586,25105,"JAGUAR MANUFACTURING, INC.",,Trailer,
1J9587,25278,JUMAN MANUFACTURING LLC,,Trailer,
1J9590,25553,JL FABRICATION,,Trailer,
1J9591,25461,"JTC MANUFACTURING, LLC",,Trailer,
1J9592,25436,JB MANUFACTURING AND REPAIR,,Trailer,UNITED STATES (USA)
1J9594,25781,J TRAILERS LLC,,Trailer,
1J9705,4003,TRIPLE J ENTERPRISES,,Trailer,UNITED STATES (USA)
1JC,994,FCA US LLC,JEEP,Multipurpose Passenger Vehicle (MPV),UNITED STATES (USA)
1JD,994,FCA US LLC,JEEP,Incomplete Vehicle,UNITED STATES (USA)
1JJ,14508,WABASH NATIONAL CORPORATION,"WABASH, FRUEHUAF, WABASH VANS, WABASH PLATFORMS, WABASH DOLLIES",Trailer,UNITED STATES (USA)
1JK,11399,"INTERSTATE TRAILERS, INC.","INTERSTATE TRAILERS, INC.",Trailer,UNITED STATES (USA)
1JT,994,FCA US LLC,JEEP,Truck,UNITED STATES (USA)
1JU,8387,MARMON MOTOR CO,MARMON MOTOR CO,Truck,UNITED STATES (USA)
1JZ,15438,B & M TRAILER SALES,B & M TRAILER SALES,Trailer,UNITED STATES (USA)
1K4,2936,KOMFORT CORP.,KOMFORT CORP.,Trailer,UNITED STATES (USA)
1K5,2936,KOMFORT CORP.,KOMFORT CORP.,Trailer,UNITED STATES (USA)
1K9007,13554,KANN MANUFACTURING CORPORATION,,Trailer,UNITED STATES (USA)
1K9008,13554,KANN MANUFACTURING CORPORATION,,Trailer,UNITED STATES (USA)
1K9009,13554,KANN MANUFACTURING CORPORATION,,Trailer,UNITED STATES (USA)
1K9010,25242,"KROPF INDUSTRIES, INC.",,Trailer,
1K9011,15201,"KREMCO, INC",,Trailer,UNITED STATES (USA)
1K9023,2333,KENT TRUCK-TRAILER SERVICE INC.,,Trailer,UNITED STATES (USA)
1K9036,4131,KOEBRICK WELDING,,Trailer,UNITED STATES (USA)
1K9037,17932,KARNEL ENTERPRIZES,,Trailer,UNITED STATES (USA)
1K9047,17674,KEYCO MANUFACTURING INC.,,Trailer,UNITED STATES (USA)
1K9049,3049,"KINGSTON TRAILERS, LLC",,Trailer,UNITED STATES (USA)
1K9050,2661,KAL MANUFACTURING,,Trailer,UNITED STATES (USA)
1K9053,15199,KINGS WAY TRAILER MFG.,,Trailer,UNITED STATES (USA)
1K9057,10108,"KRUGER TRAILERS, INC.",,Trailer,UNITED STATES (USA)
1K9058,9617,KOVATCH MOBILE EQUIPMENT CORP. KME FIRE APPARATUS,,Truck,UNITED STATES (USA)
1K9059,15198,KID MANUFACTURING,,Trailer,UNITED STATES (USA)
1K9062,13554,KANN MANUFACTURING CORPORATION,,Trailer,UNITED STATES (USA)
1K9065,3051,KIPE STEEL,,Trailer,UNITED STATES (USA)
1K9069,17322,"KNOWLES MANUFACTURING COMPANY, INC",,Trailer,UNITED STATES (USA)
1K9070,17994,"DAVID B KNIGHT & ASSOCIATES, INC.",,Trailer,UNITED STATES (USA)
1K9077,3502,KEITH HUBER INC,,Trailer,UNITED STATES (USA)
1K9083,17831,"K.T. SPECIALTIES, INC.",,Trailer,UNITED STATES (USA)
1K9087,17857,KOFFLER MFG. INC.,,Trailer,UNITED STATES (USA)
1K9094,17319,KENN TRAILERS,,Trailer,UNITED STATES (USA)
1K9100,10551,"KENDON INDUSTRIES, LLC",,Trailer,UNITED STATES (USA)
1K9103,4105,KIT MANUFACTURING COMPANY,,Trailer,UNITED STATES (USA)
1K9106,2485,KEEHN SERVICE CORPORATION,,Trailer,UNITED STATES (USA)
1K9109,16731,KEYWAY FABRICATION & DESIGN,,Trailer,UNITED STATES (USA)
1K9113,18196,KELLYS WELDING & MANUFACTURING,,Trailer,UNITED STATES (USA)
1K9118,2803,KUSTOM SIGNALS INC.,,Trailer,UNITED STATES (USA)
1K9123,16883,KEVIN'S REPAIR & AUTO BODY,,Trailer,UNITED STATES (USA)
1K9124,16938,KELLY WELDING,,Trailer,UNITED STATES (USA)
1K9137,3667,K-N MANUFACTURING,,Trailer,UNITED STATES (USA)
1K9141,3821,KAUFMAN TRAILERS,,Trailer,UNITED STATES (USA)
1K9148,3509,KEN'S CUSTOM TRAILERS AND SUPPLIES,,Trailer,UNITED STATES (USA)
1K9152,10109,KRYSTAL KOACH INC.,,Bus,UNITED STATES (USA)
1K9155,2330,KENDRICK'S PRE-FAB WELDING,,Trailer,UNITED STATES (USA)
1K9157,17037,KLEIN CORPORATION,,Trailer,UNITED STATES (USA)
1K9160,1631,KIBBI LLC,,Trailer,UNITED STATES (USA)
1K9162,9756,"ROBERT E. KING EQUIPMENT, INC. DBA  KING EQUIPMENT CO.",,Trailer,UNITED STATES (USA)
1K9170,3662,"K INDUSTRIES, INC",,Trailer,UNITED STATES (USA)
1K9172,10098,R. FILION MANUFACTURER INC.,,Trailer,UNITED STATES (USA)
1K9173,4110,"KLIPPING KING, INC.",,Trailer,UNITED STATES (USA)
1K9174,3501,KEENWAY MANUFACTURING INC.,,Trailer,UNITED STATES (USA)
1K9175,18017,"K & K MANUFACTURING, INC.",,Trailer,UNITED STATES (USA)
1K9178,2942,KARD CO.,,Trailer,UNITED STATES (USA)
1K9188,2326,"KENCO FABRICATING COMPANY, INC.",,Trailer,UNITED STATES (USA)
1K9189,10820,KYZER ALUMINUM INC.,,Trailer,UNITED STATES (USA)
1K9190,3499,KING KUSTOM CYCLE,,Motorcycle,UNITED STATES (USA)
1K9191,3658,C&S CONVERSIONS INC,,Trailer,UNITED STATES (USA)
1K9194,4126,"KNUCKLEHEAD POWER USA, INC.",,Motorcycle,UNITED STATES (USA)
1K9195,21327,BBQ PITS BY KLOSE,,Trailer,
1K9196,4123,"KNIGHTS KARGO, INC.",,Trailer,UNITED STATES (USA)
1K9197,3052,KIRKLEY & SON MACHINE SHOP,,Trailer,UNITED STATES (USA)
1K9198,9898,KAMCO,,Trailer,UNITED STATES (USA)
1K9201,2328,KENDALL TRAILER MFG.,,Trailer,UNITED STATES (USA)
1K9202,3404,KROMER CO,,Trailer,UNITED STATES (USA)
1K9204,4132,KOESTER'S MACHINE SHOP,,Trailer,UNITED STATES (USA)
1K9207,3666,K&M TRAILERS SALES,,Trailer,UNITED STATES (USA)
1K9208,3495,KIMBLE CHASSIS,,Truck,UNITED STATES (USA)
1K9209,3660,K & K TRAILERS INC,,Trailer,UNITED STATES (USA)
1K9210,3669,K.C. CREATIONS INC,,Motorcycle,UNITED STATES (USA)
1K9214,4130,KODIAK MOTORCYCLE MANUFACTURING CO. INC,,Motorcycle,UNITED STATES (USA)
1K9215,3500,KING MANUFACTURING INC,,Trailer,UNITED STATES (USA)
1K9216,4127,"KODIAK ALUMINUM MFG., INC",,Trailer,UNITED STATES (USA)
1K9219,2937,KOPAVI TRKES INC,,Motorcycle,UNITED STATES (USA)
1K9220,2940,KAR FABRICATION INC,,Trailer,UNITED STATES (USA)
1K9223,4122,KNIGHT'S DRAGON SERVICE,,Trailer,UNITED STATES (USA)
1K9225,3552,"KWIK DUMP TRAILER SUPPLY, INC.",,Trailer,UNITED STATES (USA)
1K9226,2796,KRUZ INC.,,Trailer,UNITED STATES (USA)
1K9230,4284,"KEYSTONE VENDING CART CO., INC.",,Trailer,UNITED STATES (USA)
1K9232,2798,KSM ENTERPRISES/LOWBED DIVISION,,Trailer,UNITED STATES (USA)
1K9234,3045,KING RD. WELDING,,Trailer,UNITED STATES (USA)
1K9236,2800,"KUNTRY KUSTOM RV, LLC DBA RICH SPECIALTY TRAILERS",,Trailer,UNITED STATES (USA)
1K9237,2766,KILLER CHOPPER CYCLE FABRICATION,,Motorcycle,UNITED STATES (USA)
1K9240,9623,KNIGHTS CHOPPERS INC.,,Motorcycle,UNITED STATES (USA)
1K9241,11312,K.B. DISTRIBUTING/EMPIRE CHOPPERS,,Motorcycle,UNITED STATES (USA)
1K9243,10976,KEYSTONE CHOPPERS,,Motorcycle,UNITED STATES (USA)
1K9244,8603,"K & K SYSTEMS, INC.",,Trailer,UNITED STATES (USA)
1K9246,1359,"KEIZER MORRIS INTERNATIONAL, INC. DBA KM INTERNATIONAL",,Trailer,UNITED STATES (USA)
1K9248,10442,KRAFT CUSTOM CYCLES L.L.C.,,Motorcycle,UNITED STATES (USA)
1K9249,9870,KEMP KUSTOMS,,Motorcycle,UNITED STATES (USA)
1K9251,3661,K & K WELDING,,Trailer,UNITED STATES (USA)
1K9253,9668,"KILLION ENTERPRISES, LLC",,Trailer,UNITED STATES (USA)
1K9254,9477,KUSTOM MACHINE & SHEET METAL,,Trailer,UNITED STATES (USA)
1K9255,9467,KING CUSTOM MOTORCYCLES,,Motorcycle,UNITED STATES (USA)
1K9259,10876,KANSAS KUSTOMS,,Motorcycle,UNITED STATES (USA)
1K9260,8705,KELLER WELDING LLC,,Trailer,UNITED STATES (USA)
1K9262,5857,"KAK MOTORCYCLES, INC.",,Motorcycle,UNITED STATES (USA)
1K9263,10868,"KAPELS ENG & BLD, INC.",,Trailer,UNITED STATES (USA)
1K9266,10493,"KINKAID TRAILERS, LLC",,Trailer,UNITED STATES (USA)
1K9268,3495,KIMBLE CHASSIS,,Trailer,UNITED STATES (USA)
1K9269,10707,"KIMBEL MANUFACTURING, LLC",,Trailer,UNITED STATES (USA)
1K9271,11157,"KIWI'S WELDING & REPAIR, INC.",,Trailer,UNITED STATES (USA)
1K9274,1115,KNAPHEIDE TRUCK EQUIPMENT COMPANY SOUTHWEST,,Trailer,UNITED STATES (USA)
1K9276,1361,LIBERATOR TRIKES LLC,,Motorcycle,UNITED STATES (USA)
1K9277,4269,KNIGHTHAULERS MFG. LLC,,Trailer,UNITED STATES (USA)
1K9278,8864,KIOBA INDUSTRIES,,Trailer,UNITED STATES (USA)
1K9279,10522,K-OTIC KUSTOMS,,Motorcycle,UNITED STATES (USA)
1K9281,11657,KORRUPT CHOPPERS,,Motorcycle,UNITED STATES (USA)
1K9283,9999,KNIEVEL MOTORCYCLE MANUFACTURING INC.,,Motorcycle,UNITED STATES (USA)
1K9284,6215,"KWIK LOAD, INC.",,Trailer,UNITED STATES (USA)
1K9286,6441,KEYSTONE TRAILERS INC.,,Trailer,UNITED STATES (USA)
1K9288,7003,"KDZ KUSTOMS, LLC",,Motorcycle,UNITED STATES (USA)
1K9289,12058,"KRIPPLE KREEK, LLC",,Trailer,UNITED STATES (USA)
1K9291,7587,KNIGHTS FABRICATION,,Trailer,UNITED STATES (USA)
1K9292,7689,KEV'S WELDING & MANUFACTURING,,Trailer,UNITED STATES (USA)
1K9293,11926,K-JACK MOTORS L.L.C.,,Motorcycle,UNITED STATES (USA)
1K9298,3661,K & K WELDING,,Trailer,UNITED STATES (USA)
1K9299,6144,"KEY ENERGY SERVICES, LLC",,Trailer,UNITED STATES (USA)
1K9303,7710,"KEPLER MOTORS, INC.",,Passenger Car,UNITED STATES (USA)
1K9304,7708,"K & M MANUFACTURING CO., INC.",,Trailer,UNITED STATES (USA)
1K9307,7714,KUSTOM KONCEPTS LLC,,Trailer,UNITED STATES (USA)
1K9308,6638,KINGDOM CUSTOMS MOTORCYCLE COMPANY LLC,,Motorcycle,UNITED STATES (USA)
1K9309,7088,KL WELDING & REPAIR LLC,,Trailer,UNITED STATES (USA)
1K9310,7921,KICKIN' KAMPERS INC.,,Trailer,UNITED STATES (USA)
1K9311,1205,CRC CEMETERY SERVICES INC.,,Trailer,
1K9312,1456,"KEYSTONE OILFIELD FABRICATION, LLC",,Trailer,UNITED STATES (USA)
1K9313,7865,KRUGGER AUTO LLC,,Motorcycle,UNITED STATES (USA)
1K9317,11938,KODIAK ADVENTURE PRODUCTS,,Trailer,UNITED KINGDOM (UK)
1K9320,7906,"KIEWIT INFRASTRUCTURE WEST CO.,",,Trailer,UNITED STATES (USA)
1K9323,12115,KANDI STEEL LLC,,Trailer,UNITED STATES (USA)
1K9325,20444,KENNEDY FABRICATING,,Trailer,UNITED STATES (USA)
1K9327,12136,KEINO CYCLES LLC,,Motorcycle,UNITED STATES (USA)
1K9330,12230,"KLINGER TRAILER, INC.",,Trailer,UNITED STATES (USA)
1K9331,6552,KINOS CUSTOM CONCEPTS LLC,,Motorcycle,UNITED STATES (USA)
1K9332,20211,"KEMCO MANUFACTURING, LLC",,Trailer,UNITED STATES (USA)
1K9336,6589,KIWI AIR LLC,,Trailer,UNITED STATES (USA)
1K9338,7472,KEYSTONE LSV CO.,,Low Speed Vehicle (LSV),UNITED STATES (USA)
1K9339,7492,KRIMINAL KUSTOMS LLC,,Motorcycle,UNITED STATES (USA)
1K9341,13397,KOASTAL TRAILER LLC,,Trailer,UNITED STATES (USA)
1K9342,6990,KLD ENERGY TECHNOLOGIES,,Motorcycle,UNITED STATES (USA)
1K9345,6990,KLD ENERGY TECHNOLOGIES,,Low Speed Vehicle (LSV),UNITED STATES (USA)
1K9346,17395,KLA DESIGNS,,Trailer,UNITED STATES (USA)
1K9347,7329,"KNIGHTEN MACHINE & SERVICE, INC.",,Trailer,UNITED STATES (USA)
1K9349,18635,KELLEY'S FABRICATION,,Trailer,UNITED STATES (USA)
1K9351,12016,"KWIK EQUIPMENT SALES, LLC",,Trailer,UNITED STATES (USA)
1K9352,13657,"KYFAB, LLC",,Trailer,UNITED STATES (USA)
1K9353,13941,KANSAS MOTORCYCLE WORKS LLC,,Motorcycle,UNITED STATES (USA)
1K9354,13821,KEYSTONE KABINS,,Trailer,UNITED STATES (USA)
1K9356,14004,"KANAMAK HYDRAULICS, INC.",,Trailer,UNITED STATES (USA)
1K9357,13733,KUSTOM KARZ OF SCOTTSBORO,,Low Speed Vehicle (LSV),UNITED STATES (USA)
1K9361,2354,"KIF, LLC",,Trailer,UNITED STATES (USA)
1K9365,15187,"KJD ENTERPRISES, INC.",,Trailer,UNITED STATES (USA)
1K9367,17217,"KAUFMAN TRAILERS OF SC, INC.",,Trailer,UNITED STATES (USA)
1K9368,16069,KANSAS TRAILER MANUFACTURING LLC,,Trailer,UNITED STATES (USA)
1K9369,16071,KENT POWER INC.,,Trailer,UNITED STATES (USA)
1K9372,16167,KERBY BROTHERS LLC,,Trailer,UNITED STATES (USA)
1K9373,16122,KNIGHT FABRICATING,,Trailer,UNITED STATES (USA)
1K9376,16436,"K&K REPAIR SERVICE, LLC",,Trailer,UNITED STATES (USA)
1K9377,16674,KNUTSON ENGINEERING LLC,,Trailer,UNITED STATES (USA)
1K9378,16542,KIEPE ELECTRIC INC.,,Bus,UNITED STATES (USA)
1K9380,17397,"KAT INDUSTRIES, INC",,Trailer,UNITED STATES (USA)
1K9382,20807,KTD INDUSTRIES INC.,,Trailer,
1K9384,18357,"K & S FABRICATION, LLC",,Trailer,UNITED STATES (USA)
1K9385,18558,"K&S FABRICATION, LLC",,Trailer,UNITED STATES (USA)
1K9386,18636,KLJ AUTO SALES AND SERVICE,,Trailer,UNITED STATES (USA)
1K9387,19662,KAREEM CORPORATION,,Trailer,UNITED STATES (USA)
1K9390,18895,KRAMO AMERICA CONSULTING INC.,,Trailer,UNITED STATES (USA)
1K9392,19424,KINNEY MANUFACTURING LLC,,Trailer,UNITED STATES (USA)
1K9393,19550,"KALT LIFE KUSTOM KARTS, INC",,Low Speed Vehicle (LSV),UNITED STATES (USA)
1K9394,19589,KIC MANUFACTURING LLC,,Trailer,UNITED STATES (USA)
1K9397,19761,KJ LEISURE TRAILERS LLC,,Trailer,UNITED STATES (USA)
1K9398,19711,KINICH SOLAR INDUSTRIES LLC,,Trailer,UNITED STATES (USA)
1K9399,19848,KAISER PREMIER LLC,,Trailer,UNITED STATES (USA)
1K9400,19777,KROME 728 AQUISITION,,Trailer,UNITED STATES (USA)
1K9402,19830,KOEHN AND SONS,,Trailer,UNITED STATES (USA)
1K9404,19876,KARRY USA,,Trailer,UNITED STATES (USA)
1K9405,19922,KANTERRA TRAILER CO.,,Trailer,UNITED STATES (USA)
1K9408,20431,KLEVENITE TRAILERS,,Trailer,UNITED STATES (USA)
1K9409,20195,KALINOWSKI TRANSPORTATION LLC,,Trailer,UNITED STATES (USA)
1K9410,20210,KINGTEC GROUP COMPANY LIMITED,,Trailer,UNITED STATES (USA)
1K9411,20214,K&F INDUSTRIES,,Trailer,UNITED STATES (USA)
1K9413,20306,KACTUS KID TRAILERS,,Trailer,UNITED STATES (USA)
1K9416,20614,KICK AZZ SERVICES LLC,,Trailer,UNITED STATES (USA)
1K9417,20669,KOECHNER MFG. CO. INC.,,Trailer,
1K9418,18911,"KANOFF EQUIPMENT SERVICES, LLC",,Trailer,UNITED STATES (USA)
1K9419,20885,KRAESE REPAIRS LLC,,Motorcycle,UNITED STATES (USA)
1K9421,21238,KRISS MOTORS CORPORATION,,Motorcycle,
1K9423,24049,KENSINGTON TRAILERS LLC,,Trailer,
1K9424,21326,KEL-TEC TRAILER MFG. LLC,,Trailer,
1K9425,21252,KINGDOM CAMPING LLC,,Trailer,
1K9426,21832,"KSI CONVEYORS, INC",,Trailer,
1K9427,21738,"KIRILA FIRE TRAINING FACILITIES, INC.",,Trailer,UNITED STATES (USA)
1K9432,24744,KCP AMERICA INC.,,Trailer,
1K9433,22418,"KORU PERFORMANCE, LLC",,Trailer,UNITED STATES (USA)
1K9434,22494,KMX TRAILERS INC,,Trailer,
1K9435,22702,KAMMERER DYNAMICS INC.,,Trailer,UNITED STATES (USA)
1K9436,22923,KINDIG-IT DESIGN,,Passenger Car,
1K9437,22703,K AND K WELDING LLC,,Trailer,UNITED STATES (USA)
1K9438,22727,KINGS HOMES INC.,,Trailer,
1K9439,23409,KAYLAVON ENTERPRISE LLC,,Trailer,
1K9441,23105,KCH TRAILERS,,Trailer,UNITED STATES (USA)
1K9442,23263,KEB HOMES LLC,,Trailer,
1K9443,2354,"KIF, LLC",,Trailer,
1K9444,23369,KOMPACT KAMP LLC,,Trailer,
1K9445,23435,KRAKEN CUSTOM MARINE,,Trailer,UNITED STATES (USA)
1K9446,23619,KINGS TRAILERS LLC,,Trailer,UNITED STATES (USA)
1K9447,23443,"KLINGER TRAILER, LLC",,Trailer,
1K9448,23642,KNOTT COUNTY WELDING AND FABRICATING LLC,,Trailer,UNITED STATES (USA)
1K9449,23799,KEYSTONE TRAILER CO,,Trailer,UNITED STATES (USA)
1K9450,23987,KRABALCRAFT LLC,,Trailer,
1K9451,23998,KD MODULAR INSTALLERS,,Trailer,UNITED STATES (USA)
1K9452,24111,KORO BAS INC.,,Trailer,
1K9453,24917,KINETIC CUSTOM TRAILERS USA INC.,,Trailer,UNITED STATES (USA)
1K9454,24971,K & B INCORPORATED,,Trailer,
1K9455,25308,KINETIC CARRIERS,,Trailer,
1K9456,25113,KASE PUMPING SYSTEMS LLC,,Trailer,
1K9457,25512,KRK TRAILERS,,Trailer,UNITED STATES (USA)
1K9458,25127,KENNCO MANUFACTURING INC,,Trailer,
1K9459,25190,KRP RENTALS LLC,,Trailer,
1K9460,25537,KRAFT TANK CORPORATION,,Trailer,UNITED STATES (USA)
1K9461,25336,KM MANUFACTURING LLC,,Low Speed Vehicle (LSV),
1K9463,25374,KINGSFORGE CARGO LLC,,Trailer,UNITED STATES (USA)
1K9464,25594,K&A EQUIPMENT SALES LLC,,Low Speed Vehicle (LSV),
1K9465,25711,KIZZARNY TRAILERS,,Trailer,
1K9466,25631,"KNOXDROPS, LLC",,Trailer,UNITED STATES (USA)
1K9HBW,11277,"KIT HOMEBUILDERS WEST, LLC",,Trailer,UNITED STATES (USA)
1KB,5156,HOLIDAY RAMBLE CORPORATION,HOLIDAY RAMBLER,Trailer,UNITED STATES (USA)
1KK,2340,KENTUCKY MANUFACTURING CO.,KENTUCKY,Trailer,UNITED STATES (USA)
1L1,976,FORD MOTOR COMPANY,LINCOLN,Passenger Car,UNITED STATES (USA)
1L2,10436,NEWMAR CORPORATION,LONDON AIRE,Trailer,UNITED STATES (USA)
1L3,16228,THE HIGHLAND GROUP,HIGHLAND,Trailer,UNITED STATES (USA)
1L8,13008,EZ LOADER CUSTOM BOAT TRAILERS INC.,EZ LOADER CUSTOM BOAT TRAILERS,Trailer,UNITED STATES (USA)
1L9006,16679,LODAL LLC,,Truck,UNITED STATES (USA)
1L9026,15228,"LUEDTKE MANUFACTURING, INC",,Trailer,UNITED STATES (USA)
1L9027,3718,LAGASSE RIDES,,Trailer,UNITED STATES (USA)
1L9033,2705,"LEDWELL & SON ENTERPRISES, INC.",,Trailer,UNITED STATES (USA)
1L9041,13415,KÄRCHER NORTH AMERICA,,Trailer,UNITED STATES (USA)
1L9042,17154,LEMCO TOOL CORPORATION,,Trailer,UNITED STATES (USA)
1L9044,17886,LONDON BRIDGE WELDING,,Trailer,UNITED STATES (USA)
1L9046,15209,L & L CUSTOM TRAILERS,,Trailer,UNITED STATES (USA)
1L9049,15212,L.J. WELDING INC,,Trailer,UNITED STATES (USA)
1L9054,15223,"LIFETIME ALUMINUM TRAILER CO., INC",,Trailer,UNITED STATES (USA)
1L9055,4048,LANDRY'S WELDING & TRAILERS INC,,Trailer,UNITED STATES (USA)
1L9056,15229,LUPER'S TANK & TRAILER,,Trailer,UNITED STATES (USA)
1L9060,3407,"LOGAN FARM EQUIPMENT CO., INC.",,Trailer,UNITED STATES (USA)
1L9061,3728,LANDA INC.,,Trailer,UNITED STATES (USA)
1L9063,15224,LIFTCO INCORPORATED,,Trailer,UNITED STATES (USA)
1L9064,2692,LAZY N INC,,Trailer,UNITED STATES (USA)
1L9067,4049,LANDS DESIGN CORPORATION,,Truck,UNITED STATES (USA)
1L9068,17203,LACOTA INC,,Trailer,UNITED STATES (USA)
1L9070,15214,L.B. MANUFACTURING COMPANY,,Trailer,UNITED STATES (USA)
1L9074,16160,ILAUG PRODUCTS INC,,Trailer,UNITED STATES (USA)
1L9081,17700,LONGHORN TRAILER COMPANY,,Trailer,UNITED STATES (USA)
1L9085,16905,"BRINDLE PRODUCTS, INC.",,Trailer,UNITED STATES (USA)
1L9086,17847,"LAUREL FABRICATING, INC.",,Trailer,UNITED STATES (USA)
1L9088,17315,LAMCO MANUFACTURING & DISTRIBUTING COMPANY INC,,Trailer,UNITED STATES (USA)
1L9092,17709,LIMCO MANUFACTURING CORPORATION,,Trailer,UNITED STATES (USA)
1L9094,6901,"LAKESIDE TRAILER MANUFACTURING, INC.",,Trailer,UNITED STATES (USA)
1L9095,18093,LYNDEN TANK CO,,Trailer,UNITED STATES (USA)
1L9097,17200,L & S LINE MANUFACTURING,,Trailer,UNITED STATES (USA)
1L9105,17778,LAYTON MANUFACTURING COMPANY,,Trailer,UNITED STATES (USA)
1L9109,17890,"L.A. WOODS CO., INC.",,Trailer,UNITED STATES (USA)
1L9116,18001,LOEFFLER FILTRATION GROUP,,Trailer,UNITED STATES (USA)
1L9124,18137,"LANIER TRAILER, INC.",,Trailer,UNITED STATES (USA)
1L9127,2715,LELAND TRUCK EQUIPMENT,,Trailer,UNITED STATES (USA)
1L9132,18161,LAZY L MFG.,,Trailer,UNITED STATES (USA)
1L9138,3558,"L & H MANUFACTURING, INC.",,Trailer,UNITED STATES (USA)
1L9139,16740,L& J HYDRAULICS CO.,,Trailer,UNITED STATES (USA)
1L9143,17295,LEMNA CORPORATION,,Trailer,UNITED STATES (USA)
1L9144,15374,TRADERS MFG. GROUP INC,,Trailer,UNITED STATES (USA)
1L9147,16850,LISLE SPECIALTIES INC,,Trailer,UNITED STATES (USA)
1L9150,17930,"LITE HOUSE CAMPERS, INC.",,Trailer,UNITED STATES (USA)
1L9154,16443,INTERNATIONAL LIFT CORPORATION,,Trailer,UNITED STATES (USA)
1L9155,18282,LA EXOTICS,,Passenger Car,UNITED STATES (USA)
1L9157,4169,"LACROSSE ENTERPRISES, INC.",,Trailer,UNITED STATES (USA)
1L9158,2971,"LIL' JOHN'S PLACE, INC.",,Motorcycle,UNITED STATES (USA)
1L9159,3713,LAFARGE TRAILER COMPANY,,Trailer,UNITED STATES (USA)
1L9160,5894,"LUKE'S TRAILER MFG AND SALES, INC.",,Trailer,UNITED STATES (USA)
1L9161,16796,LAZY-DAZ INC,,Trailer,UNITED STATES (USA)
1L9165,16879,LIMBO CONTAINER COMPANY,,Trailer,UNITED STATES (USA)
1L9166,4048,LANDRY'S WELDING & TRAILERS INC,,Trailer,UNITED STATES (USA)
1L9174,2702,LEBER COACH MANUFACTURING,,Bus,UNITED STATES (USA)
1L9175,18213,LA PALMA AUTO BODY & REPAIR,,Trailer,UNITED STATES (USA)
1L9176,17954,LINDSAY'S FARM EQUIPMENT,,Trailer,UNITED STATES (USA)
1L9177,18948,LONG MACHINE CO LLC,,Trailer,UNITED STATES (USA)
1L9179,10821,LAKE TECHNOLOGY PRODUCTS INC,,Trailer,UNITED STATES (USA)
1L9191,3218,LES' SERVICE AND CANOPIES,,Trailer,UNITED STATES (USA)
1L9192,3408,LOGANO TRUCKING CO INC,,Trailer,UNITED STATES (USA)
1L9199,9868,"J R MILLS ENTERPRISES, INC.",,Trailer,UNITED STATES (USA)
1L9200,16616,"LDC INDUSTRIES, INC",,Trailer,UNITED STATES (USA)
1L9201,4648,C TRAIL TRAILER,,Trailer,UNITED STATES (USA)
1L9212,3562,L & M MANUFACTURING INC,,Trailer,UNITED STATES (USA)
1L9216,4072,LIBERTY INDUSTRIES,,Trailer,UNITED STATES (USA)
1L9218,15977,"LEONARD ALUMINUM UTILITY BUILDINGS, LLC.",,Trailer,UNITED STATES (USA)
1L9224,2696,"LBT STAINLESS, INC.",,Trailer,UNITED STATES (USA)
1L9226,3563,"L & M MANUFACTURING, INC.",,Trailer,UNITED STATES (USA)
1L9227,2966,"LIGHT CAMPERS, INC.",,Trailer,UNITED STATES (USA)
1L9228,3567,L&F CUSTOM BUILT TRAILERS,,Trailer,UNITED STATES (USA)
1L9232,3084,LOAD MAXX TRAILER CO.,,Trailer,UNITED STATES (USA)
1L9234,3717,"LAFORZA AUTOMOBILES, INC.",,Multipurpose Passenger Vehicle (MPV),UNITED STATES (USA)
1L9235,3465,LONGHORN WELDING CO.,,Trailer,UNITED STATES (USA)
1L9237,8195,LOADMASTER TRAILER COMPANY LTD.,,Trailer,UNITED STATES (USA)
1L9240,2976,LINEAR DYNAMICS INC,,Trailer,UNITED STATES (USA)
1L9241,5958,LEVON VENDING CARTS CO.,,Trailer,UNITED STATES (USA)
1L9242,5955,LESTER MANUFACTURING INC,,Trailer,UNITED STATES (USA)
1L9243,17071,LEGEND TRAILERS INC,,Trailer,UNITED STATES (USA)
1L9244,3219,"LARRY'S TRAILER SALES, INC.",,Trailer,UNITED STATES (USA)
1L9245,5956,"LET'S GO AERO, INC.",,Trailer,UNITED STATES (USA)
1L9248,8197,LOBB TRAILER MANUFACTURING,,Trailer,UNITED STATES (USA)
1L9249,13556,"LAWTON TRAILERS, INC.",,Trailer,UNITED STATES (USA)
1L9254,4174,LYNN WELDING SHOP,,Trailer,UNITED STATES (USA)
1L9256,4163,LUGO MANUFACTURING INC.,,Trailer,UNITED STATES (USA)
1L9265,10826,LEDBETTER WELDING,,Trailer,UNITED STATES (USA)
1L9269,17468,LA CONCEPT CARS INC,,Low Speed Vehicle (LSV),UNITED STATES (USA)
1L9270,17396,"LIBERTY TRAILERS, INC",,Trailer,UNITED STATES (USA)
1L9272,2969,LIKENS TRAILER MANUFACTURING,,Trailer,UNITED STATES (USA)
1L9273,3417,LONESTAR MANUFACTURING,,Trailer,UNITED STATES (USA)
1L9274,3228,LASER STRAIGHT MFG. INC.,,Trailer,UNITED STATES (USA)
1L9275,5961,"LIBERATOR MOTORCYCLES, INC.",,Motorcycle,UNITED STATES (USA)
1L9278,2981,LITE-N-BOLT MANUFACTURING COMPANY,,Trailer,UNITED STATES (USA)
1L9280,3221,LARSON CABLE TRAILERS,,Trailer,UNITED STATES (USA)
1L9281,13589,SHEYENNE TOOLING & MFG.,,Trailer,UNITED STATES (USA)
1L9282,3082,LOAD GLIDE TRAILERS,,Trailer,UNITED STATES (USA)
1L9283,10293,LOPEZ WELDING SHOP,,Trailer,UNITED STATES (USA)
1L9284,3720,"LAKE FOREST BUILDERS, INC.",,Trailer,UNITED STATES (USA)
1L9286,3687,LOADMASTER MANUFACTURING INC,,Trailer,UNITED STATES (USA)
1L9287,7879,D & L MARKETING,,Trailer,UNITED STATES (USA)
1L9292,3559,L & J SERVICES,,Trailer,UNITED STATES (USA)
1L9301,2709,LEEWOOD INC ELECTRIC CAR,,Low Speed Vehicle (LSV),UNITED STATES (USA)
1L9302,8662,"LEHMAN MFG. COMPANY, INC.",,Trailer,UNITED STATES (USA)
1L9303,17139,L & D TRL MANUFACTURING & SALES,,Trailer,UNITED STATES (USA)
1L9304,3721,LAKE OF THE OZARKS CUSTOM CYCLE,,Motorcycle,UNITED STATES (USA)
1L9306,10245,L & M TRAILER MFG.,,Trailer,UNITED STATES (USA)
1L9308,2875,"L & M SALES & SERVICE, INC",,Trailer,UNITED STATES (USA)
1L9309,10822,LAKEVIEW MFG,,Trailer,UNITED STATES (USA)
1L9311,4159,LUCAS TRAILERS,,Trailer,UNITED STATES (USA)
1L9312,9355,"LITTLE BEAVER, INC.",,Trailer,UNITED STATES (USA)
1L9316,2710,LEGACY TRAILERS LLC,,Trailer,UNITED STATES (USA)
1L9317,10828,"LEGEND MANUFACTURING, INC.",,Trailer,UNITED STATES (USA)
1L9318,2984,LITTLE STANLEY CYCLES,,Motorcycle,UNITED STATES (USA)
1L9319,3414,LONE STAR CHOPPERS,,Motorcycle,UNITED STATES (USA)
1L9320,4161,LUCKY DEVIL METAL WORKS,,Motorcycle,UNITED STATES (USA)
1L9321,15622,LANE TRAILER MANUFACTURING COMPANY,,Trailer,UNITED STATES (USA)
1L9324,4154,"LOS LOBOS MINI CHOPPERS, LLC",,Motorcycle,UNITED STATES (USA)
1L9328,11103,"LEGEND ONE MFG., INC.",,Trailer,UNITED STATES (USA)
1L9329,17662,LA BOIT INC.,,Trailer,UNITED STATES (USA)
1L9332,3409,LOGIC MOTOR COMPANY,,Motorcycle,UNITED STATES (USA)
1L9336,10699,"LANCHESTER TRAILER SUPPLY, LLC",,Trailer,UNITED STATES (USA)
1L9345,10700,LONE STAR CRYOGENICS,,Trailer,UNITED STATES (USA)
1L9346,9226,"LOU FEGERS TRAILER SALES, INC",,Trailer,UNITED STATES (USA)
1L9352,8788,LOS ANGELES ROLLERS,,Motorcycle,UNITED STATES (USA)
1L9356,9251,LATE NYT CHOPPERS,,Motorcycle,UNITED STATES (USA)
1L9357,9035,LAU WELDING & GRADING LLC.,,Trailer,UNITED STATES (USA)
1L9358,8763,LAKE COUNTY CYCLES,,Motorcycle,UNITED STATES (USA)
1L9359,9039,LONE STAR ROASTER,,Trailer,UNITED STATES (USA)
1L9360,9007,"LIBERTY TRAILERS, INC.",,Trailer,UNITED STATES (USA)
1L9361,8565,"LITHIUM HOUSE, INC.",,Motorcycle,UNITED STATES (USA)
1L9362,9231,LEGENDS MOTORSPORTS LLC.,,Motorcycle,UNITED STATES (USA)
1L9363,10349,L.V.W. CUSTOMS,,Motorcycle,UNITED STATES (USA)
1L9364,9237,LINDSAY MANUFACTURING CO.,,Trailer,UNITED STATES (USA)
1L9369,11238,LEROY THOMPSON INC.,,Motorcycle,UNITED STATES (USA)
1L9371,9968,LA CART'S INC.,,Trailer,UNITED STATES (USA)
1L9372,1299,LUCAS CYCLES,,Motorcycle,UNITED STATES (USA)
1L9375,9432,"LIVESTOCK TRAILER EQUIPMENT, LLC",,Trailer,UNITED STATES (USA)
1L9376,8650,L/E AUTO WORKS,,Low Speed Vehicle (LSV),UNITED STATES (USA)
1L9379,8641,LAKE NORMAN TRAILER,,Trailer,UNITED STATES (USA)
1L9380,8643,LUMBEE TRIKES & BIKES,,Motorcycle,UNITED STATES (USA)
1L9381,10682,LAKESHORE WATERCRAFT,,Trailer,UNITED STATES (USA)
1L9383,10873,LOUDO TRAILERS INC.,,Trailer,UNITED STATES (USA)
1L9387,9532,LAKOTA TRAILERS,,Trailer,UNITED STATES (USA)
1L9388,8893,"LITTLE JOE'S WELDING & SONS, INC.",,Trailer,UNITED STATES (USA)
1L9389,9830,LONESOME ROAD CHOPPERS,,Motorcycle,UNITED STATES (USA)
1L9391,10050,LATCO INC.,,Trailer,UNITED STATES (USA)
1L9392,11354,LAZY J MFG.,,Trailer,UNITED STATES (USA)
1L9393,10065,"LUCKY MFG, LLC",,Trailer,UNITED STATES (USA)
1L9394,11593,LITTLE D'S UTILITY TRAILERS,,Trailer,UNITED STATES (USA)
1L9395,11803,LEGENDS CUSTOM CYCLES LLC,,Motorcycle,UNITED STATES (USA)
1L9397,8447,"LUXXX CUSTOM CYCLES A DIVISON OF ACTIVEQUEST, INC.",,Motorcycle,UNITED STATES (USA)
1L9398,10470,LUMPKIN ENTERPRISES,,Trailer,UNITED STATES (USA)
1L9399,13430,"LONG DOG ENTERPRISE,INC.",,Trailer,UNITED STATES (USA)
1L9400,11371,LEGACY TRAILERS,,Trailer,UNITED STATES (USA)
1L9401,7193,"LIMOS BY TIFFANY, INC.",,Bus,UNITED STATES (USA)
1L9406,8870,"LEGENDARY INNOVATIONS, LLC",,Trailer,UNITED STATES (USA)
1L9407,11117,LIVINGSTON CUSTOM BOAT TRAILERS,,Trailer,UNITED STATES (USA)
1L9408,8851,LIVECCHI CYCLE L.L.C,,Motorcycle,UNITED STATES (USA)
1L9410,9350,LOAD TOTOERS TRAILER SALES,,Trailer,UNITED STATES (USA)
1L9411,9084,"LOGIC MOTORS, LLC",,Motorcycle,UNITED STATES (USA)
1L9413,9288,LIME CITY EQUIPMENT INC.,,Trailer,UNITED STATES (USA)
1L9414,6211,"LDJ MANUFACTURING, INC.",,Trailer,UNITED STATES (USA)
1L9416,10321,LONGBOW MOTORCYCLES LLC,,Motorcycle,UNITED STATES (USA)
1L9417,9354,L & M STEEL AND MFG.,,Trailer,UNITED STATES (USA)
1L9418,10562,LOW-TOW TRAILERS LLC,,Trailer,UNITED STATES (USA)
1L9419,12051,LIBERTY MOTORS LLC,,Motorcycle,UNITED STATES (USA)
1L9421,1367,"L & J MANUFACTURING, LLC",,Trailer,UNITED STATES (USA)
1L9422,11405,"LUMPKIN TRAILERS, LLC",,Trailer,UNITED STATES (USA)
1L9423,8949,"LUCON, INC.",,Trailer,UNITED STATES (USA)
1L9426,8685,LIGHTNING ROD MOTORCYCLES,,Motorcycle,UNITED STATES (USA)
1L9428,6449,L&J SUPPLY,,Trailer,UNITED STATES (USA)
1L9430,9364,"SHOWHAULER TRUCKS, INC.",,Trailer,UNITED STATES (USA)
1L9432,6469,LANCE CAMPER MFG. CORP.,,Trailer,UNITED STATES (USA)
1L9433,6462,"LIBERTY SEAMLESS ENTERPRISES, INC.",,Motorcycle,UNITED STATES (USA)
1L9434,6729,LEFTY BROTHERS CYCLES LLC,,Motorcycle,UNITED STATES (USA)
1L9435,7510,"THOR LIVIN' LITE, INC.",,Trailer,UNITED STATES (USA)
1L9437,12055,LITTLE GUYS GROUP LLC,,Trailer,UNITED STATES (USA)
1L9438,6999,"LIQUID ASPHALT SYSTEMS, INC.",,Trailer,UNITED STATES (USA)
1L9439,6474,LAS VEGAS CLASSIC COACH LTD.,,Trailer,UNITED STATES (USA)
1L9440,12171,"LONE WOLF CUSTOMS, L.L.C.",,Motorcycle,UNITED STATES (USA)
1L9441,6647,LMT INC.,,Trailer,UNITED STATES (USA)
1L9443,22920,"ORGANILOCK, INC.",,Trailer,
1L9444,11867,L6 SYSTEMS LLC,,Trailer,UNITED STATES (USA)
1L9445,6822,"LB TELESYSTEMS, INC.",,Trailer,
1L9447,6839,LAMPI EQUIPMENT INC.,,Trailer,UNITED STATES (USA)
1L9448,7052,"LOAD TECHNOLOGY, INC.",,Trailer,UNITED STATES (USA)
1L9449,7209,LAND AND SEA TRAILER SHOPPE,,Trailer,UNITED STATES (USA)
1L9451,6676,LEGGETT & PLATT,,Trailer,UNITED STATES (USA)
1L9453,1588,L.I.T.B. INC. DBA INDUSTRIAL TRUCK BODIES,,Trailer,UNITED STATES (USA)
1L9455,11902,"LEXINGTON TRAILER & HITCH, LLC",,Trailer,UNITED STATES (USA)
1L9458,1482,"LIFT N LOCK, LLC",,Trailer,UNITED STATES (USA)
1L9459,6718,LED AUTHORITY,,Trailer,UNITED STATES (USA)
1L9460,6720,SAPPHIRE SCIENTIFIC,,Trailer,UNITED STATES (USA)
1L9463,12193,"LOYALTY MOBILE INNOVATIONS, INC.",,Trailer,UNITED STATES (USA)
1L9464,4163,LUGO MANUFACTURING INC.,,Trailer,UNITED STATES (USA)
1L9465,6879,"LAWLESS WELDING, INC",,Trailer,UNITED STATES (USA)
1L9468,6930,"LIFETIME PRODUCTS GROUP, INC.",,Trailer,UNITED STATES (USA)
1L9469,6628,LEGACY RV LLC,,Trailer,UNITED STATES (USA)
1L9470,6394,ROSS LEVAY DBA LEVAY MACHINE CO. LLC,,Motorcycle,UNITED STATES (USA)
1L9472,6629,LOGAN COACH INC.,,Trailer,UNITED STATES (USA)
1L9473,7067,L&B CONEPTS LLC DBA SCOOTERBILT MANUFACTURING,,Trailer,UNITED STATES (USA)
1L9476,7101,"LO-PRO FLUID TRANSPORTS, LLC",,Trailer,UNITED STATES (USA)
1L9477,7089,LEGION MOTORCYCLE COMPANY LLC,,Motorcycle,UNITED STATES (USA)
1L9478,7089,LEGION MOTORCYCLE COMPANY LLC,,Trailer,UNITED STATES (USA)
1L9479,7862,"LAKE CITY CHOPPERS, INC.",,Motorcycle,UNITED STATES (USA)
1L9482,7554,"L AND S TRAILERS & SUPPLY, LLC",,Trailer,UNITED STATES (USA)
1L9483,7923,"LAND & SEA, INC.",,Trailer,UNITED STATES (USA)
1L9484,7432,LEFT COAST DEVELOPMENT LLC,,Trailer,UNITED STATES (USA)
1L9485,13445,"LARGE LIFT RENTALS, INC.",,Trailer,UNITED STATES (USA)
1L9486,1516,LIMOUSINE MANUFACTURING CORP.,,Bus,UNITED STATES (USA)
1L9487,1516,LIMOUSINE MANUFACTURING CORP.,,Bus,UNITED STATES (USA)
1L9488,1516,LIMOUSINE MANUFACTURING CORP.,,Bus,UNITED STATES (USA)
1L9489,7301,LOG-MASTER PORTABLE BANDSAW SAWMILL MFG. CO. INC.,,Trailer,UNITED STATES (USA)
1L9492,11960,LRG TECHNOLOGIES INC,,Trailer,UNITED STATES (USA)
1L9493,6084,LANIER MARINE TRAILERS LLC,,Trailer,UNITED STATES (USA)
1L9494,11971,"LAMINATED WOOD SYSTEMS, INC.",,Trailer,UNITED STATES (USA)
1L9496,1661,L.C.B. ENTERPRISES LLC,,Trailer,UNITED STATES (USA)
1L9497,6322,"LONE STAR TRAILER SERVICES, INC.",,Trailer,UNITED STATES (USA)
1L9498,11975,LUTTRELL WELDING SERVICES,,Trailer,UNITED STATES (USA)
1L9501,7979,"LUDWIGSEN MOTOR COMPANY, LLC",,Motorcycle,UNITED STATES (USA)
1L9507,6347,LUX CUSTOMS LLC,,Trailer,UNITED STATES (USA)
1L9509,6503,LONE STAR GRILLZ AND FABRICATION LLC,,Trailer,UNITED STATES (USA)
1L9510,12251,LOCATION WATER SYSTEMS LLC,,Trailer,UNITED STATES (USA)
1L9511,13424,LAKE VIEW LODGES INC.,,Trailer,UNITED STATES (USA)
1L9512,13779,"LPG VENTURES, INC.",,Trailer,UNITED STATES (USA)
1L9513,1498,"LAGOON MANUFACTURING, LLC",,Trailer,UNITED STATES (USA)
1L9515,1501,"LPD TRAILERS, LLC",,Trailer,UNITED STATES (USA)
1L9517,7602,LIBERTY FABRICATION LLC,,Motorcycle,UNITED STATES (USA)
1L9518,6365,LITTLE FOX CAMPERS,,Trailer,UNITED STATES (USA)
1L9519,6047,LYNX INDUSTRIES LLC,,Trailer,UNITED STATES (USA)
1L9521,7520,LIT SCOOTERS CORPORATION,,Motorcycle,UNITED STATES (USA)
1L9524,7366,LEVCO WORLD WIDE,,Motorcycle,UNITED STATES (USA)
1L9528,6776,LEON'S WELDING & FABRICATION LLC,,Trailer,UNITED STATES (USA)
1L9533,11850,LA CUSTOM TRIKES,,Motorcycle,UNITED STATES (USA)
1L9534,980,"LATITUDE CAMPER COMPANY, LLC",,Trailer,UNITED STATES (USA)
1L9536,1661,L.C.B. ENTERPRISES LLC,,Trailer,UNITED STATES (USA)
1L9538,13784,"LC SERVICES OF LOUISIANA, LLC",,Trailer,UNITED STATES (USA)
1L9539,14007,"LONESTAR DOCK PRODUCTS, LLC",,Trailer,UNITED STATES (USA)
1L9540,14000,LANKOTA INC.,,Trailer,UNITED STATES (USA)
1L9541,13778,"L.J. EQUIPMENT RENTAL,LLC",,Trailer,UNITED STATES (USA)
1L9543,15557,"LAKELAND COMPANY OF BARRON COUNTY, INC.",,Trailer,UNITED STATES (USA)
1L9545,21323,"L & M MACHINE TOOLS, LTD",,Trailer,
1L9546,13897,LINEMAN & SON,,Trailer,UNITED STATES (USA)
1L9547,13879,"LAKELAND TRAILERS, INC. OF HILL CITY",,Trailer,UNITED STATES (USA)
1L9548,13853,"LAL ACQUISITION, INC.",,Trailer,UNITED STATES (USA)
1L9550,13864,LIQUID PARTNERS OF AMERICA LLC,,Trailer,UNITED STATES (USA)
1L9556,4787,STROMCO LLC,,Trailer,UNITED STATES (USA)
1L9558,15528,LIBERTY CABINS,,Trailer,UNITED STATES (USA)
1L9559,15519,LIST VENTURES LLC,,Trailer,UNITED STATES (USA)
1L9561,15678,LANTZ TRAILER MFG LLC,,Trailer,UNITED STATES (USA)
1L9562,21791,"LANCASTER LOG CABINS, LLC",,Trailer,UNITED STATES (USA)
1L9564,15882,"LIDDELL INDUSTRIES, INC.",,Trailer,UNITED STATES (USA)
1L9565,16357,LEGEND MANUFACTURING LLC,,Trailer,UNITED STATES (USA)
1L9566,16298,"XTREME OUTDOORS, LLC",,Trailer,UNITED STATES (USA)
1L9567,16349,LIFE TINY HOUSE COMPANY,,Trailer,UNITED STATES (USA)
1L9571,18457,LOCAL MOTORS INC.,,Low Speed Vehicle (LSV),UNITED STATES (USA)
1L9572,17461,"LAND AND SEA RV, INC.",,Trailer,UNITED STATES (USA)
1L9574,17616,L&L FABRICATION & CUSTOM TRAILERS,,Trailer,UNITED STATES (USA)
1L9575,17820,LOGISTICS SUPPORT FACILITY,,Trailer,UNITED STATES (USA)
1L9576,19871,EVLABS LLC,,Incomplete Vehicle,UNITED STATES (USA)
1L9578,18234,LIGHT HOUSE TRADES,,Trailer,UNITED STATES (USA)
1L9579,18239,LOUIS PADNOS IRON & METAL COMPANY,,Trailer,UNITED STATES (USA)
1L9584,18728,"LONG RUN TRAILERS AND FABRICATION , LLC",,Trailer,UNITED STATES (USA)
1L9585,18729,L A C WELDING MFG INC,,Trailer,UNITED STATES (USA)
1L9588,18880,LEGEND OUTDOORS LLC,,Trailer,UNITED STATES (USA)
1L9589,18898,LAWMAX COMPLETE TRAILERS,,Trailer,UNITED STATES (USA)
1L9590,18902,LONGWAY DIRECT LLC,,Trailer,UNITED STATES (USA)
1L9591,19165,LEGACY MANUFACTURING LLC,,Trailer,UNITED STATES (USA)
1L9592,19354,LAMBERT WELDING & SANDBLASTING,,Trailer,UNITED STATES (USA)
1L9593,19486,LOHR NORTH AMERICA,,Trailer,UNITED STATES (USA)
1L9595,19585,LANDA MOBILE SYSTEMS LLC,,Trailer,UNITED STATES (USA)
1L9598,19763,LION TRAILERS,,Trailer,UNITED STATES (USA)
1L9600,19794,L & R RACING INC,,Motorcycle,UNITED STATES (USA)
1L9601,19839,"LUSK CO., LLC",,Trailer,UNITED STATES (USA)
1L9602,19862,LEONARD MOTOR WORKS,,Motorcycle,UNITED STATES (USA)
1L9603,19868,L BROTHERS TRAILERS LLC,,Trailer,UNITED STATES (USA)
1L9605,19959,LINK HYDRAULIC LLC,,Trailer,UNITED STATES (USA)
1L9606,20025,"LACOSTA TRAILERS, LLC",,Trailer,UNITED STATES (USA)
1L9607,19963,LIFETIME TRAILER CORPORATION,,Trailer,UNITED STATES (USA)
1L9608,20085,LONG BOARD TRAILERS LLC,,Trailer,UNITED STATES (USA)
1L9609,20042,"LONE STAR BODY SYSTEMS, LLC",,Trailer,UNITED STATES (USA)
1L9610,20144,LIST TRANSPORTATION,,Trailer,UNITED STATES (USA)
1L9612,20193,"LINCOLN CENTER MANUFACTURING, LLC",,Trailer,UNITED STATES (USA)
1L9613,20228,TRIPLE L GROUP LLC,,Trailer,UNITED STATES (USA)
1L9615,20309,LIL SMOKEY MOTORCYCLES,,Motorcycle,UNITED STATES (USA)
1L9618,20405,L & L TOOL & MACHINE CO LLC,,Trailer,UNITED STATES (USA)
1L9620,20445,LITTLE MOUNTAIN MFG,,Trailer,UNITED STATES (USA)
1L9622,20426,LONGHAUL TRAILERS LLC,,Trailer,UNITED STATES (USA)
1L9625,20531,L AND O MANUFACTURING LLC,,Trailer,UNITED STATES (USA)
1L9627,20557,LSV STREET,,Low Speed Vehicle (LSV),UNITED STATES (USA)
1L9629,20628,LUDIE'S CUSTOM METAL WORKS,,Trailer,UNITED STATES (USA)
1L9630,20503,LIFETIME STEEL INDUSTRIES,,Trailer,UNITED STATES (USA)
1L9632,20850,"LIFESCAPE BUILDERS, INC.",,Trailer,UNITED STATES (USA)
1L9633,20474,LINES IN FABWORX,,Trailer,UNITED STATES (USA)
1L9634,20853,"LH TRAILERS, LLC",,Trailer,UNITED STATES (USA)
1L9635,20890,LATHROP POOL SERVICE AND REPAIR INC. DBA POOL WATER PURIFICATION PRODUCTS,,Trailer,UNITED STATES (USA)
1L9638,20995,LECHNER'S WELDING AND EXCAVATING,,Trailer,UNITED STATES (USA)
1L9639,21064,LUXE MFG. LLC,,Trailer,UNITED STATES (USA)
1L9640,20983,LAND AND SEA LLC,,Trailer,
1L9641,21157,LUCAS FABRICATION LLC,,Trailer,UNITED STATES (USA)
1L9642,21218,LIONHEART CONSTRUCTION LLC,,Trailer,UNITED STATES (USA)
1L9644,21386,LSV MANUFACTURING LLC,,Low Speed Vehicle (LSV),
1L9645,21391,L AND J MANUFACTURING AND MARINE,,Trailer,
1L9646,21463,LOS SAUCES WELDING,,Trailer,
1L9649,21522,"LEITO & ASSOCIATES, LLC",,Trailer,UNITED STATES (USA)
1L9650,21635,LAWLIS MFG.,,Motorcycle,UNITED STATES (USA)
1L9651,21598,LONE PINE FABRICATION,,Trailer,UNITED STATES (USA)
1L9652,20309,LIL SMOKEY MOTORCYCLES,,Trailer,UNITED STATES (USA)
1L9654,22039,"LILLIBRIDGE METAL CRAFT, LLC",,Trailer,UNITED STATES (USA)
1L9657,22201,LUXURY CUSTOM GOLF CARTS,,Low Speed Vehicle (LSV),
1L9658,22445,LARSEN AUTOMOTIVE LLC,,Trailer,UNITED STATES (USA)
1L9659,22259,LORD TRADING LOGISTICS LLC,,Trailer,
1L9660,20779,"LTG RV & TRAILER SALES, LLC DBA LONESTAR SPECIALTY VEHICLES",,Truck,UNITED STATES (USA)
1L9661,22379,LOXAHATCHEE TRAILER SALES LLC,,Trailer,UNITED STATES (USA)
1L9662,22374,LAMER STREET KREATIONS CORP,,Trailer,
1L9663,22510,LSV PLUS LLC,,Low Speed Vehicle (LSV),UNITED STATES (USA)
1L9664,22499,LOUISIANA CUSTOM ALUMINUM LLC,,Trailer,UNITED STATES (USA)
1L9665,22612,LANDSEND TRAILERS,,Trailer,
1L9666,22644,LONE STAR TRAILERS LLC,,Trailer,UNITED STATES (USA)
1L9668,22758,LOWN PERFORMANCE LLC,,Trailer,
1L9669,22847,LINDE ENGINEERING NORTH AMERICA LLC,,Trailer,
1L9670,22964,"LAS CASITAS, LLC",,Trailer,UNITED STATES (USA)
1L9671,21857,"LIVE MORE CAMPERVANS, LLC",,Trailer,UNITED STATES (USA)
1L9672,23080,LULING IRON WORKS,,Trailer,
1L9674,23155,LIEN OUTDOORS LLC,,Trailer,
1L9675,19794,L & R RACING INC,,Motorcycle,
1L9676,23164,LEGENDARY TRAILERS LLC,,Trailer,UNITED STATES (USA)
1L9677,23587,LEGION TRAILERS LLC,,Trailer,UNITED STATES (USA)
1L9678,23428,LELANDS CABINS LLC,,Trailer,
1L9679,23372,"LIQUID TRANSPORT, INC",,Trailer,
1L9680,23413,L & R FABRICATION LLC,,Trailer,
1L9681,23421,"LIGHTSHIP ENERGY, INC",,Trailer,UNITED STATES (USA)
1L9682,23612,LJ INC,,Trailer,UNITED STATES (USA)
1L9683,23605,"LAWSON CRYOGENIC MANUFACTURING & REPAIR, LLC",,Trailer,
1L9685,24193,LOST ROAD CAMPERS LLC,,Trailer,UNITED STATES (USA)
1L9686,20900,LAWRENCE TRAILER & TRUCK EQUIPMENT,,Trailer,UNITED STATES (USA)
1L9689,23728,LONE STAR MFG,,Trailer,UNITED STATES (USA)
1L9690,23732,LUMINYS SYSTEMS CORPORATION,,Trailer,
1L9692,23758,"LIMITLESS TRAILERS MFG, LLC",,Trailer,
1L9695,24132,LOOKOUT MOUNTAIN BRONCO CARTS,,Low Speed Vehicle (LSV),
1L9696,24156,LOAD'EM UP TRAILERS,,Trailer,
1L9697,24339,LOVE FOR YOU TRAILERS LLC,,Trailer,UNITED STATES (USA)
1L9698,3511,THE LITTLE TRAILER CO INC,,Trailer,UNITED STATES (USA)
1L9699,24263,LC TRAILER LLC,,Trailer,
1L9700,24231,"LAMBERT & LAMBERT, INC.",,Trailer,UNITED STATES (USA)
1L9701,24315,LYFORD OVERLAND INC.,,Trailer,UNITED STATES (USA)
1L9703,24334,LJJ TRAILERS LLC,,Trailer,UNITED STATES (USA)
1L9707,24560,LEARY CUSTOM CYCLE LLC,,Motorcycle,
1L9708,24719,LOW TIDE GOLF CART RENTALS LLC,,Low Speed Vehicle (LSV),
1L9711,25029,LAKESIDE TRAILERS LLC,,Trailer,
1L9713,25125,LIFT MAX PROS LLC,,Trailer,
1L9714,25743,LANGARICA CUSTOM STEEL TRAILER LLC,,Trailer,
1L9715,25634,LITTLETON IMPLEMENTS OF SOUTH GEORGIA INC.,,Trailer,
1L9716,25819,LAUGHLIN TRAILER COMPANY LLC,,Trailer,UNITED STATES (USA)
1L9717,25717,"LEMTEX MANUFACTURING, LLC",,Trailer,
1L9718,25811,"LIGHTNING CARGO TRAILERS, LLC",,Trailer,
1L9999,7586,LC3 INC.,,Low Speed Vehicle (LSV),UNITED STATES (USA)
1L9Y85,2697,LCH HOLDING CORPORATION,,Trailer,UNITED STATES (USA)
1LF,10436,NEWMAR CORPORATION,LONDON AIRE,Trailer,UNITED STATES (USA)
1LG,15227,"LONG TRAILER COMPANY, INC",LONG TRAILER COMPANY,Trailer,UNITED STATES (USA)
1LH,3729,"LANDOLL COMPANY, LLC",LANDOLL CORPORATION,Trailer,UNITED STATES (USA)
1LJ,976,FORD MOTOR COMPANY,LINCOLN,Incomplete Vehicle,UNITED STATES (USA)
1LN,976,FORD MOTOR COMPANY,LINCOLN,Passenger Car,UNITED STATES (USA)
1LP,3057,"THE ADVANCE METALWORKING CO., INC.",THE ADVANCE METALWORKING CO,Trailer,UNITED STATES (USA)
1LU,1793,"DETERMAN WELDING & TANK SERVICE,INC","DETERMAN WELDING & TANK SERVICE, INC.",Trailer,UNITED STATES (USA)
1LX,12933,FLEETWING TRAVELER INC.,"FLEETWING TRAVELERS, INC.",Trailer,UNITED STATES (USA)
1M1,1027,MACK TRUCKS INC.,MACK,Truck,UNITED STATES (USA)
1M2,1027,MACK TRUCKS INC.,MACK,Incomplete Vehicle,UNITED STATES (USA)
1M3,1027,MACK TRUCKS INC.,MACK,Incomplete Vehicle,UNITED STATES (USA)
1M5,13552,MAGIC TILT TRAILERS INC.,MAGIC TILT TRAILERS,Trailer,UNITED STATES (USA)
1M6,15261,METZGER MACHINE & ENGINE CO.,METZGER MACHINE & ENGINEERING,Trailer,UNITED STATES (USA)
1M7,15422,MARAUDER TRAVELERS INCORPORATED,MARAUDER TRAVELERS INCORPORATED,Trailer,UNITED STATES (USA)
1M8,1126,"MOTOR COACH INDUSTRIES, INC.",MOTOR COACH INDUSTRIES,Bus,UNITED STATES (USA)
1M9001,8091,"MERIT TANK & BODY, INC.",,Trailer,UNITED STATES (USA)
1M9003,7681,MONTONE TRAILER COMPANY,,Trailer,UNITED STATES (USA)
1M9004,17935,M.J. TAYLOR MFG. CO.,,Trailer,UNITED STATES (USA)
1M9005,17096,KELSEY L. MURPHY,,Trailer,UNITED STATES (USA)
1M9007,2882,MOTT'S CUSTOM TRAILERS,,Trailer,UNITED STATES (USA)
1M9008,2628,MODEC INC,,Trailer,UNITED STATES (USA)
1M9009,4753,MOORE EQUIPMENT INC,,Trailer,UNITED STATES (USA)
1M9019,1695,MARATHON HOMES CORPORATION,,Trailer,UNITED STATES (USA)
1M9020,4177,M & L RACING ENTERPRISES,,Trailer,UNITED STATES (USA)
1M9022,17107,"MEDICAL COACHES, INC",,Trailer,UNITED STATES (USA)
1M9023,3096,MACKLIN WELDING,,Trailer,UNITED STATES (USA)
1M9028,7683,"MOUNTAIN LION OUTDOOR, INC",,Trailer,UNITED STATES (USA)
1M9031,5112,MERHOW ACQUISITION LLC,,Trailer,UNITED STATES (USA)
1M9037,15257,"MCR TECHNOLOGY, INC",,Bus,UNITED STATES (USA)
1M9041,12507,INTERSTATE MANUFACTURING CO,,Trailer,UNITED STATES (USA)
1M9064,15232,M & R MANUFACTURING,,Trailer,UNITED STATES (USA)
1M9069,15259,"METAL FAB, INC",,Trailer,UNITED STATES (USA)
1M9080,2433,MARS PERFORMANCE MANUFACTURING,,Motorcycle,UNITED STATES (USA)
1M9081,6009,MIANO'S WELDING,,Trailer,UNITED STATES (USA)
1M9082,17064,MOTORIZED MANUFACTURING INC,,Incomplete Vehicle,UNITED STATES (USA)
1M9086,2455,MILES TRANSPORT SERVICES INC,,Trailer,UNITED STATES (USA)
1M9089,4186,MAUCK SPECIAL VEHICLES INC,,Bus,UNITED STATES (USA)
1M9090,18062,MID-STATES INTERNATIONAL MOTOCROSS INC.,,Trailer,UNITED STATES (USA)
1M9092,2431,MOOG USA INC,,Trailer,UNITED STATES (USA)
1M9093,2454,MIKE'S TRAILERS,,Trailer,UNITED STATES (USA)
1M9096,5950,"MAC TRAILER MFG, INC.",,Trailer,UNITED STATES (USA)
1M9097,4458,METS WELDING,,Trailer,UNITED STATES (USA)
1M9099,3817,MAY MANUFACTURING & DIST CORP,,Trailer,UNITED STATES (USA)
1M9100,2795,MIKE GREEN HYDROS INC,,Trailer,UNITED STATES (USA)
1M9104,4188,MAXEY INCORPORATED,,Trailer,UNITED STATES (USA)
1M9119,8310,MCCORD MANUFACTURING INC,,Trailer,UNITED STATES (USA)
1M9144,4754,MOORE MARINE MARKETING INC,,Trailer,UNITED STATES (USA)
1M9147,17044,MSR TECHNOLOGIES,,Trailer,UNITED STATES (USA)
1M9148,17014,MORRIS TRAILERS,,Trailer,UNITED STATES (USA)
1M9159,8235,METAL WORKS 360 INC,,Trailer,UNITED STATES (USA)
1M9163,2371,"MORSE MANUFACTURING, INC.",,Trailer,UNITED STATES (USA)
1M9165,4744,MOBILE MEDICAL INNOVATIONS,,Trailer,UNITED STATES (USA)
1M9167,6020,"MID-ATLANTIC LEASING, CORP.",,Trailer,UNITED STATES (USA)
1M9176,3097,MACKS METAL FAB,,Trailer,UNITED STATES (USA)
1M9179,17622,MAC MACHINE AND GEAR CORPORATION,,Trailer,UNITED STATES (USA)
1M9181,15254,MAYNARD & CO.,,Trailer,UNITED STATES (USA)
1M9188,13449,MOTOR TRUCK & TRAILER CO,,Trailer,UNITED STATES (USA)
1M9191,15251,MARQUEZ MFG. CO.,,Trailer,UNITED STATES (USA)
1M9193,15264,MILLER'S WELDING SERVICE,,Trailer,UNITED STATES (USA)
1M9195,8901,"MERTZ MANUFACTURING, INC.",,Trailer,UNITED STATES (USA)
1M9196,15237,MAMER'S,,Trailer,UNITED STATES (USA)
1M9200,15265,MINI BIG TRUCK OF TEXAS,,Truck,UNITED STATES (USA)
1M9201,15271,"MORGAN INDUSTRIES, INC",,Trailer,UNITED STATES (USA)
1M9203,16152,422 MARINE CO.,,Trailer,UNITED STATES (USA)
1M9206,15252,MARTIN MACHINE,,Trailer,UNITED STATES (USA)
1M9209,15253,"MAXI-CUBE TRANSPORT SYSTEMS, INC",,Trailer,UNITED STATES (USA)
1M9210,15236,M.G. RHOADS,,Trailer,UNITED STATES (USA)
1M9211,8901,"MERTZ MANUFACTURING, INC.",,Trailer,UNITED STATES (USA)
1M9216,18090,"MULTIPLE INTERESTS, INC. DBA TRAILERS, ETC.",,Trailer,UNITED STATES (USA)
1M9217,9420,"MAC-LANDER, INC.",,Trailer,UNITED STATES (USA)
1M9219,8291,OTTERBACHER TRAILERS,,Trailer,UNITED STATES (USA)
1M9227,15263,MGS GRAND SPORT,,Passenger Car,UNITED STATES (USA)
1M9231,15250,MARLEY CONTINENTAL HOMES OF KANSAS,,Trailer,UNITED STATES (USA)
1M9234,8113,MARTINEZ & TUREK INC,,Trailer,UNITED STATES (USA)
1M9237,15272,MORSE BROS. INC,,Trailer,UNITED STATES (USA)
1M9240,15274,MYERS PRODUCTS INCORPORATED,,Incomplete Vehicle,UNITED STATES (USA)
1M9245,15273,"MOYOCK MFG., INC",,Trailer,UNITED STATES (USA)
1M9246,15231,M & M FABRICATORS CORPORATION,,Trailer,UNITED STATES (USA)
1M9247,15266,MISTER TRAILER CO.,,Trailer,UNITED STATES (USA)
1M9248,15258,"MEDIC EQUIPMENT CO, INC",,Trailer,UNITED STATES (USA)
1M9255,4200,"MANORETTE RV, INC.",,Trailer,UNITED STATES (USA)
1M9258,18320,E.F. MARSH ENGINEERING COMPANY,,Trailer,UNITED STATES (USA)
1M9263,17978,"MR. AIR SWEEPERS, INC.",,Trailer,UNITED STATES (USA)
1M9270,16617,"MID-AMERICA TRUCK EQUIPMENT, INC",,Trailer,UNITED STATES (USA)
1M9273,7118,"MULTITEK NORTH AMERICA, LLC",,Trailer,UNITED STATES (USA)
1M9275,18071,"MIN-ARK, INC.",,Trailer,UNITED STATES (USA)
1M9282,17902,"MASSIE MFG., INC.",,Trailer,UNITED STATES (USA)
1M9284,21434,"GRATIMAX, LLC DBA MCELRATH TRAILERS",,Trailer,UNITED STATES (USA)
1M9292,18094,MARLIN TRAILERS,,Trailer,UNITED STATES (USA)
1M9294,17735,MONARCH TRAILERS CO,,Trailer,UNITED STATES (USA)
1M9300,3812,"MAXIM, INC.",,Truck,UNITED STATES (USA)
1M9304,6852,FOUR HORSEMEN MOTORCYCLES LLC,,Motorcycle,UNITED STATES (USA)
1M9305,18134,MIDWEST WELDING CO.,,Trailer,UNITED STATES (USA)
1M9306,17261,MAC'S CUSTOM TRAILERS,,Trailer,UNITED STATES (USA)
1M9307,16851,"MAGNACYCLE CO., INC",,Motorcycle,UNITED STATES (USA)
1M9308,18303,MID-NEBRASKA TRUCK & TRAILER SALES INC.,,Trailer,UNITED STATES (USA)
1M9309,16371,MCCLAIN INDUSTRIES COMPANY,,Trailer,UNITED STATES (USA)
1M9310,18255,MOLT-N-METAL,,Trailer,UNITED STATES (USA)
1M9316,18337,MARVEL TRAILER MANUFACTURING,,Trailer,UNITED STATES (USA)
1M9322,17739,MINIKAMP,,Trailer,UNITED STATES (USA)
1M9327,18302,"MAIBO, INC.",,Trailer,UNITED STATES (USA)
1M9334,17065,MOBILE MOTORHEAD INC.,,Motorcycle,UNITED STATES (USA)
1M9336,17331,MACKEY TRAILERS,,Trailer,UNITED STATES (USA)
1M9341,16993,MEDFORD TRAILER COMPANY INC.,,Trailer,UNITED STATES (USA)
1M9343,24213,"INTERMOUNTAIN WHOLESALE, INC.",,Trailer,
1M9348,18009,DECATUR INDUSTRIAL & TECH CENTER,,Trailer,UNITED STATES (USA)
1M9349,3833,"M-B COMPANIES, INC. OF WISCONSIN",,Trailer,UNITED STATES (USA)
1M9355,19392,MISSISSIPPI TANK AND MANUFACTURING COMPANY,,Trailer,UNITED STATES (USA)
1M9356,17793,MOBILE INTERNATIONAL,,Trailer,UNITED STATES (USA)
1M9359,2609,MINIMIXX CONCRETE SYSTEMS,,Trailer,UNITED STATES (USA)
1M9361,17348,MARK WILLIAMS WELDING SERVICE,,Trailer,UNITED STATES (USA)
1M9364,17926,MOBILE TECH,,Trailer,UNITED STATES (USA)
1M9371,3847,MARATHON EQUIPMENT COMPANY (DEL),,Trailer,UNITED STATES (USA)
1M9374,7810,MAGNUM FABRICATION INC.,,Trailer,UNITED STATES (USA)
1M9375,17294,"METRO TRAILER MANUFACTURING, INC",,Trailer,UNITED STATES (USA)
1M9376,18170,MAC STRIPERS INC.,,Trailer,UNITED STATES (USA)
1M9378,16633,MARSHALL WELDING INC,,Trailer,UNITED STATES (USA)
1M9380,16707,MICHAEL MANUFACTURING AND REPAIR,,Trailer,UNITED STATES (USA)
1M9381,17213,M MANUFACTURING INC.,,Trailer,UNITED STATES (USA)
1M9382,16681,"MARSH INDUSTRIAL SERVICES, INC",,Trailer,UNITED STATES (USA)
1M9384,7257,"MELISSA MANUFACTURING, INC.",,Trailer,UNITED STATES (USA)
1M9385,3809,"MIDWEST TACK & TRAILER BROKERS, INC",,Trailer,UNITED STATES (USA)
1M9387,16874,MOORE ENTERPRESES,,Trailer,UNITED STATES (USA)
1M9390,3844,MANUFACTURERS RESOURCES INTERNATIONAL,,Trailer,UNITED STATES (USA)
1M9391,18190,MONROE MANUFACTURING,,Trailer,UNITED STATES (USA)
1M9395,18187,"MI JOY MANUFACTURING, INC.",,Trailer,UNITED STATES (USA)
1M9398,17297,"MARCI'S DIESEL SERVICE, INC",,Trailer,UNITED STATES (USA)
1M9401,17273,MEGA MANUFACTURING INC,,Trailer,UNITED STATES (USA)
1M9403,18183,MORRIS TRAILERS,,Trailer,UNITED STATES (USA)
1M9404,16878,M & M MANUFACTURING,,Trailer,UNITED STATES (USA)
1M9406,3859,MARK BODY TRUCK & EQUIPMENT INC.,,Trailer,UNITED STATES (USA)
1M9411,2634,MOEN CUSTOM TRAILERS (MCT),,Trailer,UNITED STATES (USA)
1M9412,3107,"MAGNETEK, INC.",,Trailer,UNITED STATES (USA)
1M9416,7676,MIKE'S CUSTOM CARS,,Trailer,UNITED STATES (USA)
1M9418,4179,M & M TRAILER MFG.,,Trailer,UNITED STATES (USA)
1M9427,16807,M & T RESEARCH AND DEVELOPMENT,,Trailer,UNITED STATES (USA)
1M9428,17876,MOON DOCKER TRAILERS,,Trailer,UNITED STATES (USA)
1M9435,22478,"MAGNOLIA TRAILERS, INC.",,Trailer,
1M9436,16882,MARTIN ENTERPRISES,,Trailer,UNITED STATES (USA)
1M9437,16842,"MINNESOTA VALLEY ENGINEERING, INC",,Trailer,UNITED STATES (USA)
1M9444,4355,MONARCH TRAILERS,,Trailer,UNITED STATES (USA)
1M9447,16916,MATTOX WELDING & FABRICATION,,Trailer,UNITED STATES (USA)
1M9449,16865,MIKEY'S CUSTOM TRAILERS,,Trailer,UNITED STATES (USA)
1M9450,5982,MAGNUM TRAILER MANUFACTURING INC.,,Trailer,UNITED STATES (USA)
1M9452,8314,MCDONALD TRAILER SALES,,Trailer,UNITED STATES (USA)
1M9455,1609,"MOBILE MINI, INC.",,Trailer,UNITED STATES (USA)
1M9457,4756,"MORBARK, LLC",,Trailer,UNITED STATES (USA)
1M9458,2555,MITY MITE MANUFACTURING,,Trailer,UNITED STATES (USA)
1M9461,1721,MULLIGAN ENGINEERING LLC,,Trailer,UNITED STATES (USA)
1M9463,6023,"MID-SOUTH TRAILERS, INC.",,Trailer,UNITED STATES (USA)
1M9464,4450,"MCNEILUS TRUCK AND MANUFACTURING, INC.",,Trailer,UNITED STATES (USA)
1M9465,2285,MEEKS ENGINEERING,,Trailer,UNITED STATES (USA)
1M9469,5984,MAINE HITCH & TRAILER SALES,,Trailer,UNITED STATES (USA)
1M9473,8302,MCALLISTER MOTORCYCLE MANUFACTURING,,Motorcycle,UNITED STATES (USA)
1M9474,2286,MEEKS TRUCK & TRAILER,,Trailer,UNITED STATES (USA)
1M9476,17491,MID-SOUTH MANAGEMENT INC.,,Trailer,UNITED STATES (USA)
1M9477,3751,MT TRAILERS,,Trailer,UNITED STATES (USA)
1M9481,8116,"MARTINEZ WELDING, INC.",,Trailer,UNITED STATES (USA)
1M9482,4197,MANN MADE PRODUCTS INC.,,Trailer,UNITED STATES (USA)
1M9483,3296,MOUNTAIN RIDGE TRAILERS,,Trailer,UNITED STATES (USA)
1M9493,4195,MANITOWOC CRANES INC,,Trailer,UNITED STATES (USA)
1M9495,4199,MANNING MARINE,,Trailer,UNITED STATES (USA)
1M9500,2884,MINNEAPOLIS CUSTOM CYCLE,,Motorcycle,UNITED STATES (USA)
1M9502,8311,"MCCORMICK MACHINE, LLC",,Trailer,UNITED STATES (USA)
1M9504,4615,MORGAN MACHINE CO.,,Trailer,UNITED STATES (USA)
1M9507,8307,MCCANN'S CUSTOMS,,Motorcycle,UNITED STATES (USA)
1M9509,16558,MARINE TRANSPORTATION EQUIPMENT CO. INC,,Trailer,UNITED STATES (USA)
1M9511,2881,MOTORSPORTS TRANSPORTERS L.L.C.,,Trailer,UNITED STATES (USA)
1M9512,2891,MTS MANUFACTURING,,Trailer,UNITED STATES (USA)
1M9513,3825,"M P D TRAILER MANUFACTURING, INC.",,Trailer,UNITED STATES (USA)
1M9516,15320,"BONIFIED FINANCIAL DEVELOPMENT, INC.",,Trailer,UNITED STATES (USA)
1M9517,13555,MARTIN RV CORPORATION,,Trailer,UNITED STATES (USA)
1M9518,6010,MICHAEL SELTZER WELDING,,Trailer,UNITED STATES (USA)
1M9524,3245,MACH 1 TRAILERS,,Trailer,UNITED STATES (USA)
1M9525,4189,MAXEY TRAILERS,,Trailer,UNITED STATES (USA)
1M9527,6988,"JCH SOLUTIONS INC. (PREVIOUSLY KNOWN AS MACE WELDING & FABRICATION, INC.)",,Trailer,UNITED STATES (USA)
1M9529,8390,"MARQUARDT TRAILER MANUFACTURING, INC.",,Trailer,UNITED STATES (USA)
1M9532,5986,"MAINLINE, INC.",,Trailer,UNITED STATES (USA)
1M9537,2467,MILLER TRAILER AND MANUFACTURER COMPANY,,Trailer,UNITED STATES (USA)
1M9538,2793,MIGHTY MITE,,Trailer,UNITED STATES (USA)
1M9542,2434,"MARSHALL AUSTIN PRODUCTIONS, INC.",,Trailer,UNITED STATES (USA)
1M9543,4747,"MOBILE SYSTEMS, LLC",,Trailer,UNITED STATES (USA)
1M9545,7679,"MOBILE TECHNICAL SYSTEMS, INC.",,Trailer,UNITED STATES (USA)
1M9546,2458,MILLENNIUM MANUFACTRUING,,Trailer,UNITED STATES (USA)
1M9548,2459,MILLENNIUM MOTORCYCLE CORPORATION,,Motorcycle,UNITED STATES (USA)
1M9551,3298,MOUNTAIN TRAILER CO.,,Trailer,UNITED STATES (USA)
1M9552,2254,"MATTY'S MARINE & MOTORSPORTS, INC.",,Trailer,UNITED STATES (USA)
1M9553,4749,"MOBILE TRAILERS, INC.",,Trailer,UNITED STATES (USA)
1M9556,17455,MID CONTINENT TRUCK SALES INC.,,Trailer,UNITED STATES (USA)
1M9559,2880,"MOTORSPORT TRAILERS, INC.",,Trailer,UNITED STATES (USA)
1M9560,4455,"METRO TANK & STEEL, INC.",,Trailer,UNITED STATES (USA)
1M9564,6017,MID VALLEY INDUSTRIES INC,,Trailer,UNITED STATES (USA)
1M9565,8113,MARTINEZ & TUREK INC,,Trailer,UNITED STATES (USA)
1M9566,3746,MP TRAILER & TRUCK BODIES INC,,Trailer,UNITED STATES (USA)
1M9567,2429,MONTONE TRAILERS LLC,,Trailer,UNITED STATES (USA)
1M9568,9315,MUSTANG TRAILER,,Trailer,UNITED STATES (USA)
1M9570,2909,MYERS & SON  HI-WAY SAFETY INC,,Trailer,UNITED STATES (USA)
1M9571,4181,M & W FABRICATING INC.,,Trailer,UNITED STATES (USA)
1M9572,7673,MIDWEST MUNICIPAL SUPPLY INC,,Trailer,UNITED STATES (USA)
1M9573,2886,MINUTEMAN BOAT HANDLING EQUIPMENT INC,,Trailer,UNITED STATES (USA)
1M9574,6011,MICHIANA CARGO INC,,Trailer,UNITED STATES (USA)
1M9575,8299,"MB MACHINE, WELDING & FABRICATION INC",,Trailer,UNITED STATES (USA)
1M9576,8079,MAK LEASING INC,,Trailer,UNITED STATES (USA)
1M9577,4619,MOROCCO WELDING,,Trailer,UNITED STATES (USA)
1M9578,4138,MOBILE CONVERSIONS INC,,Trailer,UNITED STATES (USA)
1M9579,4448,MCM COMPANY,,Trailer,UNITED STATES (USA)
1M9580,2627,MOD RODS,,Motorcycle,UNITED STATES (USA)
1M9582,4069,MOBRIDGE MANUFACTURING,,Trailer,UNITED STATES (USA)
1M9587,3754,MTP TRAILERS,,Trailer,UNITED STATES (USA)
1M9593,3635,MARTIN EQUIPMENT,,Trailer,UNITED STATES (USA)
1M9595,8308,MCCLAIN TRAILER CO,,Trailer,UNITED STATES (USA)
1M9596,12353,"MIDWEST MOBILE TECHNOLOGIES,INC.",,Trailer,UNITED STATES (USA)
1M9597,3748,"MPH INDUSTRIES,INC.",,Trailer,UNITED STATES (USA)
1M9598,2373,MORSE TRAILER,,Trailer,UNITED STATES (USA)
1M9599,4444,MCLAUGHLIN REFUSE EQUIPMENT,,Trailer,UNITED STATES (USA)
1M9600,3829,M & L INDUSTRIES INC,,Trailer,UNITED STATES (USA)
1M9602,3834,M-B-W INC,,Trailer,UNITED STATES (USA)
1M9604,2464,"MILLER MANUFACTURING, LLC",,Trailer,UNITED STATES (USA)
1M9605,3297,"MOUNTAIN STATES TRAILER & EQUIPMENT SALES, INC.",,Trailer,UNITED STATES (USA)
1M9606,2252,MATRIX MOTOR COMPANY INC,,Passenger Car,UNITED STATES (USA)
1M9607,3828,M&H TRAILERS INC.,,Trailer,UNITED STATES (USA)
1M9609,2457,MILL WORKS INC,,Trailer,UNITED STATES (USA)
1M9610,22181,MIKE GIBSON MANUFACTURING,,Trailer,
1M9611,9422,MAINE PORTAGE,,Trailer,UNITED STATES (USA)
1M9612,9153,"MSE WELDING AND FABRICATION, LLC",,Trailer,UNITED STATES (USA)
1M9613,7567,"MERCH MOTORCYCLE CO., INC.",,Motorcycle,UNITED STATES (USA)
1M9614,8119,MARTY'S TRAILER DEPOT DBA M.E.LIGHT & ELE. INC,,Trailer,UNITED STATES (USA)
1M9615,8297,MAYES WELDING,,Trailer,UNITED STATES (USA)
1M9618,12223,M.A.C. INC.,,Trailer,UNITED STATES (USA)
1M9620,4201,MANSFIELD STRUCTURAL & ERECTING COMPANY,,Trailer,UNITED STATES (USA)
1M9621,3108,MAGNOLIA CARGO INC.,,Trailer,UNITED STATES (USA)
1M9623,5987,MAINTENANCE & FABRICATION SERVICES,,Trailer,UNITED STATES (USA)
1M9625,5941,"MD PRODUCTS AND SOLUTIONS, INC.",,Trailer,UNITED STATES (USA)
1M9626,3244,MAC'S INC,,Trailer,UNITED STATES (USA)
1M9627,17645,MACHINECO LLC,,Trailer,UNITED STATES (USA)
1M9628,7684,MOUNTAIN WEST CUSTOM TRAILERS LLC,,Trailer,UNITED STATES (USA)
1M9629,8112,MARTIN'S STEEL INC,,Trailer,UNITED STATES (USA)
1M9630,8130,MASTERCARRY TRAILER MANUFACTURING,,Trailer,UNITED STATES (USA)
1M9631,2469,MILLERTIME MFG LLC,,Trailer,UNITED STATES (USA)
1M9632,2466,MILLER RV MFG. COMPANY,,Trailer,UNITED STATES (USA)
1M9634,8111,MARTIN MARIETTA COMPOSITES,,Trailer,UNITED STATES (USA)
1M9641,8988,MIDLAND EQUIPMENT COMPANY,,Trailer,UNITED STATES (USA)
1M9642,16439,ADVANCE MECHANICAL SERVICE,,Trailer,UNITED STATES (USA)
1M9643,2640,"MOKAI MANUFACTURING, INC.",,Trailer,UNITED STATES (USA)
1M9644,3299,MOUNTAINEER WELDING & TRAILER REPAIR,,Trailer,UNITED STATES (USA)
1M9646,6073,"MMDI, INC. D/B/A/ STEELPOINT",,Trailer,UNITED STATES (USA)
1M9648,3104,MADMAN MANUFACTURING INC.,,Trailer,UNITED STATES (USA)
1M9650,4453,"ME-TWO MANUFACTURING, LLC",,Trailer,UNITED STATES (USA)
1M9651,2559,"MKR FABRICATORS, INC.",,Trailer,UNITED STATES (USA)
1M9652,8434,"MASTERPIECE TRAILERS, LLC",,Trailer,UNITED STATES (USA)
1M9654,17619,"MONETTA FARRIER SPECIALTIES, INC.",,Trailer,UNITED STATES (USA)
1M9655,8300,MC TOURING PRODUCTS,,Trailer,UNITED STATES (USA)
1M9657,3300,"MOUSER STEEL SUPPLY, INC.",,Trailer,UNITED STATES (USA)
1M9658,1419,MESKE WELDING LLC,,Trailer,UNITED STATES (USA)
1M9667,969,"MOTORCYCLE MACHINE SHOP SERVICES, LLC",,Motorcycle,UNITED STATES (USA)
1M9676,10345,MACOMB COUNTY CYCLES WORKS,,Motorcycle,UNITED STATES (USA)
1M9678,5870,"MICROFORM PRECISION, LLC",,Trailer,UNITED STATES (USA)
1M9680,11523,MCKINLEY ENTERPRISES DBA LONGHORN TRAILERS,,Trailer,UNITED STATES (USA)
1M9681,11729,MOTOR CITY MEAN MACHINE,,Motorcycle,UNITED STATES (USA)
1M9682,11105,"MOSLER AUTO CARE CENTER,INC.",,Passenger Car,UNITED STATES (USA)
1M9684,10212,MIKE'S CUSTOM WORKS,,Trailer,UNITED STATES (USA)
1M9685,9345,"MIKE'S WELDING  & TRAILER MFG., LLC.",,Trailer,UNITED STATES (USA)
1M9687,11732,MATRIX MANUFACTURING COMPANY,,Trailer,UNITED STATES (USA)
1M9688,10899,"MENSCH MANUFACTURING MARINE DIVISION, INC.",,Trailer,UNITED STATES (USA)
1M9690,10909,"R&D TRAILER SERVICE DBA MERLOT TARPAULIN & SIDEKIT MFG. CO., INC.",,Trailer,UNITED STATES (USA)
1M9691,15070,"MC TRAILERS, LLC",,Trailer,UNITED STATES (USA)
1M9692,8475,"MASTER SOLUTIONS, INC.",,Trailer,UNITED STATES (USA)
1M9699,11098,"MAGNUM PERFORMANCE MOTORCYCLES,L.L.C.",,Motorcycle,UNITED STATES (USA)
1M9700,8833,MCGEE TRAILERS SALES,,Trailer,UNITED STATES (USA)
1M9701,8761,"MIND'S EYE FABRICATION, INC.",,Trailer,UNITED STATES (USA)
1M9703,11362,MARSHALL TRAILER SALES & REPAIRS,,Trailer,UNITED STATES (USA)
1M9704,8811,"MYERS MOTORS, LLC",,Motorcycle,UNITED STATES (USA)
1M9706,16479,MACH ONE TRAILERS,,Trailer,UNITED STATES (USA)
1M9708,8827,MOVIE SITE POWER & LITE INC DBA MOBILE RESTROOM RENTAL,,Trailer,UNITED STATES (USA)
1M9710,9020,"MITCH BERGERON CUSTOMS, INC.",,Motorcycle,UNITED STATES (USA)
1M9712,8835,"MADAMI INTERNATIONAL, LLC",,Trailer,UNITED STATES (USA)
1M9715,9528,"MILLENNIUM TRANSIT SERVICES, LLC",,Bus,UNITED STATES (USA)
1M9716,8828,MAN & MATERIAL LIFT ENGINEERING,,Trailer,UNITED STATES (USA)
1M9717,7779,MYSTICAL CUSTOM CYCLES LLC,,Motorcycle,UNITED STATES (USA)
1M9718,9250,MIAMI CHOPPERS INC.,,Motorcycle,UNITED STATES (USA)
1M9721,17371,"M T CUSTOMS MOTORCYCLES AND CHOPPERS, LLC",,Motorcycle,UNITED STATES (USA)
1M9724,9913,M & M TRAILERS & WELDING,,Trailer,UNITED STATES (USA)
1M9725,16584,MIROX CORPORATION,,Low Speed Vehicle (LSV),UNITED STATES (USA)
1M9728,13487,"MOTOFINO USA, INC. CORPORATE OFFICE",,Motorcycle,UNITED STATES (USA)
1M9729,9964,METRY CUSTOM CYCLES,,Motorcycle,UNITED STATES (USA)
1M9731,6850,MARK TAYLOR ENTERPRISES,,Motorcycle,UNITED STATES (USA)
1M9732,10869,MONTANA DREAMS,,Trailer,UNITED STATES (USA)
1M9733,10165,M & M TRAILER & SUPPLY,,Trailer,UNITED STATES (USA)
1M9735,10164,MADEWELL PRODUCTS CORPORATION,,Trailer,UNITED STATES (USA)
1M9736,10167,"MCADUS US PRODUCT DEVELOPMENT, LLC",,Trailer,UNITED STATES (USA)
1M9737,10670,MIDWEST CHOPPERS OF IOWA,,Motorcycle,UNITED STATES (USA)
1M9739,8655,MVP TECHNOLOGIES,,Trailer,UNITED STATES (USA)
1M9742,10681,"MASTER FABRICATING & WELDING, INC.",,Trailer,UNITED STATES (USA)
1M9743,11353,"MJL ENGINEERING & MANUFACTURING, INC.",,Trailer,UNITED STATES (USA)
1M9745,10592,"MARK RITE LINES EQUIPMENT COMPANY, INC.",,Trailer,UNITED STATES (USA)
1M9746,8626,MIDWEST GENERAL REPAIR & FABRICATION LLC,,Trailer,UNITED STATES (USA)
1M9747,9544,"METAL SYSTEMS, INC. DBA GATOR TRAILERS",,Trailer,UNITED STATES (USA)
1M9748,9831,"MANTIS CHOPPERS, INC.",,Motorcycle,UNITED STATES (USA)
1M9750,10692,MALACHI MOTORCYCLES,,Motorcycle,UNITED STATES (USA)
1M9751,10714,MOPED WORLD,,Motorcycle,UNITED STATES (USA)
1M9752,1185,A UNIQUE CARS INC.,,Motorcycle,UNITED STATES (USA)
1M9753,11145,"MAD FABRICATION, LLC",,Motorcycle,UNITED STATES (USA)
1M9756,10023,MILFORD WELDING & MANUFACTURING INC.,,Trailer,UNITED STATES (USA)
1M9759,10056,"MOBILIGHT, INC.",,Trailer,UNITED STATES (USA)
1M9762,10214,MERCHANT'S TRAILERS AND GRILLS LLC,,Trailer,UNITED STATES (USA)
1M9763,8440,"MIDWEST CUSTOM CYCLES, INC.",,Motorcycle,UNITED STATES (USA)
1M9764,9334,MICHAEL D'S CUSTOM CYCLES,,Motorcycle,UNITED STATES (USA)
1M9766,11617,MONITOR SYSTEMS,,Trailer,UNITED STATES (USA)
1M9767,19313,MONTROSE CUSTOM FABRICATION LLC,,Trailer,UNITED STATES (USA)
1M9768,5194,MAD PRODUCTS,,Trailer,UNITED STATES (USA)
1M9769,8920,METAL-LINK CORPORATION,,Trailer,UNITED STATES (USA)
1M9770,9510,"MAXWELD BOATS, INC.",,Trailer,UNITED STATES (USA)
1M9771,9117,WEBER TRAILERS BY MRRES INDUSTRIES INC,,Trailer,UNITED STATES (USA)
1M9772,9741,MORTON - DAVIS,,Trailer,UNITED STATES (USA)
1M9774,9733,"MMLJ, INC.",,Trailer,UNITED STATES (USA)
1M9776,9748,MCLENDON TRAILERS,,Trailer,UNITED STATES (USA)
1M9778,11372,MOD CAR,,Low Speed Vehicle (LSV),UNITED STATES (USA)
1M9780,10471,"MT.EATON TRAILER,LLC",,Trailer,UNITED STATES (USA)
1M9781,11383,"M.D. COWAN, INC.",,Trailer,UNITED STATES (USA)
1M9782,10960,MARTINO MOTOR COMPANY,,Motorcycle,UNITED STATES (USA)
1M9784,10739,"MANN'S WELDING AND FABRICATING, INC.",,Trailer,UNITED STATES (USA)
1M9788,9089,PIPELINE MANUFACTURING,,Trailer,UNITED STATES (USA)
1M9791,4282,MUSTANG HORSE TRAILERS,,Trailer,UNITED STATES (USA)
1M9793,9293,MOTOCZYSZ,,Motorcycle,UNITED STATES (USA)
1M9794,9096,MONSOON MARINE,,Trailer,UNITED STATES (USA)
1M9795,9938,"MILLIONS FARM CENTER, INC.",,Trailer,UNITED STATES (USA)
1M9796,5838,"M&M INDUSTRIAL MAINTENANCE, INC.",,Trailer,UNITED STATES (USA)
1M9798,10298,M.S. METAL WORKS LLC,,Trailer,UNITED STATES (USA)
1M9799,10299,MAMMOTH TRAILERS,,Trailer,UNITED STATES (USA)
1M9801,5831,MULTI-FAB LLC,,Trailer,UNITED STATES (USA)
1M9804,11196,MT. PLEASANT TRAILERS,,Trailer,UNITED STATES (USA)
1M9805,10307,MAK DADDY BUILDERS,,Trailer,UNITED STATES (USA)
1M9806,7736,MCMILLER'S CHOP SHOP,,Motorcycle,UNITED STATES (USA)
1M9808,10524,"MONSTER TANKS, INC.",,Trailer,UNITED STATES (USA)
1M9809,7383,"MOBILE DRILL OPERATING COMPANY, LLC",,Trailer,UNITED STATES (USA)
1M9810,10520,MOUNTAINTOP CUSTOM KENNELS,,Trailer,UNITED STATES (USA)
1M9813,1095,"MORGAN TRAILERS, INC",,Trailer,UNITED STATES (USA)
1M9814,11661,MISSION UTILITY TRAILERS,,Trailer,UNITED STATES (USA)
1M9815,1360,"MENARD MANUFACTURING COMPANY, INC.",,Trailer,UNITED STATES (USA)
1M9816,1674,"PROTERRA OPERATING COMPANY, INC.",,Bus,UNITED STATES (USA)
1M9817,2908,MYCO TRAILERS,,Trailer,UNITED STATES (USA)
1M9818,1351,MID SOUTH DISTRIBUTION SERVICES,,Trailer,UNITED STATES (USA)
1M9819,7568,MAXPRO TRAILERS,,Trailer,UNITED STATES (USA)
1M9820,13488,MOVE-IT-ALL LLC,,Trailer,UNITED STATES (USA)
1M9821,1676,MIGHTY LITE ALUMINUM PRODUCTS,,Trailer,UNITED STATES (USA)
1M9822,11400,MARATHON METALWORKS,,Trailer,UNITED STATES (USA)
1M9828,9161,MONSTER TANKS INC.,,Trailer,UNITED STATES (USA)
1M9829,9114,MWE OF OHIO LLC,,Trailer,UNITED STATES (USA)
1M9830,8943,MARTIN AND MARTIN BROS. BIKES,,Motorcycle,UNITED STATES (USA)
1M9831,8936,MARIOUT MOTORWORKS LLC,,Motorcycle,UNITED STATES (USA)
1M9832,6217,"MIRSBERGER MANUFACTURING, LLC",,Trailer,UNITED STATES (USA)
1M9833,6212,"MODISETTE WELDING & SUPPLY, CORP.",,Trailer,UNITED STATES (USA)
1M9834,6684,"MARKLAND TRAILERS, LLC",,Trailer,UNITED STATES (USA)
1M9835,6233,"MID-ATLANTIC TRANSPORT, INC.",,Trailer,UNITED STATES (USA)
1M9836,12037,"MALACH USA, LLP",,Trailer,UNITED STATES (USA)
1M9838,6245,MURRAY'S TAG & TITLE SERVICES,,Trailer,UNITED STATES (USA)
1M9839,13454,MECHTRONIC SOLUTIONS INC.,,Trailer,UNITED STATES (USA)
1M9842,7700,"MAKING YOU MOBILE, LLC",,Passenger Car,UNITED STATES (USA)
1M9843,7693,MECHANICAL MAYHEM,,Motorcycle,UNITED STATES (USA)
1M9846,6543,"M W BOURNE COMPANY, INC.",,Motorcycle,UNITED STATES (USA)
1M9848,13489,MRT MANUFACTURING INC.,,Trailer,UNITED STATES (USA)
1M9850,7201,MOBILE TECHNOLOGIES GROUP INC.,,Trailer,UNITED STATES (USA)
1M9851,7219,MOBILE BARRIERS LLC,,Trailer,UNITED STATES (USA)
1M9852,11788,THOROUGHBRED MOTORSPORTS INC.,,Trailer,UNITED STATES (USA)
1M9853,12170,MISSION MOTOR COMPANY,,Motorcycle,UNITED STATES (USA)
1M9854,12177,MARREL CORPORATION,,Trailer,UNITED STATES (USA)
1M9856,11879,"MISFIT MARKETING SERVICES, LLC",,Motorcycle,UNITED STATES (USA)
1M9859,6154,MOBILE TECH TRAILERS INC.,,Trailer,UNITED STATES (USA)
1M9860,6135,"MATRIX, INC.",,Trailer,UNITED STATES (USA)
1M9861,11910,MARTEX GLOBAL ENTERPRISE LLC,,Low Speed Vehicle (LSV),UNITED STATES (USA)
1M9862,11923,MOTION TRAILERS INC.,,Trailer,UNITED STATES (USA)
1M9866,6873,"MID-STATE TANK COMPANY, INC.",,Trailer,UNITED STATES (USA)
1M9867,1553,MATOTT'S WELDING,,Trailer,UNITED STATES (USA)
1M9870,6391,M & W SHOPS INC. DBA MULTI-VAC,,Trailer,UNITED STATES (USA)
1M9872,6898,"MUTTER'S CYCLE SUPPLY, INC.",,Motorcycle,UNITED STATES (USA)
1M9873,6894,"MUD TECHNOLOGY INTERNATIONAL, INC.",,Trailer,UNITED STATES (USA)
1M9874,1698,"MATRIX MANUFACTURING, INC.",,Trailer,UNITED STATES (USA)
1M9875,16820,MELISSA'S GOLF CARTS INC,,Low Speed Vehicle (LSV),UNITED STATES (USA)
1M9878,6615,MATTMAN GLOBAL SPECIALTY VEHICLES,,Trailer,UNITED STATES (USA)
1M9880,11946,METALCRAFT MANUFACTURING LLC,,Trailer,UNITED STATES (USA)
1M9883,7459,MOBILE SPECIALTIES INC.,,Trailer,UNITED STATES (USA)
1M9886,7066,"MVL ENTERPRISES, LP",,Trailer,UNITED STATES (USA)
1M9887,7534,HOEKSTRA COMPANIES LLC,,Trailer,UNITED STATES (USA)
1M9888,7845,MILL STREET CUSTOMS INC.,,Motorcycle,UNITED STATES (USA)
1M9890,13471,"MWE MONACO MFG, LLC",,Trailer,UNITED STATES (USA)
1M9893,7860,MILFORD PIPE & SUPPLY INC.,,Trailer,UNITED STATES (USA)
1M9895,1721,MULLIGAN ENGINEERING LLC,,Trailer,UNITED STATES (USA)
1M9896,7912,MARCEAUX CYCLE WORKS,,Motorcycle,UNITED STATES (USA)
1M9897,10779,"BAD BOYS CHOPPERS, INC. DBA MATEO CYCLES",,Motorcycle,UNITED STATES (USA)
1M9899,7286,"MTLWRX, LLC",,Trailer,UNITED STATES (USA)
1M9900,1439,"MINIMOVER, LLC",,Low Speed Vehicle (LSV),UNITED STATES (USA)
1M9902,6094,MCCARTNEY TRAILERS,,Trailer,UNITED STATES (USA)
1M9903,7913,MINITEARS COMPANY,,Trailer,UNITED STATES (USA)
1M9906,7783,MAJONA STEEL CORPORATION,,Trailer,UNITED STATES (USA)
1M9907,13852,"THE MAINE WOOD HEAT CO., INC.",,Trailer,UNITED STATES (USA)
1M9909,12095,MOBILE MEDICAL INTERNATIONAL CORPORATION TRAILER,,Trailer,UNITED STATES (USA)
1M9911,7274,"MOUNTAIN EQUIPMENT OF  NEW MEXICO, INC. DBA MOUNTAIN EQUIPMENT",,Trailer,UNITED STATES (USA)
1M9912,13443,MAINE GREEN IRONWORKS,,Trailer,UNITED STATES (USA)
1M9913,1454,METAL MANSIONS,,Trailer,UNITED STATES (USA)
1M9918,11935,MISANTHROPY CYCLES,,Motorcycle,UNITED STATES (USA)
1M9919,7963,SCHRUDER LLC,,Trailer,UNITED STATES (USA)
1M9921,1534,M.B. WELDING AND FABRICATION LLC,,Trailer,UNITED STATES (USA)
1M9924,13478,MOBY1 EXPEDITION TRAILERS LLC,,Trailer,UNITED STATES (USA)
1M9926,6252,MAYNARD FAB & TRAILER SALES LLC,,Trailer,UNITED STATES (USA)
1M9927,6077,MOUNTAIN WEST INDUSTRIES,,Trailer,UNITED STATES (USA)
1M9929,6329,MASTIFF TRAILERS LLC,,Trailer,UNITED STATES (USA)
1M9931,12122,MID AMERICA DESIGNS LLC,,Trailer,UNITED STATES (USA)
1M9932,6562,"MULTIPHIBIOUS VEHICLE COMPANY, LLC",,Motorcycle,UNITED STATES (USA)
1M9933,21747,EW2 II LLC   DBA MOBILE CONCEPTS SPECIALTY VEHICLES,,Trailer,UNITED STATES (USA)
1M9940,7158,MUDDY RIVER MANUFACTURING LLC,,Trailer,UNITED STATES (USA)
1M9942,6097,MINNESOTA TEARDROP TRAILER LLC,,Trailer,UNITED STATES (USA)
1M9943,12238,MOHAWK VALLEY WELDING & STAINLESS STEEL,,Trailer,UNITED STATES (USA)
1M9947,6107,M&R SPECIALTY TRAILERS AND TRUCKS INC,,Trailer,UNITED STATES (USA)
1M9948,1497,MRR CYCLES LLC,,Motorcycle,UNITED STATES (USA)
1M9949,1497,MRR CYCLES LLC,,Trailer,UNITED STATES (USA)
1M9951,13524,MAKTEC MANUFACTURING LLC,,Trailer,UNITED STATES (USA)
1M9954,7346,"MINDEN MACHINE SHOP, INC. & PATRIOT EQUIPMENT",,Trailer,UNITED STATES (USA)
1M9957,6042,"MERITT MANAGEMENT COMPANY, LLC",,Trailer,UNITED STATES (USA)
1M9961,17522,MWI CORPORATION,,Trailer,
1M9965,6579,M CHEIN EQUIPMENT AND LOGISTICS,,Trailer,UNITED STATES (USA)
1M9966,14192,"MCD MANUFACTURING & REPAIR, INC",,Trailer,UNITED STATES (USA)
1M9967,3833,"M-B COMPANIES, INC. OF WISCONSIN",,Truck,
1M9970,1038,MILLS MANUFACTURING INC,,Trailer,UNITED STATES (USA)
1M9971,1035,MAD DAWG CYCLES AND TRAILERS,,Motorcycle,UNITED STATES (USA)
1M9972,1035,MAD DAWG CYCLES AND TRAILERS,,Trailer,UNITED STATES (USA)
1M9974,6743,"METALCRAFT TOOL & DIE, INC.",,Trailer,UNITED STATES (USA)
1M9981,7811,M&C TRAILER SALES,,Trailer,UNITED STATES (USA)
1M9982,6975,MB&G OILFIELD FABRICATION,,Trailer,UNITED STATES (USA)
1M9983,974,MOONLIGHT AUTO,,Motorcycle,UNITED STATES (USA)
1M9984,6056,MCNEW FABRICATION INC.,,Trailer,UNITED STATES (USA)
1M9987,7163,MIDSOUTH GOLF CARTS,,Low Speed Vehicle (LSV),UNITED STATES (USA)
1M9988,12018,MINNESOTA MANUFACTURING LLC,,Trailer,UNITED STATES (USA)
1M9989,7313,MONSTER MANUFACTURING,,Trailer,UNITED STATES (USA)
1M9990,7341,MILITARY SPEC. MANUFACTURING,,Trailer,UNITED STATES (USA)
1M9991,7314,MADVENTURE CAMPING,,Trailer,UNITED STATES (USA)
1M9992,18482,MUDSLIDE CHOPPS LLC,,Motorcycle,UNITED STATES (USA)
1M9994,7340,MOROCCO ELECTRIC INC.,,Trailer,UNITED STATES (USA)
1M9995,13994,"APEX SPECIALTY VEHICLES, LLC",,Trailer,UNITED STATES (USA)
1M9999,12022,MARK WIENER WELDING,,Trailer,UNITED STATES (USA)
1M9AAA,2632,"MODULAR STRUCTURES INTERNATIONAL, INC.",,Trailer,UNITED STATES (USA)
1M9MCC,4137,"MOBILE COMMAND CENTER, INC.",,Trailer,UNITED STATES (USA)
1MB,15880,MERCEDES-BENZ TRUCK COMPANY INC,MERCEDES-BENZ,Truck,UNITED STATES (USA)
1MD,3805,MIDWEST INDUSTRIES INC,SHORELAND'R,Trailer,UNITED STATES (USA)
1ME,976,FORD MOTOR COMPANY,MERCURY,Passenger Car,UNITED STATES (USA)
1MH,976,FORD MOTOR COMPANY,MERCURY,Incomplete Vehicle,UNITED STATES (USA)
1ML,2468,"MILLER TRAILERS, INC.",MILLER TRAILERS INCORPORATED,Trailer,UNITED STATES (USA)
1MM,15270,MOODY MANUFACTURING COMPANY,MOODY,Trailer,UNITED STATES (USA)
1MR,976,FORD MOTOR COMPANY,LINCOLN,Passenger Car,UNITED STATES (USA)
1MT,8092,MERRITT TRAILERS INC.,MERRITT,Trailer,UNITED STATES (USA)
1MW,12698,"COACHMEN INDUSTRIES, INC.",MRV,Trailer,UNITED STATES (USA)
1N4,997,"NISSAN NORTH AMERICA, INC.","NISSAN, INFINITI",Passenger Car,UNITED STATES (USA)
1N6,997,"NISSAN NORTH AMERICA, INC.","NISSAN, INFINITI",Truck,UNITED STATES (USA)
1N7,10436,NEWMAR CORPORATION,KOUNTRY LITE,Trailer,UNITED STATES (USA)
1N8,10436,NEWMAR CORPORATION,KOUNTRY LITE,Trailer,UNITED STATES (USA)
1N9011,19227,NEWELL COACH CORPORATION,,Bus,UNITED STATES (USA)
1N9012,17339,NELSON MANUFACTURING COMPANY,,Trailer,UNITED STATES (USA)
1N9013,3837,NEOPLAN USA CORPORATION,,Bus,UNITED STATES (USA)
1N9021,15275,NEOSHO FIBERGLASS CO. INC,,Trailer,UNITED STATES (USA)
1N9025,2808,NORDSKOG ELECTRIC VEHICLES,,Low Speed Vehicle (LSV),UNITED STATES (USA)
1N9034,2813,NORTH AMERICAN MFG. CO. INC.,,Trailer,UNITED STATES (USA)
1N9041,18052,NU TECH TRAILER INC.,,Trailer,UNITED STATES (USA)
1N9043,18066,"NTH, INC.",,Trailer,UNITED STATES (USA)
1N9049,18261,"NICKS AUTOMOTIVE, INC.",,Trailer,UNITED STATES (USA)
1N9050,3304,"NORTHWEST ENTERPRISES, INC.",,Trailer,UNITED STATES (USA)
1N9054,18002,NORTHWEST TRAILER SALES & SERVICE,,Trailer,UNITED STATES (USA)
1N9056,4059,NATIONAL COACH CORPORATION,,Bus,UNITED STATES (USA)
1N9057,17731,"NATIONAL OFFICE WORLD, INC.",,Trailer,UNITED STATES (USA)
1N9059,18368,MATERIAL TRANSFER COMPANY,,Trailer,UNITED STATES (USA)
1N9060,8241,"NORTHCUTT TRUCK-TRAILER SALES, INC.",,Trailer,UNITED STATES (USA)
1N9062,17995,THE NOLAN COMPANY,,Trailer,UNITED STATES (USA)
1N9063,18007,"NATIONAL STEELWORKS, INC.",,Trailer,UNITED STATES (USA)
1N9064,17780,NORTHERN BAY MANUFACTURING,,Trailer,UNITED STATES (USA)
1N9066,17783,"NORTHSTAR MFG. INC. OF AITKIN, MN.",,Trailer,UNITED STATES (USA)
1N9075,16771,"NORTH VALLEY INDUSTRIES, INC",,Trailer,UNITED STATES (USA)
1N9078,11736,"NORTH RIVER JET BOATS, INC.",,Trailer,UNITED STATES (USA)
1N9079,16755,CHAPARRAL TRAILERS OF IOWA,,Trailer,UNITED STATES (USA)
1N9081,16769,NEW TECH MACHINERY CORP.,,Trailer,UNITED STATES (USA)
1N9084,8807,"ELDORADO NATIONAL (CALIFORNIA), INC.",,Bus,UNITED STATES (USA)
1N9085,16777,NORTH STAR MFG.,,Trailer,UNITED STATES (USA)
1N9086,16781,"NATIONAL GROUP OF COMPANIES, INC",,Trailer,UNITED STATES (USA)
1N9089,16970,"NICKELS BOAT WORKS, INC.",,Trailer,UNITED STATES (USA)
1N9096,3587,NITCO DRILLING PRODUCTS DIVISION,,Trailer,UNITED STATES (USA)
1N9100,3372,NEW PROGRESS INCORPORATED,,Trailer,UNITED STATES (USA)
1N9103,3424,NOW SYSTEMS INC.,,Trailer,UNITED STATES (USA)
1N9107,16841,NEW HORIZONS RESEARCH CORPORATION,,Trailer,UNITED STATES (USA)
1N9109,16884,NEWCO INC,,Trailer,UNITED STATES (USA)
1N9111,17298,NAMRON TRAILERS MANUFACTURING INC,,Trailer,UNITED STATES (USA)
1N9113,3380,NEWSOM INDUSTRIES,,Trailer,UNITED STATES (USA)
1N9114,2815,NORTH BAY TRUCKWORKS,,Trailer,UNITED STATES (USA)
1N9115,2814,NORTH AMERICAN TRANSIT INC,,Bus,UNITED STATES (USA)
1N9116,4507,NEAL MANUFACTURING COMPANY INC,,Trailer,UNITED STATES (USA)
1N9118,8243,NORTHERN TRAILER & FABRICATION COMPANY,,Trailer,UNITED STATES (USA)
1N9128,3469,NUTTALL MANUFACTURING AND EQUIPMENT COMPANY,,Trailer,UNITED STATES (USA)
1N9133,18026,"NEW COMMANDER TRAILERS, INC.",,Trailer,UNITED STATES (USA)
1N9140,1047,"NORTH AMERICAN BUS INDUSTRIES INC., LLC",,Bus,UNITED STATES (USA)
1N9143,3839,NEUMANN'S AUTOMOTIVE,,Trailer,UNITED STATES (USA)
1N9145,4512,NEEL'S UTILITY TRAILER MFG,,Trailer,UNITED STATES (USA)
1N9147,3312,NOTO CUSTOM WELDING,,Trailer,UNITED STATES (USA)
1N9150,3732,NORTH SOUTH AUTO CONNECTION,,Trailer,UNITED STATES (USA)
1N9151,2914,"N-LINE TRAILERS, INC.",,Trailer,UNITED STATES (USA)
1N9152,7246,NORTH SHORE MANUFACTURING COMPANY INC.,,Trailer,UNITED STATES (USA)
1N9160,2807,NORDIC TRAILER SALES,,Trailer,UNITED STATES (USA)
1N9163,3431,"NUKO INDUSTRIES, INC",,Trailer,UNITED STATES (USA)
1N9165,3428,NU WAVE MANUFACTURING INC.,,Trailer,UNITED STATES (USA)
1N9167,2205,THE ALUMINUM TRAILER COMPANY,,Trailer,UNITED STATES (USA)
1N9173,3368,"NEW MARKET METALCRAFT, INC.",,Trailer,UNITED STATES (USA)
1N9174,3588,"NOEL ENTERPRISES, INC.",,Trailer,UNITED STATES (USA)
1N9175,10698,NEVILLE BUILT TRAILERS LLC,,Trailer,UNITED STATES (USA)
1N9176,11544,"NORTH-SOUTH CONNECTION AUTO SALES, LTD.",,Trailer,UNITED STATES (USA)
1N9178,3482,NATIONAL METAL PRODUCTS,,Trailer,UNITED STATES (USA)
1N9179,4054,"NASATKA BARRIER, INC.",,Trailer,UNITED STATES (USA)
1N9180,2811,NORTH - EAST STEEL FABRICATION,,Trailer,UNITED STATES (USA)
1N9181,3367,NEW MARK MANUFACTURING INC,,Trailer,UNITED STATES (USA)
1N9184,2809,NORFLEET MFG. CO.,,Trailer,UNITED STATES (USA)
1N9186,2913,"N I WILSON MFG, CO  INC.",,Trailer,UNITED STATES (USA)
1N9191,10112,NOBLES INC.,,Trailer,UNITED STATES (USA)
1N9192,12354,NEW COVENANT MFG. L.L.C.,,Trailer,UNITED STATES (USA)
1N9198,17433,NORTHERN REPAIR & WELDING,,Trailer,UNITED STATES (USA)
1N9200,3313,NOVA CRUZ PRODUCTS LLC,,Motorcycle,UNITED STATES (USA)
1N9201,3430,NUDAWN METAL FABRICATION INC,,Trailer,UNITED STATES (USA)
1N9202,8242,"NORTHEAST FABRICATORS, LLC",,Trailer,UNITED STATES (USA)
1N9203,3091,NELSON WELDING,,Trailer,UNITED STATES (USA)
1N9204,3838,NEOTERIC HOVERCRAFT INC,,Trailer,UNITED STATES (USA)
1N9206,1770,"CUSTOM WELDING, INC",,Trailer,UNITED STATES (USA)
1N9207,4053,NAS MANUFACTURING INC,,Trailer,UNITED STATES (USA)
1N9208,8245,NORTHERN UNITED INC,,Trailer,UNITED STATES (USA)
1N9209,7735,NEW YORK CITY CUSTOM MOTORCYCLES INC. DBA NYC CHOPPERS,,Motorcycle,UNITED STATES (USA)
1N9213,4506,NEA,,Trailer,UNITED STATES (USA)
1N9214,3376,NEW YORK MOTOR COMPANY OF L.I. INC,,Motorcycle,UNITED STATES (USA)
1N9215,3840,NEVADA UTILITY TRAILOR,,Trailer,UNITED STATES (USA)
1N9219,4510,NEDLAND INDUSTRIES INC.,,Trailer,UNITED STATES (USA)
1N9220,3316,NOVAK CUSTOM MOTORCYCLE COMPANY,,Motorcycle,UNITED STATES (USA)
1N9222,3469,NUTTALL MANUFACTURING AND EQUIPMENT COMPANY,,Trailer,UNITED STATES (USA)
1N9223,10181,"NICHOLS HI-TECH MARINE, INC.",,Trailer,UNITED STATES (USA)
1N9226,2522,NIX EVIL TWINS,,Motorcycle,UNITED STATES (USA)
1N9229,17551,NEIRA INDUSTRIES INC.,,Bus,UNITED STATES (USA)
1N9231,11261,NILSON MANUFACTURING,,Trailer,UNITED STATES (USA)
1N9236,3304,"NORTHWEST ENTERPRISES, INC.",,Trailer,UNITED STATES (USA)
1N9239,9929,"NESS MOTORCYCLES, LLC",,Motorcycle,UNITED STATES (USA)
1N9240,9318,"NEW CUSTOM TRAILERS, LLC",,Trailer,UNITED STATES (USA)
1N9241,10347,NEW ENGLAND CHOPPERS,,Motorcycle,UNITED STATES (USA)
1N9242,8573,NORTH AMERICAN MOTORCYCLE CO.,,Motorcycle,UNITED STATES (USA)
1N9243,1278,NORTH JERSEY CYCLE,,Motorcycle,UNITED STATES (USA)
1N9244,6241,NY MOTORCYCLE DESIGN,,Motorcycle,UNITED STATES (USA)
1N9248,9242,"NORTHWEST MANUFACTURING, INC.",,Trailer,UNITED STATES (USA)
1N9250,10671,NEWKIRK FABRICATION,,Trailer,UNITED STATES (USA)
1N9251,10679,"NORTH AMERICAN INDUSTRIES, LTD",,Trailer,UNITED STATES (USA)
1N9253,8634,"NEW HEIGHTS, LLC",,Trailer,UNITED STATES (USA)
1N9254,9517,"NEWMAN INDUSTRIES, INC.",,Trailer,UNITED STATES (USA)
1N9257,10446,"NEWPORT FABRICATING, LLC",,Trailer,UNITED STATES (USA)
1N9259,10235,NOMAD CUSTOM CYCLES INC.,,Motorcycle,UNITED STATES (USA)
1N9260,10706,NORTHEAST CUSTOM CYCLES LLC,,Motorcycle,UNITED STATES (USA)
1N9261,10054,"NORTH SHORE MOTORCYCLES, INC.",,Motorcycle,UNITED STATES (USA)
1N9263,13563,"C DIAMOND F, INC.",,Trailer,UNITED STATES (USA)
1N9264,10033,NASH MOTORCYCLES LLC,,Motorcycle,UNITED STATES (USA)
1N9265,10784,NAKUTIS CUSTOM CHOPPERS INC.,,Motorcycle,UNITED STATES (USA)
1N9266,11336,NORTH COUNTRY TRAILERS,,Trailer,UNITED STATES (USA)
1N9267,11817,"NEALCO EQUIPMENT, LLC",,Trailer,UNITED STATES (USA)
1N9268,9342,"NEXGEN FRAMING SYSTEM, LLC",,Trailer,UNITED STATES (USA)
1N9269,10727,"NRG, INC.",,Trailer,UNITED STATES (USA)
1N9271,11337,"NEWFAB, INC.",,Trailer,UNITED STATES (USA)
1N9272,9752,"NATIONAL SIGNAL, LLC",,Trailer,UNITED STATES (USA)
1N9273,10962,NORTH AMERICAN TRAVELER LLC,,Trailer,UNITED STATES (USA)
1N9274,8694,NORRIS TRUCK & TRAILER,,Trailer,UNITED STATES (USA)
1N9275,8880,NORTH STAR DIV. OF DOUBLE R TRAILER MFG.,,Trailer,UNITED STATES (USA)
1N9279,1319,NORTH COAST TRUCK BODY LLC,,Trailer,UNITED STATES (USA)
1N9282,9195,"NELSON, L.C.",,Trailer,UNITED STATES (USA)
1N9283,9998,NATIONWIDE TRAILER AND EQUIPMENT SALES,,Trailer,UNITED STATES (USA)
1N9284,8489,"NATIONAL GOLF CARS, INC.",,Low Speed Vehicle (LSV),UNITED STATES (USA)
1N9285,6227,NOR-TECH FABRICATION LLC,,Trailer,UNITED STATES (USA)
1N9286,12029,NORTHWOODS TRAILERS LLC,,Trailer,UNITED STATES (USA)
1N9287,6866,NASH CAR TRAILER CORPORATION,,Trailer,UNITED STATES (USA)
1N9288,12064,NORTHLAND MACHINE INC.,,Trailer,UNITED STATES (USA)
1N9290,6677,"NATIONAL VACUUM EQUIPMENT, INC.",,Trailer,UNITED STATES (USA)
1N9291,17593,"NEWHOUSE MFG. CO., INC.",,Trailer,UNITED STATES (USA)
1N9292,6410,NOGAS LLC,,Motorcycle,UNITED STATES (USA)
1N9295,13476,NJD AUTOMOTIVE LLC,,Passenger Car,UNITED STATES (USA)
1N9297,6415,"NORNBERG TRAILER, INC.",,Trailer,UNITED STATES (USA)
1N9298,12180,NEXGEN INNOVATIONS LLC,,Trailer,UNITED STATES (USA)
1N9299,6146,NORTHWEST CUSTOM ALUMINUM TRAILERS,,Trailer,UNITED STATES (USA)
1N9300,7222,NATIONAL ELECTRIC VEHICLES LLC,,Low Speed Vehicle (LSV),UNITED STATES (USA)
1N9301,6884,"NEO CLASSIC MANUFACTURING, LLC",,Trailer,UNITED STATES (USA)
1N9305,6892,NEW MEXICO STEEL FABRICATORS INC.,,Trailer,UNITED STATES (USA)
1N9306,7068,NOMA FABRICATION,,Trailer,UNITED STATES (USA)
1N9307,12199,NATIONAL CUSTOMIZED TRAILERS,,Trailer,UNITED STATES (USA)
1N9309,7542,"NATIONAL OILWELL VARCO, LP",,Trailer,UNITED STATES (USA)
1N9310,7540,"KAASE TRAILERS, LLC",,Trailer,UNITED STATES (USA)
1N9311,7856,"NRG MANUFACTURING, INC.",,Trailer,UNITED STATES (USA)
1N9314,7408,NINTH CIRCLE CUSTOMS,,Motorcycle,UNITED STATES (USA)
1N9315,1653,NEXUS RVS LLC,,Trailer,
1N9316,7116,"NACOGDOCHES IRON WORKS, INC.",,Trailer,UNITED STATES (USA)
1N9317,7121,NORWALK PRECAST MOLDS INC.,,Trailer,UNITED STATES (USA)
1N9318,13453,"NILFISK ADVANCE, INC.",,Trailer,UNITED STATES (USA)
1N9322,6890,"NOMAD GLOBAL COMUNICATION SOLUTIONS (GCS), INC.",,Trailer,UNITED STATES (USA)
1N9323,6069,NJF MANUFACTURING LLC,,Trailer,UNITED STATES (USA)
1N9324,11943,"NATIONAL PUMP & COMPRESSOR, LTD",,Trailer,UNITED STATES (USA)
1N9326,11955,"NICHOLSON MANUFACTURING, INC. (NMI)",,Trailer,UNITED STATES (USA)
1N9328,7977,"NALCO FAB TECH, LLC",,Trailer,UNITED STATES (USA)
1N9329,7975,NLB CORP,,Trailer,UNITED STATES (USA)
1N9331,6995,NORTHWEST ALUMINUM TRAILERS,,Trailer,UNITED STATES (USA)
1N9334,6565,NEW AUTOS INC.,,Bus,UNITED STATES (USA)
1N9335,6565,NEW AUTOS INC.,,Bus,UNITED STATES (USA)
1N9336,6565,NEW AUTOS INC.,,Bus,UNITED STATES (USA)
1N9338,13579,DIVERSIFIED  PRODUCTS LLC,,Trailer,UNITED STATES (USA)
1N9339,6509,"NIAGARA FABRICATION, INC.",,Trailer,UNITED STATES (USA)
1N9343,7835,NEIGHBOR'S GARAGE,,Trailer,UNITED STATES (USA)
1N9344,7146,NEW WAVE TEARDROP CAMPERS LLC,,Trailer,UNITED STATES (USA)
1N9345,13772,"NORTH AMERICAN TANK, LLC",,Trailer,UNITED STATES (USA)
1N9346,7164,NORTHERN GOLF CARS INC,,Low Speed Vehicle (LSV),UNITED STATES (USA)
1N9347,11997,NEST CARAVANS,,Trailer,UNITED STATES (USA)
1N9348,13650,NEXT DOOR INC,,Trailer,UNITED STATES (USA)
1N9354,17946,BULL DAWG TRAILER COMPANY LLC,,Trailer,UNITED STATES (USA)
1N9359,14486,NILFISK PRESSURE-PRO LLC,,Trailer,UNITED STATES (USA)
1N9360,14941,NORWOOD SALES INC.,,Trailer,UNITED STATES (USA)
1N9361,15137,NASHUA HOMES OF IDAHO DBA NASHUA BUILDERS,,Trailer,UNITED STATES (USA)
1N9362,15016,NEXT STEP FAMILY OF PRODUCTS LLC,,Trailer,UNITED STATES (USA)
1N9364,15021,NATIONAL TRAILER INC,,Trailer,UNITED STATES (USA)
1N9367,15197,NAPPI FABRICATION DESIGNES,,Trailer,UNITED STATES (USA)
1N9368,15863,NU-GEN PRODUCT,,Trailer,UNITED STATES (USA)
1N9369,15858,NATIONAL TRUCK AND EQUIPMENT LLC,,Trailer,UNITED STATES (USA)
1N9371,16239,NEW BUCK CORPORATION,,Trailer,UNITED STATES (USA)
1N9372,16383,NEROWALKER BOATS LLC,,Trailer,UNITED STATES (USA)
1N9375,17214,"NORMCO ENERGY PRODUCTS, LLC",,Trailer,UNITED STATES (USA)
1N9377,19426,"NORTHSHORE TRUCK & EQUIPMENT CO., INC.",,Trailer,UNITED STATES (USA)
1N9378,17454,NU-WAVE UTITILY TRAILERS,,Trailer,UNITED STATES (USA)
1N9381,25908,NOBLE TRAILER MFG. LLC,,Trailer,
1N9382,17873,NTC DRIFT TRIKES LLC,,Motorcycle,UNITED STATES (USA)
1N9383,18080,"NUTHOUSE INDUSTRIES, LLC",,Trailer,UNITED STATES (USA)
1N9384,18454,NAVYA INC.,,Bus,UNITED STATES (USA)
1N9385,18808,"NURO, INC.",,Low Speed Vehicle (LSV),UNITED STATES (USA)
1N9386,18686,NEW MILLENNIUM BUILDERS / CURBSIDE CONCESSION,,Trailer,UNITED STATES (USA)
1N9390,19135,"NB4 BRAND LLC, DBA THE KINGSTAR COMPANY",,Trailer,UNITED STATES (USA)
1N9391,19933,"NATIONCRAFT, LLC",,Trailer,UNITED STATES (USA)
1N9392,15758,"NELSON INDUSTRIES, INC.",,Trailer,UNITED STATES (USA)
1N9393,19941,NIKOLA CORPORATION,,Truck,UNITED STATES (USA)
1N9394,19672,NORDSPIRE INDUSTRIES LLC DBA SPACE TRAILERS,,Trailer,UNITED STATES (USA)
1N9395,19735,NIMBUS AV INC.,,Motorcycle,UNITED STATES (USA)
1N9398,19820,NEW EDGE TECHNOLOGY SOLUTIONS,,Low Speed Vehicle (LSV),UNITED STATES (USA)
1N9400,19877,NICKS KNACKS,,Trailer,UNITED STATES (USA)
1N9402,19917,NEWSMITH TRAILERS,,Trailer,UNITED STATES (USA)
1N9403,19923,"NOLAN MANUFACTURING, LLC",,Trailer,UNITED STATES (USA)
1N9404,20265,NEW GENERATION TRAILERS LLC,,Trailer,UNITED STATES (USA)
1N9405,20046,NEWARK FOOD TRUCKS MANUFACTURE,,Trailer,UNITED STATES (USA)
1N9406,20076,NOMAD OFF ROAD,,Trailer,UNITED STATES (USA)
1N9407,19990,NEW BRAUNFELS TRAILER COMPANY,,Trailer,UNITED STATES (USA)
1N9409,20221,NATIONAL CUSTOM TRAILER,,Trailer,UNITED STATES (USA)
1N9411,7146,NEW WAVE TEARDROP CAMPERS LLC,,Trailer,UNITED STATES (USA)
1N9412,20375,NOLA TRAILERS LLC,,Trailer,UNITED STATES (USA)
1N9414,20568,NORTH STAR LOGISTICS LLC,,Trailer,
1N9416,20952,NEW VISION MANUFACTURING LLC,,Trailer,UNITED STATES (USA)
1N9417,20924,"NEW RIVER TRAILER CO, LLC",,Trailer,UNITED STATES (USA)
1N9420,21484,NEVAREZ CO LLC,,Trailer,
1N9421,21124,NORTHWEST EVERGREEN INNOVATIONS LLC,,Trailer,UNITED STATES (USA)
1N9423,15016,NEXT STEP FAMILY OF PRODUCTS LLC,,Low Speed Vehicle (LSV),
1N9424,21579,NORDIC LODGE INC.,,Trailer,
1N9425,21594,"NATIONAL TANK & EQUIPMENT, LLC",,Trailer,UNITED STATES (USA)
1N9426,20594,NEW CREATION TINY HOMES LLC,,Trailer,
1N9429,22032,NATIONAL MACHINERY & FABRICATION INC.,,Trailer,
1N9430,22171,NOAH TRADING LLC,,Trailer,UNITED STATES (USA)
1N9431,7116,"NACOGDOCHES IRON WORKS, INC.",,Trailer,
1N9435,22590,NEWTRAIL INDUSTRIES LLC,,Trailer,UNITED STATES (USA)
1N9436,22963,NATIONAL WELDING,,Trailer,
1N9438,22682,NEXT LEVEL INC,,Trailer,UNITED STATES (USA)
1N9440,22961,NOVIELLI BOAT BUILDERS INC,,Trailer,
1N9441,22230,NATURES GENERATOR INC.,,Trailer,UNITED STATES (USA)
1N9442,23067,NORDEN WELDING AND MACHINE,,Trailer,UNITED STATES (USA)
1N9443,23087,NORCOAST ASSETS INC,,Trailer,
1N9445,23323,NEXT LEVEL FABRICATION,,Trailer,UNITED STATES (USA)
1N9446,23321,NEVO ELECTRIC VEHICLES LLC,,Low Speed Vehicle (LSV),UNITED STATES (USA)
1N9447,23442,NOVAMAXA LLC,,Trailer,
1N9449,23607,NO SWEAT SERVICE GROUP INC.,,Trailer,
1N9450,23616,NORTHWEST TOWERS,,Trailer,
1N9451,23643,NORTHERN CARTS LLC,,Low Speed Vehicle (LSV),
1N9452,23654,"NEW RIVER MANUFACTURING, INC.",,Trailer,UNITED STATES (USA)
1N9453,23725,NICE FISH HOUSE LLC,,Trailer,UNITED STATES (USA)
1N9456,23761,NV MOTOR GROUP,,Low Speed Vehicle (LSV),UNITED STATES (USA)
1N9457,24017,NEW ENGLAND LOW SPEED VEHICLE,,Low Speed Vehicle (LSV),UNITED STATES (USA)
1N9458,3387,NICHOLS TRUCK BODIES INC,,Trailer,UNITED STATES (USA)
1N9460,24326,NORIAS AGGREGATE LLC,,Trailer,
1N9462,24641,NEXGEN TRAILER MFG,,Trailer,
1N9463,24745,NOMAD CUSTOM SAUNA,,Trailer,
1N9464,24819,NEO CAMPER LLC,,Trailer,
1N9465,24717,"NEXUS MOTORS, INC.",,Trailer,
1N9468,24926,NOVA CUSTOM TRAILERS INC,,Trailer,
1N9471,25111,NORTHUP SAUNAS LLC,,Trailer,UNITED STATES (USA)
1N9473,25396,NELSON RUIZ TRAILERS,,Trailer,
1N9475,25421,NORTH STAR ELECTRIC VEHICLES,,Low Speed Vehicle (LSV),
1N9479,25702,NORRIS MANUFACTURING,,Trailer,
1N9481,25794,NGC MANUFACTURING,,Low Speed Vehicle (LSV),UNITED STATES (USA)
1N9483,25801,NARANJO'S METAL SUPPLY,,Trailer,UNITED STATES (USA)
1N9GPM,8823,NEW GENERATION PARK MODELS INC.,,Trailer,UNITED STATES (USA)
1N9NPM,11118,"NORTH PARK MANUFACTURING, INC.",,Trailer,UNITED STATES (USA)
1N9NRH,10060,"NEW RIVER HOMES, LLC",,Trailer,UNITED STATES (USA)
1NB,12771,HOG HAULER INC,HOG HAULER INC,Trailer,UNITED STATES (USA)
1NE,10436,NEWMAR CORPORATION,KOUNTRY AIRE,Trailer,UNITED STATES (USA)
1NF,10436,NEWMAR CORPORATION,"NEWMAR CORPORATION, KOUNTRY AIRE",Trailer,UNITED STATES (USA)
1NK,1032,KENWORTH TRUCK COMPANY,KENWORTH,Incomplete Vehicle,UNITED STATES (USA)
1NL,5351,"GULF STREAM COACH, INC.","GULF STREAM COACH, INC.",Trailer,UNITED STATES (USA)
1NN,15472,EVANS PRODUCTS COMPANY,MONON,Trailer,UNITED STATES (USA)
1NP,1033,PETERBILT MOTORS COMPANY,PETERBILT,Incomplete Vehicle,UNITED STATES (USA)
1NS,15341,SPORTSMAN TRAILERS,SPORTSMAN TRAILERS,Trailer,UNITED STATES (USA)
1NT,2918,"NABORS TRAILERS, INC.","NABORS TRAILERS, INC.",Trailer,UNITED STATES (USA)
1NW,3427,"NU WA INDUSTRIES, INC.","NU WA INDUSTRIES, INC.",Trailer,UNITED STATES (USA)
1NX,1062,"NEW UNITED MOTOR MANUFACTURING, INC.",TOYOTA,Passenger Car,UNITED STATES (USA)
1P3,994,FCA US LLC,PLYMOUTH,Passenger Car,UNITED STATES (USA)
1P4,994,FCA US LLC,PLYMOUTH,Multipurpose Passenger Vehicle (MPV),UNITED STATES (USA)
1P5,994,FCA US LLC,PLYMOUTH,Bus,UNITED STATES (USA)
1P6,994,FCA US LLC,PLYMOUTH,Incomplete Vehicle,UNITED STATES (USA)
1P7,994,FCA US LLC,PLYMOUTH,Truck,UNITED STATES (USA)
1P9002,2274,PIERCE MANUFACTURING COMPANY,,Trailer,UNITED STATES (USA)
1P9003,3134,"PALMER MACHINE WORKS, INC.",,Trailer,UNITED STATES (USA)
1P9009,8279,PERFORMANCE TRAILERS,,Trailer,UNITED STATES (USA)
1P9010,2278,"PILGRIM MANUFACTURING CO., INC.",,Trailer,UNITED STATES (USA)
1P9038,15386,HAWK VEHICLES INC,,Motorcycle,UNITED STATES (USA)
1P9044,8279,PERFORMANCE TRAILERS,,Trailer,UNITED STATES (USA)
1P9045,17706,PIONA'S MACHINE & FAB,,Trailer,UNITED STATES (USA)
1P9048,15293,"PAULI COOLING SYSTEMS, INC",,Trailer,UNITED STATES (USA)
1P9049,8350,"PHENIX ENTERPRISES, INC.",,Trailer,UNITED STATES (USA)
1P9059,5763,P & T PALMER INC,,Trailer,UNITED STATES (USA)
1P9061,3444,PDI TORAX SYSTEMS,,Trailer,UNITED STATES (USA)
1P9064,8150,PROCESS ENGINEERING INC.,,Trailer,UNITED STATES (USA)
1P9065,15464,"DAYTONA COACH BUILDERS, INC",,Passenger Car,UNITED STATES (USA)
1P9068,15302,PITTSVILLE HOMES INC,,Trailer,UNITED STATES (USA)
1P9071,15296,"PETROFAB, INC",,Trailer,UNITED STATES (USA)
1P9073,1124,PIERCE MANUFACTURING INC.,,Trailer,UNITED STATES (USA)
1P9074,15298,PHOENIX GARAGE,,Trailer,UNITED STATES (USA)
1P9075,15299,PIONEER MACHINERY INC,,Trailer,UNITED STATES (USA)
1P9079,15294,"PERRY COMPETITION, INC",,Trailer,UNITED STATES (USA)
1P9082,15307,SILVERCREST INDUSTRIES INC,,Trailer,UNITED STATES (USA)
1P9084,15292,"PARKVIEW MANSIONS, INC",,Trailer,UNITED STATES (USA)
1P9086,13451,POLY CAL PLASTICS INC,,Trailer,UNITED STATES (USA)
1P9090,2444,"PETERSON INDUSTRIES, INC.",,Trailer,UNITED STATES (USA)
1P9091,15304,PLUNKETT TRAILER SALES,,Trailer,UNITED STATES (USA)
1P9092,2283,PAK-MOR MANUFACTURING COMPANY,,Trailer,UNITED STATES (USA)
1P9096,15295,PERRY ENT.,,Trailer,UNITED STATES (USA)
1P9098,10213,PEERLESS MANUFACTURING COMPANY,,Trailer,UNITED STATES (USA)
1P9099,24001,PHOENIX COACH WORKS INC.,,Trailer,UNITED STATES (USA)
1P9103,15289,"PACIFIC ENERGY SYSTEMS, INC",,Trailer,UNITED STATES (USA)
1P9110,13576,PACESETTER BOAT CO.,,Trailer,UNITED STATES (USA)
1P9113,18078,PUTNAM MANUFACTURING,,Trailer,UNITED STATES (USA)
1P9114,18324,PUMPS INCORPORATED,,Trailer,UNITED STATES (USA)
1P9124,5542,"DONOVAN EQUIPMENT CO., INC.",,Trailer,UNITED STATES (USA)
1P9139,2562,T.A. PELSUE COMPANY,,Trailer,UNITED STATES (USA)
1P9142,17912,"POMONA SHEET METAL WORKS, INC.",,Trailer,UNITED STATES (USA)
1P9146,17829,POWER EQUIPMENT CO.,,Trailer,UNITED STATES (USA)
1P9149,17911,PAUL MANUFACTURING,,Trailer,UNITED STATES (USA)
1P9153,17845,PRO SPORTSMAN INC.,,Trailer,UNITED STATES (USA)
1P9161,4309,PINE HILL TRAILERS INC,,Trailer,UNITED STATES (USA)
1P9162,18128,PALM MANUFACTURING AND SALES,,Trailer,UNITED STATES (USA)
1P9172,17996,"PHOENIX INDUSTRIES & APPARATUS, INC.",,Trailer,UNITED STATES (USA)
1P9174,18003,P & P MANUFACTURING,,Trailer,UNITED STATES (USA)
1P9175,8148,PRO-TEC TRAILERS,,Trailer,UNITED STATES (USA)
1P9178,17266,PARKER INDUSTRIES,,Trailer,UNITED STATES (USA)
1P9184,18126,"PHOENIX MODULAR R.V., INC.",,Trailer,UNITED STATES (USA)
1P9190,4605,POLAR KING INTERNATIONAL INC,,Trailer,UNITED STATES (USA)
1P9195,16967,PENDERGRAFT TRAILERS,,Trailer,UNITED STATES (USA)
1P9196,18201,PADGETT TRUCK BODIES AND EQUIPMENT,,Trailer,UNITED STATES (USA)
1P9206,10432,TEXAS ROLL-BACK TRAILERS,,Trailer,UNITED STATES (USA)
1P9210,16662,PERFORMANCE FABRICATING,,Trailer,UNITED STATES (USA)
1P9211,16725,PACIFIC INDUSTRIAL SUPPLY,,Trailer,UNITED STATES (USA)
1P9212,8095,PRECISION FABRICATING & CLEANING,,Trailer,UNITED STATES (USA)
1P9213,3146,PANOZ AUTO DEVELOPMENT CORPORATION,,Passenger Car,UNITED STATES (USA)
1P9215,16732,PAYNE'S TRAILER,,Trailer,UNITED STATES (USA)
1P9217,16709,POTTER & SON TRAILER FABRICATING INC,,Trailer,UNITED STATES (USA)
1P9224,4609,"PREMIER INDUSTRIES, INC",,Trailer,UNITED STATES (USA)
1P9227,16959,PROLITE TRAILERS,,Trailer,UNITED STATES (USA)
1P9228,16890,"PARKWEST INDUSTRIES, INC.",,Trailer,UNITED STATES (USA)
1P9239,5893,"TOP TRAILERS SALES, INC.",,Trailer,UNITED STATES (USA)
1P9243,16837,P/TAC INDUSTRIES INC,,Trailer,UNITED STATES (USA)
1P9244,3458,PEMCO EQUIPMENT COMPANY,,Trailer,UNITED STATES (USA)
1P9246,16836,PLS TRAILER MANUFACTURING,,Trailer,UNITED STATES (USA)
1P9247,8341,PETROSSI WELDING,,Trailer,UNITED STATES (USA)
1P9248,16808,PRECISION WELDING,,Trailer,UNITED STATES (USA)
1P9249,8029,PRECISION COACH INC.,,Bus,UNITED STATES (USA)
1P9250,3154,PARAGON ENVIROMENTAL SYSTEMS,,Trailer,UNITED STATES (USA)
1P9254,16910,"PIONEER METAL WORKS, INC",,Trailer,UNITED STATES (USA)
1P9260,17351,"PIONEER FABRICATING, INC",,Trailer,UNITED STATES (USA)
1P9277,19305,"PRO-TAINER, INC.",,Trailer,UNITED STATES (USA)
1P9278,8171,PULVER RACE FAB,,Trailer,UNITED STATES (USA)
1P9297,18749,PROGRESSIVE INDUSTRIES INC.,,Trailer,UNITED STATES (USA)
1P9301,8099,"HILL AND SMITH, INC.",,Trailer,UNITED STATES (USA)
1P9317,14178,ASPHALT ZIPPER INC.,,Trailer,UNITED STATES (USA)
1P9318,8152,PRODUCTION WELDING,,Trailer,UNITED STATES (USA)
1P9322,10894,PAIUTE TRAILERS,,Trailer,UNITED STATES (USA)
1P9327,8156,PROFILE TRAILERS,,Trailer,UNITED STATES (USA)
1P9330,3907,"PUTZMEISTER AMERICA, INC.",,Trailer,UNITED STATES (USA)
1P9332,3150,PANZER MOTORCYCLE WORKS  LLC,,Motorcycle,UNITED STATES (USA)
1P9333,4310,PINE RIDGE INC,,Trailer,UNITED STATES (USA)
1P9336,8732,PRO-ONE QUALITY ACCESSORIES & CUSTOM MOTORCYCLES,,Motorcycle,UNITED STATES (USA)
1P9338,15650,"PEGASUS VANS AND TRAILERS, INC",,Trailer,UNITED STATES (USA)
1P9339,8166,"PRYCO, INC.",,Trailer,UNITED STATES (USA)
1P9340,8101,"PREMIER COACHBUILDERS, INC.",,Trailer,UNITED STATES (USA)
1P9343,8027,PRATT INDUSTRIES (US) LLC,,Trailer,UNITED STATES (USA)
1P9344,8364,PHOENIX USA IMPEX INC,,Motorcycle,UNITED STATES (USA)
1P9345,17066,PRECISION METAL WORKS & FABRICATION,,Trailer,UNITED STATES (USA)
1P9351,2443,"PETERSON BUILT PRODUCTS, INC.",,Trailer,UNITED STATES (USA)
1P9353,3448,"PEAK FABRICATIONS, INC.",,Trailer,UNITED STATES (USA)
1P9355,8103,PREMIER TRAILER MANUFACTURING INC.,,Trailer,UNITED STATES (USA)
1P9356,8021,"POWER SLED MOTORCYCLES, INC.",,Motorcycle,UNITED STATES (USA)
1P9361,3456,PELTZER ENTERPRISES,,Trailer,UNITED STATES (USA)
1P9364,17081,"PLEASANT VALLEY TRAILERS, INC.",,Trailer,UNITED STATES (USA)
1P9369,6000,PAUL THUN'S CUSTOM WELDING (PCW),,Trailer,UNITED STATES (USA)
1P9370,4296,"PLAY PEN PRODUCTS, INC.",,Trailer,UNITED STATES (USA)
1P9376,8097,PRECISION HUSKY CORPORATION,,Trailer,UNITED STATES (USA)
1P9393,8147,"PRO-STREET FRAMEWORKS, LLC",,Motorcycle,UNITED STATES (USA)
1P9400,17399,PRECISION-BILT TRAILERS,,Trailer,UNITED STATES (USA)
1P9402,19566,"PINE HILL MANUFACTURING, LLC",,Trailer,UNITED STATES (USA)
1P9405,3142,PANELLA TRAILERS,,Trailer,UNITED STATES (USA)
1P9407,8165,"PROWELD, LLC.",,Trailer,UNITED STATES (USA)
1P9409,8280,"PERFORMANCE TRAILERS, INC.",,Trailer,UNITED STATES (USA)
1P9411,13559,PIKE EQUIPMENT & SUPPLY,,Trailer,UNITED STATES (USA)
1P9412,3140,PAMLICO TRAILERS,,Trailer,UNITED STATES (USA)
1P9416,4608,POLK'S FARM & FAB,,Trailer,UNITED STATES (USA)
1P9417,8714,PATRIOT MOTORCYCLE CORPORATION,,Motorcycle,UNITED STATES (USA)
1P9418,8348,"PHASE II TRUCK BODY, INC.",,Trailer,UNITED STATES (USA)
1P9420,3455,"PELTZ MAUNFACTURING, INC.",,Trailer,UNITED STATES (USA)
1P9422,17392,PETENWELL INDUSTRIES LLC,,Trailer,UNITED STATES (USA)
1P9424,8020,POWER MANUFACTURING INC.,,Trailer,UNITED STATES (USA)
1P9427,3155,PARAMOUNT CUSTOM CYCLES,,Motorcycle,UNITED STATES (USA)
1P9432,8162,PROTOW TRAILERS,,Trailer,UNITED STATES (USA)
1P9433,8023,POWER & CHROME,,Motorcycle,UNITED STATES (USA)
1P9434,3149,PANTHER TRAILERS INC,,Trailer,UNITED STATES (USA)
1P9435,13559,PIKE EQUIPMENT & SUPPLY,,Trailer,UNITED STATES (USA)
1P9437,8030,PRECISION CYCLE WORKS,,Motorcycle,UNITED STATES (USA)
1P9441,8342,PETTY BUILT MFG,,Trailer,UNITED STATES (USA)
1P9442,5995,PACIFIC METAL ENTERPRISES,,Trailer,UNITED STATES (USA)
1P9443,8362,PHOENIX SPORTS CARS INC,,Passenger Car,UNITED STATES (USA)
1P9444,6002,PAUL'S TRAILER'S & MANUFACTURING,,Trailer,UNITED STATES (USA)
1P9445,21122,POSI-PLUS TECHNOLOGIES INC.,,Trailer,UNITED STATES (USA)
1P9446,12875,GILCREST EQUIPMENT CO,,Trailer,UNITED STATES (USA)
1P9449,15803,"POLY-COAT SYSTEMS, INC",,Trailer,UNITED STATES (USA)
1P9450,17534,PENDU MFG INC,,Trailer,UNITED STATES (USA)
1P9452,7475,NEW PECO INC.,,Trailer,UNITED STATES (USA)
1P9453,15177,PLYMOUTH FEED CO,,Trailer,UNITED STATES (USA)
1P9456,2355,PLAYMAKER RV INC,,Trailer,UNITED STATES (USA)
1P9457,9712,"PILGRIM INTERNATIONAL, INC.",,Trailer,UNITED STATES (USA)
1P9458,3293,"PAUGHCO MC, LLC",,Motorcycle,UNITED STATES (USA)
1P9459,10369,PRO WELDING & FABRICATING,,Trailer,UNITED STATES (USA)
1P9460,4613,PRIME TRAILER PRODUCTS INC,,Trailer,UNITED STATES (USA)
1P9461,3925,PILLING'S F.R.P. INC,,Trailer,UNITED STATES (USA)
1P9462,17141,PARADISE TRAILERS MANUFACTURERS,,Trailer,UNITED STATES (USA)
1P9463,11316,PITBULL MOTORSPORTS LTD. CO.,,Motorcycle,UNITED STATES (USA)
1P9466,8358,PHOENIX MOTORCARS LLC,,Truck,UNITED STATES (USA)
1P9468,5993,PACIFIC COAST RV INC,,Trailer,UNITED STATES (USA)
1P9469,8016,POTOMAC RV,,Trailer,UNITED STATES (USA)
1P9470,13413,PACIFIC-TEK,,Trailer,UNITED STATES (USA)
1P9471,9356,"PLOT USA, INC.",,Motorcycle,UNITED STATES (USA)
1P9472,6001,"PAUL YAFFE ORIGINALS LLC,PAUL YAFFE DESIGNS INC., AM. LEGEND MOTORCYCLE CO.",,Motorcycle,UNITED STATES (USA)
1P9473,8170,PULLRIGHT TRAILERS INC,,Trailer,UNITED STATES (USA)
1P9476,17671,PARK N' RIDE TRAILERS,,Trailer,UNITED STATES (USA)
1P9477,3139,PALOMINO MANUFACTURING CORPORATION,,Trailer,UNITED STATES (USA)
1P9480,2356,"PLEASANT HILLS, LLC.",,Trailer,UNITED STATES (USA)
1P9481,8358,PHOENIX MOTORCARS LLC,,Passenger Car,UNITED STATES (USA)
1P9484,2293,PITTSBURGH MOTORCYCLE WORKS,,Motorcycle,UNITED STATES (USA)
1P9487,2273,PIEDMONT SERVICE TRUCKS,,Trailer,UNITED STATES (USA)
1P9488,8158,PROJECT X CHOPPERS,,Motorcycle,UNITED STATES (USA)
1P9489,8159,PROLINE PRODUCTS LLC,,Trailer,UNITED STATES (USA)
1P9490,10365,PREMIER TRAILERS,,Trailer,UNITED STATES (USA)
1P9491,17661,PREDATOR MOTORCYCLE COMPANY,,Motorcycle,UNITED STATES (USA)
1P9505,9057,PREFERRED CYCLES INC.,,Motorcycle,UNITED STATES (USA)
1P9506,11542,P & A TRAILERS,,Trailer,UNITED STATES (USA)
1P9507,10923,"PACKER INDUSTRIES, INC.",,Trailer,UNITED STATES (USA)
1P9509,11260,PROGRESS TANK,,Trailer,UNITED STATES (USA)
1P9514,16452,PETTY TRAILERS,,Trailer,UNITED STATES (USA)
1P9517,8593,PULL-WRIGHT TRAILERS & RANCH EQUIPMENT,,Trailer,UNITED STATES (USA)
1P9518,9015,PANTHER MOTORS INC,,Motorcycle,UNITED STATES (USA)
1P9521,13484,PITT'S & SPITT'S LLC,,Trailer,UNITED STATES (USA)
1P9522,8832,PROPER CHOPPER INC.,,Motorcycle,UNITED STATES (USA)
1P9523,13561,"POND KING, INC.",,Trailer,UNITED STATES (USA)
1P9526,8819,PEREWITZ CUSTOMS,,Motorcycle,UNITED STATES (USA)
1P9528,13436,"PRO TILT , LLC",,Trailer,UNITED STATES (USA)
1P9529,9922,PRO LITE TRAILER INC. USA,,Trailer,UNITED STATES (USA)
1P9530,9474,PROGRESSIVE DESIGNS,,Motorcycle,UNITED STATES (USA)
1P9531,9252,PRIEST MOTOR CORP.,,Motorcycle,UNITED STATES (USA)
1P9534,1401,POWERSECURE INC.,,Trailer,UNITED STATES (USA)
1P9535,9671,"PHAT CUSTOM CYCLES, INC.",,Motorcycle,UNITED STATES (USA)
1P9538,10633,"PRECISION PERFORMANCE MOTORCYCLES, LLC",,Motorcycle,UNITED STATES (USA)
1P9539,9482,"PREMIER NORTHWEST, LLC",,Trailer,UNITED STATES (USA)
1P9542,11782,"PT WELDING, LLC",,Trailer,UNITED STATES (USA)
1P9543,9901,PICK A SPOT,,Trailer,UNITED STATES (USA)
1P9545,10644,PLEASANT VALLEY TEARDROP TRAILERS LLC,,Trailer,UNITED STATES (USA)
1P9546,17225,PRECIOUS METAL CUSTOMS INC.,,Motorcycle,UNITED STATES (USA)
1P9549,11316,PITBULL MOTORSPORTS LTD. CO.,,Motorcycle,UNITED STATES (USA)
1P9550,11236,PMD MOTORCYCLES,,Motorcycle,UNITED STATES (USA)
1P9552,10684,PORTAFRAME INC.,,Trailer,UNITED STATES (USA)
1P9554,9693,PRECISION EQUIPMENT MANUFACTURING,,Trailer,UNITED STATES (USA)
1P9555,9278,"POWERS AUTO & CUSTOM BIKES, INC.",,Motorcycle,UNITED STATES (USA)
1P9556,8647,"PRO FAB IND., INC.",,Trailer,UNITED STATES (USA)
1P9558,13494,PRO CYCLES & ACCESSORIES,,Motorcycle,UNITED STATES (USA)
1P9562,10871,"POWER PLAY RV, LLC",,Trailer,UNITED STATES (USA)
1P9563,10872,"PROHAULER TRAILER, INC.",,Trailer,UNITED STATES (USA)
1P9566,10250,PHANTOM CHOPPERS,,Motorcycle,UNITED STATES (USA)
1P9569,10718,"PURE HELL CUSTOMS, INC.",,Motorcycle,UNITED STATES (USA)
1P9570,10267,PRECISION CUSTOM TRAILERS,,Trailer,UNITED STATES (USA)
1P9572,10458,PROFORM TRAILERS INC.,,Trailer,UNITED STATES (USA)
1P9577,9973,P.B. CHOPPERS INC,,Motorcycle,UNITED STATES (USA)
1P9579,10027,"POL-TECH MANUFACTORY, CORPORATION",,Trailer,UNITED STATES (USA)
1P9581,10651,PEORIA COOKERS LLC,,Trailer,UNITED STATES (USA)
1P9585,11355,"POWER FACTORY, INC.",,Motorcycle,UNITED STATES (USA)
1P9587,10708,"PROGRESSIVE TRAILERS, LLC",,Trailer,UNITED STATES (USA)
1P9588,8446,PRECISION MOTORCYCLE CONCEPTS,,Motorcycle,UNITED STATES (USA)
1P9589,10227,PORKYS CHOPPER CO.,,Motorcycle,UNITED STATES (USA)
1P9590,1309,"PATRIOT ENERGY SERVICES, LLC",,Truck,UNITED STATES (USA)
1P9591,7790,"PREMIER PUMP AND POWER, LLC",,Trailer,UNITED STATES (USA)
1P9592,6583,PRO-FORMANCE MANUFACTING INC.,,Trailer,UNITED STATES (USA)
1P9593,9347,PATRIOT MANUFACTURING LLC,,Trailer,UNITED STATES (USA)
1P9594,10728,PALM HARBOR HOMES,,Trailer,UNITED STATES (USA)
1P9597,11201,"PRO-TECH FABRICATORS, INC.",,Trailer,UNITED STATES (USA)
1P9600,11394,PITS BY JJ,,Trailer,UNITED STATES (USA)
1P9601,11563,"PRO FISH ENTERPRISES, LLC",,Trailer,UNITED STATES (USA)
1P9602,10930,POWER UP MOBILE EQUIPMENT & TRAILERS,,Trailer,UNITED STATES (USA)
1P9603,10745,"PROTECTED VEHICLES, INC.",,Truck,UNITED STATES (USA)
1P9607,11417,PSYCLES-INC.,,Motorcycle,UNITED STATES (USA)
1P9608,13481,PHOENIX GLOBAL,,Trailer,UNITED STATES (USA)
1P9609,9296,"PLACER FIRE EQUIPMENT, INC.",,Trailer,UNITED STATES (USA)
1P9610,11780,PULLMAN MODULAR INDUSTRIES,,Trailer,UNITED STATES (USA)
1P9611,8529,"PROBILT BODY & TRAILER, INC.",,Trailer,UNITED STATES (USA)
1P9612,9760,"PHOENIX MOTORCYCLE WORKS, INC.",,Motorcycle,UNITED STATES (USA)
1P9616,13844,PRO X TRAILERS,,Trailer,UNITED STATES (USA)
1P9617,7563,"PREMIER TRAILER, INC.",,Trailer,UNITED STATES (USA)
1P9618,9365,"PARK CITY CHOPPER ""WHERE COWBOYS RIDE STEEL"" LLC",,Motorcycle,UNITED STATES (USA)
1P9619,9109,PREDATOR CUSTOM TRAILERS AND MOTORCOACHS INC.,,Trailer,UNITED STATES (USA)
1P9620,9316,"PERSONAL TRAILERS, INC.",,Trailer,UNITED STATES (USA)
1P9622,8485,"PIONEER PUMP, INC.",,Trailer,UNITED STATES (USA)
1P9624,6235,PACIFIC ALOHA INNOVATIONS,,Motorcycle,UNITED STATES (USA)
1P9626,7004,PURDYBILT BY UPSCO LLC,,Trailer,UNITED STATES (USA)
1P9628,18272,PBCLV INC,,Motorcycle,UNITED STATES (USA)
1P9629,7699,PREMIER FABRICATING INC.,,Trailer,UNITED STATES (USA)
1P9630,1590,PRECISION CUSTOM TRAILERS LLC,,Trailer,UNITED STATES (USA)
1P9631,7582,"P & S MACHINE, INC.",,Trailer,UNITED STATES (USA)
1P9632,12043,PROFESSIONAL WELDING CO.,,Trailer,UNITED STATES (USA)
1P9634,7704,PIN OAK SERVICE COMPANY INC.,,Trailer,UNITED STATES (USA)
1P9635,6656,PHOENIX TRAILERS INC.,,Trailer,UNITED STATES (USA)
1P9636,7029,"PALMETTO PRECISION MACHINING, INC.",,Trailer,UNITED STATES (USA)
1P9640,11874,"FTEC, INC.",,Trailer,UNITED STATES (USA)
1P9641,14002,"PLUTCHAK FAB, LLC",,Trailer,UNITED STATES (USA)
1P9642,6407,PRECISION BOATWORKS,,Trailer,UNITED STATES (USA)
1P9644,6132,PARKER TRAILERS,,Trailer,UNITED STATES (USA)
1P9645,3457,PEMBERTON FABRICATORS INC.,,Trailer,UNITED STATES (USA)
1P9646,11903,"POWER PRODUCTS, LLC",,Trailer,UNITED STATES (USA)
1P9649,6916,"PRATT & WHITNEY POWER SYSTEMS, INC.",,Trailer,UNITED STATES (USA)
1P9650,1485,"PADDLE KING, INC.",,Trailer,UNITED STATES (USA)
1P9651,6722,"PREBOLA PRODUCTS COMPANY, INC.",,Trailer,UNITED STATES (USA)
1P9652,13492,PRIEFERT MFG.CO.INC,,Trailer,UNITED STATES (USA)
1P9653,6885,"POKER CLOTHING, INC. DBA WARRIOR LIFESTYLES",,Trailer,UNITED STATES (USA)
1P9654,6934,ALAN AUTOSPORTS,,Passenger Car,UNITED STATES (USA)
1P9655,1555,"PRIMUS STEEL SOLUTIONS, INC.",,Trailer,UNITED STATES (USA)
1P9657,1486,"PALMER INDUSTRIES, INC.",,Motorcycle,UNITED STATES (USA)
1P9660,20645,PALS MFG. LLC,,Trailer,UNITED STATES (USA)
1P9661,12196,PROGRESS SOLAR SOLUTIONS,,Trailer,UNITED STATES (USA)
1P9662,7446,"PAUL JR DESIGNS, LLC",,Motorcycle,UNITED STATES (USA)
1P9663,6925,"PELLETIER MANUFACTURING, INC.",,Trailer,UNITED STATES (USA)
1P9664,12198,PRAIRIE CREEK MFG. LLC,,Trailer,UNITED STATES (USA)
1P9665,12204,PETERSON TRAILERS,,Trailer,UNITED STATES (USA)
1P9667,7468,PARKER UTILITY PRODUCTS,,Trailer,UNITED STATES (USA)
1P9668,7036,"PERKINS-T.P. TRAILERS, INC.",,Trailer,UNITED KINGDOM (UK)
1P9670,7527,PECK MANUFACTURING LLC,,Trailer,UNITED STATES (USA)
1P9673,7078,"PREMIER FABRICATORS, LLC",,Trailer,UNITED STATES (USA)
1P9674,7092,"PJ WOODWORK, LLC",,Trailer,UNITED STATES (USA)
1P9675,7085,PURPLE CHOPPER LLC,,Motorcycle,UNITED STATES (USA)
1P9676,7916,PARKER BROTHER CHOPPERS INC.,,Motorcycle,UNITED STATES (USA)
1P9677,7402,"APEX STAGES A DIVISION OF PROGRESSIVE PRODUCTS, INC.",,Trailer,UNITED STATES (USA)
1P9678,7926,PERFORMANCE INDIAN,,Motorcycle,UNITED STATES (USA)
1P9679,7863,"PARK LINER, INC.",,Trailer,UNITED STATES (USA)
1P9681,7918,"PHOTO-SONICS, INC.",,Trailer,UNITED STATES (USA)
1P9682,7914,"PEARSON AND PEARSON ENTERPRISES, INC",,Trailer,UNITED STATES (USA)
1P9683,11930,PRECISE METAL WELDING,,Trailer,UNITED STATES (USA)
1P9684,7260,"P & K DEVELOPMENT GROUP, LLC",,Trailer,UNITED STATES (USA)
1P9685,7757,"PACIFIC TANK & ENERGY, LLC",,Trailer,UNITED STATES (USA)
1P9687,1455,"P.D.Q. METAL FABRICATION, INC.",,Trailer,UNITED STATES (USA)
1P9688,6193,PERRIN MFG. INC.,,Trailer,UNITED STATES (USA)
1P9689,6195,ADMIRAL TRAILERS,,Trailer,UNITED STATES (USA)
1P9691,11964,PROFICIENT FABRICATION & CONSULTING CO.,,Trailer,UNITED STATES (USA)
1P9692,6538,PRO DOG CREATIONS,,Motorcycle,UNITED STATES (USA)
1P9695,11937,"PIK RITE, INC.",,Trailer,UNITED STATES (USA)
1P9696,12117,"PEAK MANUFACTURING, LLC",,Trailer,UNITED STATES (USA)
1P9699,11968,PIEDMONT CUSTOM TRAILERS,,Trailer,UNITED STATES (USA)
1P9700,12086,"PARAGON MOTORCYCLES, LLC DBA JANUS MOTORCYCLES",,Motorcycle,UNITED STATES (USA)
1P9704,13816,"PUCK CUSTOM ENTERPRISES, INC.",,Trailer,UNITED STATES (USA)
1P9705,12113,PRECISION LASER & MFG LLC,,Trailer,UNITED STATES (USA)
1P9706,7987,"PETRO2GO, LLC",,Trailer,UNITED STATES (USA)
1P9708,12216,"PEDAL CRAWLER, LLC",,Motorcycle,UNITED STATES (USA)
1P9712,6346,PENN JERSEY CYCLES LLC,,Motorcycle,UNITED STATES (USA)
1P9714,6033,"VIPER USA, INC.",,Trailer,UNITED STATES (USA)
1P9717,13482,PITBULL FABRICATION,,Trailer,UNITED STATES (USA)
1P9718,7356,PORT-A-COOL LLC,,Trailer,UNITED STATES (USA)
1P9719,6592,"PALM BEACH GOLF CARS, LLC",,Low Speed Vehicle (LSV),UNITED STATES (USA)
1P9723,6567,"PLATINUM COTTAGES, LLC",,Trailer,UNITED STATES (USA)
1P9724,5765,"P C INDUSTRIES, LLC",,Trailer,UNITED STATES (USA)
1P9725,7666,"POWER DYNAMICS, LLC",,Trailer,UNITED STATES (USA)
1P9726,7373,PAVER MOTORCYCLES LLC,,Motorcycle,UNITED STATES (USA)
1P9727,6587,"PEAK INDUSTRIES, INC.",,Trailer,UNITED STATES (USA)
1P9731,16503,PRO PULL,,Trailer,UNITED STATES (USA)
1P9733,15701,PRIVATE PROPERTIES LLC,,Trailer,UNITED STATES (USA)
1P9736,14006,PEACHLAND DESIGN AND FABRICATION,,Trailer,UNITED STATES (USA)
1P9737,7819,PORTLAND VINTAGE TRAILER WORKS LLC,,Trailer,UNITED STATES (USA)
1P9738,6948,PINE CONE LOW SPEED LLC,,Low Speed Vehicle (LSV),UNITED STATES (USA)
1P9741,6991,"PHILLIPS DIVERSIFIED MANUFACTURING, INC.",,Trailer,UNITED STATES (USA)
1P9742,6994,PETROBULL SALES LLC,,Trailer,UNITED STATES (USA)
1P9743,7136,PRECISION TRAILERS LLC,,Trailer,UNITED STATES (USA)
1P9746,7306,"PEERSOUTH, INC.",,Trailer,UNITED STATES (USA)
1P9747,15123,PINNACLE POWER SERVICES INC.,,Trailer,UNITED STATES (USA)
1P9749,21169,"PRODUCTION TECHNOLOGIES, INC",,Trailer,UNITED STATES (USA)
1P9750,13649,TEARDROPS NW INC.,,Trailer,UNITED STATES (USA)
1P9751,1053,"PETE'S GOLF CARTS, LLC",,Low Speed Vehicle (LSV),UNITED STATES (USA)
1P9754,13735,PACIFIC COACHWORKS LLC,,Trailer,UNITED STATES (USA)
1P9755,16818,PACKUP TRAILERS,,Trailer,UNITED STATES (USA)
1P9756,13704,PECRU GROUP LLC,,Trailer,UNITED STATES (USA)
1P9759,13570,PALMER'S WELDING & FABRICATION LLC.,,Trailer,UNITED STATES (USA)
1P9762,16410,PURGATORY TOWING INC.,,Trailer,UNITED STATES (USA)
1P9763,13972,PARADISE POWER SPORTS LLC,,Low Speed Vehicle (LSV),UNITED STATES (USA)
1P9764,14013,POP'S LSV'S,,Low Speed Vehicle (LSV),UNITED STATES (USA)
1P9765,14202,PIERPONT ENERGY,,Trailer,UNITED STATES (USA)
1P9766,14318,PRUITT EQUIPMENT LLC,,Trailer,UNITED STATES (USA)
1P9768,2357,"PLEASANT VALLEY HOMES, INC. D/B/A FORK CREEK",,Trailer,UNITED STATES (USA)
1P9772,13803,PURPLE LINE LLC,,Trailer,UNITED STATES (USA)
1P9776,15759,"PRO WEST MECHANICAL, INC.",,Trailer,UNITED STATES (USA)
1P9779,15994,PACK MULE CAMPERS,,Trailer,UNITED STATES (USA)
1P9782,17208,PERKGANA LLC - DBA HIVE TRAILERS,,Trailer,UNITED STATES (USA)
1P9784,16346,PURDY ADVENTURE TEARDROP TRAILERS LLC,,Trailer,UNITED STATES (USA)
1P9787,16434,PORTABOARDS ENTERPRISES LLC,,Trailer,UNITED STATES (USA)
1P9790,19059,PEAK OUTDOORS LLC,,Trailer,UNITED STATES (USA)
1P9792,17425,"PREMIER COIL SOLUTIONS, INC.",,Trailer,UNITED STATES (USA)
1P9793,17131,"PATRIOT STEEL FABRICATION, INC.",,Trailer,UNITED STATES (USA)
1P9794,16789,PRODUCTION AUTOMOTIVE SERVICES,,Passenger Car,
1P9795,17092,"PID TRANSIT, LLC",,Trailer,UNITED STATES (USA)
1P9796,19443,PDQ CATV SUPPLY INC.,,Trailer,UNITED STATES (USA)
1P9797,17144,PITT STEEL LLC,,Trailer,UNITED STATES (USA)
1P9798,17187,"PRECISION CARGO, LLC",,Trailer,UNITED STATES (USA)
1P9800,20477,"PENROSE TRAILER MANUFACTURING, LLC.",,Trailer,UNITED STATES (USA)
1P9802,17595,PACIFIC SPECIALTY VEHICLES,,Trailer,UNITED STATES (USA)
1P9803,17644,PROTANK AND EQUIPMENT DBA BESTWAY SALES,,Trailer,UNITED STATES (USA)
1P9805,17867,PROBUILT TRAILERS INC.,,Trailer,UNITED STATES (USA)
1P9807,18257,"PATRIOT TRAILER MANUFACTURING, LLC",,Trailer,UNITED STATES (USA)
1P9808,18485,"PD2, INC.",,Trailer,UNITED STATES (USA)
1P9809,18511,MAKSIM KORCHAK,,Trailer,UNITED STATES (USA)
1P9810,15681,POWER TRIP RENTALS,,Trailer,UNITED STATES (USA)
1P9812,18536,PONTICO GROUP LLC,,Trailer,UNITED STATES (USA)
1P9813,18934,PRIME MANUFACTURING,,Trailer,UNITED STATES (USA)
1P9816,18651,"PINTAIL DUCK BOATS, LLC",,Trailer,UNITED STATES (USA)
1P9817,18687,PIGGYBACK SMOKERS LLC,,Trailer,UNITED STATES (USA)
1P9818,18767,PIN DROP TRAVEL TRAILERS LLC,,Trailer,UNITED STATES (USA)
1P9822,18906,PRO-MOTIVE EV LLC,,Low Speed Vehicle (LSV),UNITED STATES (USA)
1P9823,18909,PATRIOT PRODUCTS GROUP LLC,,Trailer,UNITED STATES (USA)
1P9827,18997,PJ'S GARAGE LLC,,Motorcycle,UNITED STATES (USA)
1P9828,19068,POLYDROPS INC,,Trailer,UNITED STATES (USA)
1P9829,19223,"P&C TRAILER & REPAIR, LLC",,Trailer,UNITED STATES (USA)
1P9830,20357,PRECISION FABRICATING,,Trailer,UNITED STATES (USA)
1P9832,19206,"PRO SPORT TRAILER MANUFACTURING, LLC",,Trailer,UNITED STATES (USA)
1P9833,19296,PBK AUTOMOTIVE LLC,,Low Speed Vehicle (LSV),UNITED STATES (USA)
1P9835,19331,PADGETT MOBILE EQUIPMENT,,Trailer,UNITED STATES (USA)
1P9836,19405,PIPELINE EQUIPMENT SPECIALTIES,,Trailer,UNITED STATES (USA)
1P9837,19430,"PATHWAY TRAILERS, LLC",,Trailer,UNITED STATES (USA)
1P9839,19579,PACIFICA TINY HOMES,,Trailer,UNITED STATES (USA)
1P9841,19639,PALM BEACH TRAILERS,,Trailer,UNITED STATES (USA)
1P9842,19932,PROMISE LAND MANUFACTURING LLC,,Trailer,UNITED STATES (USA)
1P9843,19814,PHOENIX USA RV INC,,Multipurpose Passenger Vehicle (MPV),UNITED STATES (USA)
1P9844,19779,PILOT VIEW GOLF CARTS,,Low Speed Vehicle (LSV),UNITED STATES (USA)
1P9845,20153,"POP-TOP TINY HOMES, LLC",,Trailer,UNITED STATES (USA)
1P9847,19888,PRECISION FAB,,Trailer,UNITED STATES (USA)
1P9848,19906,POWELL SAFETY SOLUTIONS LLC.,,Trailer,
1P9849,19965,POWER LINE CARGO LLC,,Trailer,UNITED STATES (USA)
1P9850,19981,PN MOTORS LLC,,Low Speed Vehicle (LSV),UNITED STATES (USA)
1P9851,20040,"PALMER MFG. & TANK, INC.",,Trailer,UNITED STATES (USA)
1P9852,20090,PAYLOAD ENTERPRISES,,Trailer,UNITED STATES (USA)
1P9854,2569,"POE CONST. & MFG., INC.",,Trailer,UNITED STATES (USA)
1P9855,20234,POLESTAR TRAILERS INC,,Trailer,UNITED STATES (USA)
1P9857,20137,PAUL'S FAN COMPANY,,Trailer,UNITED STATES (USA)
1P9859,20329,"PAJCO TECHNOLOGIES, LLC",,Trailer,UNITED STATES (USA)
1P9861,20425,"PCS PERFORMANCE, LLC",,Trailer,UNITED STATES (USA)
1P9865,20457,PLH TRAILER MANUFACTURING,,Trailer,UNITED STATES (USA)
1P9866,21217,PORTER OVERLAND LLC,,Trailer,
1P9867,20536,PROPEL PREFAB LLC,,Trailer,UNITED STATES (USA)
1P9868,20694,PAGE DISTRIBUTION LLC,,Trailer,UNITED STATES (USA)
1P9873,20923,PM MACHINE AND FABRICATION LLC,,Trailer,UNITED STATES (USA)
1P9874,20988,"PRO STANDS, LLC",,Trailer,UNITED STATES (USA)
1P9877,21006,P3 MANUFACTURING,,Trailer,
1P9879,21203,PECAN TRAIL RV LLC,,Trailer,
1P9880,21123,"PLANT PROCESS FABRICATORS, LLC",,Trailer,UNITED STATES (USA)
1P9881,21153,"PREMIER CRYOGENIC SERVICES, LLC",,Trailer,
1P9882,21274,PEBBLE TEARDROPS LLC,,Trailer,
1P9883,21336,PREFERRED METALFAB INC,,Trailer,UNITED STATES (USA)
1P9884,21516,PIKE OUTDOOR LLC,,Trailer,
1P9885,21412,PINEY WOODS RUSTIC WORKSHOP,,Trailer,
1P9887,21491,PATRIOT TRAILER,,Trailer,
1P9889,8027,PRATT INDUSTRIES (US) LLC,,Trailer,UNITED STATES (USA)
1P9890,21848,PERFORMANCE ASSEMBLY SOLUTIONS LLC,,Trailer,
1P9891,21835,P&C UNITED DISTRIBUTION,,Trailer,
1P9892,21838,"PRAIRIE FIRE FABRICATION, LLC",,Trailer,
1P9893,21931,"PETERSON MANUFACTURING, LLC",,Trailer,UNITED STATES (USA)
1P9896,22109,PORTABLE CEDAR CABINS LLC,,Trailer,UNITED STATES (USA)
1P9897,20775,"PASQ, LLC",,Trailer,UNITED STATES (USA)
1P9898,22492,PATRIOT BOAT TRAILERS LLC,,Trailer,UNITED STATES (USA)
1P9900,22310,POLAR FOX OUTDOORS,,Trailer,UNITED STATES (USA)
1P9901,9015,PANTHER MOTORS INC,,Low Speed Vehicle (LSV),UNITED STATES (USA)
1P9902,22339,PEE DEE FABRICATORS INC,,Trailer,
1P9903,22368,PILOT LSV GROUP LLC,,Low Speed Vehicle (LSV),UNITED STATES (USA)
1P9907,22417,PARKER COUNTY TRAILER CO. LLC,,Trailer,
1P9908,22439,PREMIER TRAILER SOLUTIONS LLC,,Trailer,
1P9910,22506,PORTABLE CAR HOIST,,Trailer,UNITED STATES (USA)
1P9911,22599,PRIME B.H. LLC,,Trailer,UNITED STATES (USA)
1P9914,21683,PROPELL AMERICAN LLC,,Trailer,
1P9915,22591,PGT TRAILERS LLC,,Trailer,UNITED STATES (USA)
1P9917,22648,PLUMETTAZ AMERICA CORP,,Trailer,UNITED STATES (USA)
1P9918,22958,"POSI-PLUS USA, INC.",,Trailer,UNITED STATES (USA)
1P9919,23000,PROUD TRAILERS LLC,,Trailer,
1P9922,22919,PROPPED UP MOTORS,,Motorcycle,UNITED STATES (USA)
1P9925,22700,"PSC CUSTOM, LLC",,Trailer,UNITED STATES (USA)
1P9926,22981,PURE ZERO CONSTRUCTION LLC,,Trailer,UNITED STATES (USA)
1P9927,22921,PRECISION CUSTOM SERVICES LLC,,Trailer,UNITED STATES (USA)
1P9928,22984,PATOS TRAILERS LLC,,Trailer,
1P9929,24432,PLAINSCRAFT LLC,,Trailer,
1P9930,23039,PILOTCAR EV INC.,,Low Speed Vehicle (LSV),
1P9931,23058,"PINTAIL MANUFACTURING CO, LLC.",,Trailer,UNITED STATES (USA)
1P9933,23077,PAPAN EXPRESS INC,,Trailer,
1P9934,23092,PARAISO GLOBAL LLC,,Trailer,UNITED STATES (USA)
1P9935,23137,PORTACAMS LLC,,Trailer,
1P9937,16141,PHOENIX CARS LLC,,Bus,UNITED STATES (USA)
1P9938,23187,"PRO-FAB TRAILERS, LLC",,Trailer,UNITED STATES (USA)
1P9939,23199,POWER WORLD REEVOLUTION INC,,Trailer,
1P9940,23213,POURTER LLC,,Trailer,UNITED STATES (USA)
1P9941,23200,P2W MOTORSPORTS LLC,,Passenger Car,UNITED STATES (USA)
1P9943,23217,PREMIA GROUP A DIVISION OF TANK HOLDING CORP,,Trailer,
1P9945,23288,"PATRIOT SPECIALTY RV, LLC",,Trailer,
1P9947,23422,PARKER MANUFACTURING LLC,,Trailer,
1P9949,23564,PANTHER CARGO LLC,,Trailer,
1P9951,23652,PRIME TRAILERS LLC,,Trailer,
1P9954,23784,PE INNOVATIONS LLC,,Trailer,
1P9958,24076,POWERHOUSE SUPPLY,,Trailer,
1P9961,24131,PRO R66 AUTOS LLC,,Trailer,
1P9962,24162,"POWERBASE SOLAR, LLC",,Trailer,
1P9963,25663,PEAK CARGO LLC,,Trailer,UNITED STATES (USA)
1P9964,24423,PARAGON TRAILERS LLC,,Trailer,
1P9966,25469,PACKABLE TRAILERS LLC,,Trailer,UNITED STATES (USA)
1P9969,24589,PLUM TRAILER COMPANY LLC,,Trailer,
1P9970,24765,POLAR TEXAS,,Trailer,UNITED STATES (USA)
1P9973,24940,PIVOT POWER INC,,Trailer,
1P9976,24938,PENN CENTRAL WELDING LLC,,Trailer,
1P9977,25056,PALOS CUSTOM WELDING INC.,,Trailer,UNITED STATES (USA)
1P9978,25117,POWERHAUL TRAILERS LLC,,Trailer,UNITED STATES (USA)
1P9979,25489,PORTILLOS TRAILER SALES LLC,,Trailer,UNITED STATES (USA)
1P9981,25334,PRIMO INNOVATIONS LLC,,Trailer,
1P9982,25643,"PN PLATINUMSTAR, LLC",,Trailer,
1P9PEP,11389,PARKLANE ENTERPRISES INC.,,Trailer,UNITED STATES (USA)
1P9PMM,11740,"PARK MODELS MANUFACTURING, INC.",,Trailer,UNITED STATES (USA)
1PA,9811,VANGUARD INDUSTRIES OF MICHIGAN INC,"VANGUARD INDUSTRIES OF MICHIGAN, INC.",Trailer,UNITED STATES (USA)
1PH,3087,LOAD RITE TRAILERS INC,LOAD RITE,Trailer,UNITED STATES (USA)
1PL,18041,PEERLESS CORPORATION,PEERLESS,Trailer,UNITED STATES (USA)
1PM,6179,"POLAR TANK TRAILER, LLC",POLAR TANK TRAILER,Trailer,UNITED STATES (USA)
1PN,4312,PINES TRAILER LIMITED PARTNERSHIP,PINES,Trailer,UNITED STATES (USA)
1PT,3233,TRAILMOBILE (PULLMAN INCORPORATED),TRAILMOBILE,Trailer,UNITED STATES (USA)
1R0,11772,LEGACY TRAILERS INC.,ROLCO TRAILERS,Trailer,UNITED STATES (USA)
1R1,9670,FONTAINE TRAILER COMPANY,FONTAINE TRAILER,Trailer,UNITED STATES (USA)
1R9014,16871,RED RIVER M TRAILER SALES,,Trailer,UNITED STATES (USA)
1R9033,15321,"ROCK RAPIDS STAINLESS STEEL AND ALUMINUM, INC.",,Trailer,UNITED STATES (USA)
1R9044,16867,RADLEY CUSTOM TRAILERS,,Trailer,UNITED STATES (USA)
1R9045,15316,REZNER TRAILERS INC,,Trailer,UNITED STATES (USA)
1R9046,11033,RING-O-MATIC LLC,,Trailer,UNITED STATES (USA)
1R9047,16952,R & J TRADING,,Trailer,UNITED STATES (USA)
1R9051,15314,RED RIVER MANUFACTURING & DISTRIBUTING,,Trailer,UNITED STATES (USA)
1R9052,15310,RAMIKA INDUSTRIES INC,,Trailer,UNITED STATES (USA)
1R9055,15322,ROCK RAPIDS REPAIR,,Trailer,UNITED STATES (USA)
1R9056,18097,RUSSELL H. SONNENBERG,,Trailer,UNITED STATES (USA)
1R9059,15309,"R.V. CLASSICS, INC",,Truck,UNITED STATES (USA)
1R9061,18102,REXWORKS INC.,,Trailer,UNITED STATES (USA)
1R9068,15318,"RINGTOWN WILBERT VAULT WORKS, INC",,Trailer,UNITED STATES (USA)
1R9069,9080,RIDGE RUNNER TRAILERS,,Trailer,UNITED STATES (USA)
1R9074,15306,PRAUSER'S,,Trailer,UNITED STATES (USA)
1R9082,3029,"ROSEWOOD ENTERPRISES, INC",,Trailer,UNITED STATES (USA)
1R9083,4380,"RACE-TECH TRAILERS, INC",,Trailer,UNITED STATES (USA)
1R9085,4142,R&R TRAILER SALES & PARTS,,Trailer,UNITED STATES (USA)
1R9086,15317,"RICE OF LEICESTERSHIRE, LTD.",,Trailer,UNITED STATES (USA)
1R9091,18055,"R.V. MINI MART, INC.",,Trailer,UNITED STATES (USA)
1R9108,3578,OSWALD INC.,,Trailer,UNITED STATES (USA)
1R9112,17843,REILLY INCORPORATED,,Trailer,UNITED STATES (USA)
1R9119,18250,REBEL CUSTOM TRAILERS,,Trailer,UNITED STATES (USA)
1R9124,17822,REBEL MANUFACTURING INC.,,Trailer,UNITED STATES (USA)
1R9131,17755,IDAHO STOVE & FABRICATING,,Trailer,UNITED STATES (USA)
1R9135,18132,"LOAD REDI, INC",,Trailer,UNITED STATES (USA)
1R9136,18112,ROOSE MANUFACTURING CO.,,Trailer,UNITED STATES (USA)
1R9137,18353,REUBE'S WELDING,,Trailer,UNITED STATES (USA)
1R9138,17762,R.H. MANUFACTURING,,Trailer,UNITED STATES (USA)
1R9139,17992,RAB TRAILER MANUFACTURERS,,Trailer,UNITED STATES (USA)
1R9140,17233,T.H. RILEY MANUFACTURING INC,,Trailer,UNITED STATES (USA)
1R9144,17760,"ROAD READY TRAILERS, INC.",,Trailer,UNITED STATES (USA)
1R9145,16773,R.G. HOOD WELDING SERVICE,,Trailer,UNITED STATES (USA)
1R9147,4385,RAINBOW INDUSTRIES,,Trailer,UNITED STATES (USA)
1R9149,18118,"ROCHELLE STEEL FABRICATING, INC.",,Trailer,UNITED STATES (USA)
1R9152,17748,R. M. WELDING,,Trailer,UNITED STATES (USA)
1R9156,18006,RAY GASKIN SERVICE,,Trailer,UNITED STATES (USA)
1R9158,3013,"ROHR MFG. GROUP, INC.",,Trailer,UNITED STATES (USA)
1R9165,18012,RANDI AND ASSOC. CORP. DBA TRANS SPEC,,Trailer,UNITED STATES (USA)
1R9168,18015,R-WAY CORPORATION,,Trailer,UNITED STATES (USA)
1R9177,18360,ROSE WELDING & TRAILERS,,Trailer,UNITED STATES (USA)
1R9185,16668,"RENCO, INC",,Trailer,UNITED STATES (USA)
1R9191,3916,"QUALITY BUILDING SYSTEMS, L.L.C.",,Trailer,UNITED STATES (USA)
1R9195,2442,"REINCO, INC.",,Trailer,UNITED STATES (USA)
1R9198,17211,R & B ALUMINUM FABRICATORS,,Trailer,UNITED STATES (USA)
1R9199,16855,BROWNELL & WILLIAMS INC,,Trailer,UNITED STATES (USA)
1R9202,2652,RAMP AGE TRAILER CO.,,Trailer,UNITED STATES (USA)
1R9210,3355,"RAYCO MANUFACTURING, INC.",,Trailer,UNITED STATES (USA)
1R9214,3584,"REMCO MOTOR COMPANY, INC.",,Incomplete Vehicle,UNITED STATES (USA)
1R9216,16826,ENVIROQUIP SYSTEMS INC,,Trailer,UNITED STATES (USA)
1R9222,2785,LERCH'S RECREATION VEHICLE SALES,,Trailer,UNITED STATES (USA)
1R9223,2654,"RANCE ALUMINUM FABRICATION, INC.",,Trailer,UNITED STATES (USA)
1R9227,16885,RIVER VALLEY SALES,,Trailer,UNITED STATES (USA)
1R9229,10580,ROAMER CORPORATION,,Trailer,UNITED STATES (USA)
1R9230,3983,R.J. COX CO,,Trailer,UNITED STATES (USA)
1R9233,3132,RUDCO PRODUCTS INC.,,Trailer,UNITED STATES (USA)
1R9235,5082,RICH-CO AUTO/MARINE,,Trailer,UNITED STATES (USA)
1R9238,8863,"REXHALL INDUSTRIES, INC.",,Trailer,UNITED STATES (USA)
1R9241,16956,C.R. WARREN MANUFACTURING,,Trailer,UNITED STATES (USA)
1R9243,17368,RHINO CORPORATION,,Trailer,UNITED STATES (USA)
1R9244,4518,ROBISON MANUFACTURING,,Trailer,UNITED STATES (USA)
1R9246,18200,"ROAD BOSS TRAILERS, INC.",,Trailer,UNITED STATES (USA)
1R9248,3892,ROADWORKS MANUFACTURING INC,,Trailer,UNITED STATES (USA)
1R9249,3894,ROB'S INC,,Trailer,UNITED STATES (USA)
1R9252,17333,"RONCO TRAILER, INC",,Trailer,UNITED STATES (USA)
1R9266,3978,R & R CUSTOM TRAILERS & PARTS INC,,Trailer,UNITED STATES (USA)
1R9268,19304,"ROGUE TRUCK BODY, LLC",,Trailer,UNITED STATES (USA)
1R9286,3121,ROCKING CHAIR MFG,,Trailer,UNITED STATES (USA)
1R9287,3777,RETZER'S CUSTOM DESIGN TRAILERS,,Trailer,UNITED STATES (USA)
1R9295,6303,"ROLLING STAR MANUFACTURING, INC.",,Trailer,UNITED STATES (USA)
1R9296,1515,ROBINSON METAL INC.,,Trailer,UNITED STATES (USA)
1R9298,17019,ROADMASTER MOTOR CYCLES INC,,Motorcycle,UNITED STATES (USA)
1R9299,2723,RAT TRAILER MFG,,Trailer,UNITED STATES (USA)
1R9303,11033,RING-O-MATIC LLC,,Trailer,UNITED STATES (USA)
1R9308,3878,RJK&H INC,,Trailer,UNITED STATES (USA)
1R9311,3116,ROCK-N DIAMOND B TRAILERS,,Trailer,UNITED STATES (USA)
1R9312,2990,"RIDGEVIEW RACING, INC.",,Trailer,UNITED STATES (USA)
1R9318,9747,R JENKINS TRAILERS,,Trailer,UNITED STATES (USA)
1R9321,10373,RACEMASTER ENGINEERING TIRE AND PERFORMANCE,,Trailer,UNITED STATES (USA)
1R9323,2741,RUSH & SON INC.,,Trailer,UNITED STATES (USA)
1R9327,2991,RIDLEY MOTORCYCLE COMPANY,,Motorcycle,UNITED STATES (USA)
1R9330,3873,RIVERSIDE HITCH & TRAILER,,Trailer,UNITED STATES (USA)
1R9333,3028,ROSEBURG TRAILER WORKS INC,,Trailer,UNITED STATES (USA)
1R9334,3787,"RHINO METALS, INC.",,Trailer,UNITED STATES (USA)
1R9335,3980,R & R TRUCK AND TRAILER,,Trailer,UNITED STATES (USA)
1R9336,2619,R.A.M. TRAILERS,,Trailer,UNITED STATES (USA)
1R9337,4986,REED'S WELDING INC.,,Trailer,UNITED STATES (USA)
1R9339,3974,R & B INDUSTRIES,,Trailer,UNITED STATES (USA)
1R9341,10581,"ROBCOL, INC.",,Trailer,UNITED STATES (USA)
1R9342,3118,ROCKET FIBERGLASS,,Trailer,UNITED STATES (USA)
1R9343,3870,"RIVER RUN ENTERPRISES, INC.",,Trailer,UNITED STATES (USA)
1R9344,3784,"REXMONT PRODUCTS, L.L.C.",,Trailer,UNITED STATES (USA)
1R9348,19370,REED LLC,,Trailer,UNITED STATES (USA)
1R9349,17083,"R & J TRAILERS, INC.",,Trailer,UNITED STATES (USA)
1R9351,2395,RC TRAILERS,,Trailer,UNITED STATES (USA)
1R9352,2736,RUDY'S TRUCK BODY REPAIR,,Trailer,UNITED STATES (USA)
1R9355,4142,R&R TRAILER SALES & PARTS,,Trailer,UNITED STATES (USA)
1R9356,3016,ROLLS RITE TRAILERS,,Trailer,UNITED STATES (USA)
1R9361,2747,"RY-CHASE, INC.",,Trailer,UNITED STATES (USA)
1R9366,2649,"RAM ENTERPRISES, L.L.C",,Trailer,UNITED STATES (USA)
1R9383,9953,ROGUE CHOPPERS,,Motorcycle,UNITED STATES (USA)
1R9387,2392,RBG INC.,,Trailer,UNITED STATES (USA)
1R9389,13610,RUN ROADER,,Trailer,UNITED STATES (USA)
1R9390,8632,RED HORSE MOTORWORKS,,Motorcycle,UNITED STATES (USA)
1R9393,5642,BETTERBUILT TRAILERS MFG BY RET HOT & STEEL,,Trailer,UNITED STATES (USA)
1R9396,4984,REDWOOD METAL WORKS,,Trailer,UNITED STATES (USA)
1R9398,4390,RAINIER ENTERPRISES,,Trailer,UNITED STATES (USA)
1R9399,3780,REWACO-TRIKES LLC,,Motorcycle,UNITED STATES (USA)
1R9400,5745,ROCKY ATV TRAILERS INC.,,Trailer,UNITED STATES (USA)
1R9402,3769,RENALDO SALES & SERVICE INC.,,Trailer,UNITED STATES (USA)
1R9403,3015,ROLLRITE TRAILER MANUFACTURING,,Trailer,UNITED STATES (USA)
1R9407,2650,RAM FABRICATION LLC,,Trailer,UNITED STATES (USA)
1R9408,3981,R & R WELDING,,Trailer,UNITED STATES (USA)
1R9409,4976,RED HOT CUSTOMS.COM,,Motorcycle,UNITED STATES (USA)
1R9411,3879,RKB INC.,,Trailer,UNITED STATES (USA)
1R9412,2923,"RICHCREEK MUFFLER, INC.",,Trailer,UNITED STATES (USA)
1R9417,2748,RYAN TRAILERS,,Trailer,UNITED STATES (USA)
1R9418,3982,"R "" 2"" LTD",,Trailer,UNITED STATES (USA)
1R9421,4977,RED RHINO TRAILER MANUFACTURING,,Trailer,UNITED STATES (USA)
1R9422,17133,RAPID TOOL & EQUIPMENT COMPANY,,Trailer,UNITED STATES (USA)
1R9423,3173,ROUTE SIXTY-SIX MOTORCYCLE CO. LLC,,Motorcycle,UNITED STATES (USA)
1R9424,4379,"RACE RIGS & TRAILERS, L.L.C.",,Trailer,UNITED STATES (USA)
1R9426,12425,"S&R MANUFACTURING, INC. DBA RELIANCE TRAILERS",,Trailer,UNITED STATES (USA)
1R9427,3888,ROADRUNNER MFG,,Trailer,UNITED STATES (USA)
1R9429,3791,RICH'S VACATION COTTAGES,,Trailer,UNITED STATES (USA)
1R9430,3895,ROB'S WELDING & FABRICATION,,Trailer,UNITED STATES (USA)
1R9436,3548,RILEY DESIGN & FABRICATION,,Trailer,UNITED STATES (USA)
1R9437,3898,ROBCOL INC. R/C SCOOTERS INC.,,Motorcycle,UNITED STATES (USA)
1R9440,4140,R & K PRECISION GRIND,,Trailer,UNITED STATES (USA)
1R9444,17609,ROBERTS AUTO SALES,,Trailer,UNITED STATES (USA)
1R9446,3896,ROBB TECHNOLOGIES LLC,,Trailer,UNITED STATES (USA)
1R9448,3575,ROY'S CUSTOM TRAILERS INC,,Trailer,UNITED STATES (USA)
1R9450,14333,"ROKON INTERNATIONAL, INC.",,Motorcycle,UNITED STATES (USA)
1R9451,9615,RAPID HOOK TRANSPORTATION SYSTEMS,,Trailer,UNITED STATES (USA)
1R9452,10583,RONNIE AKERY WELDING,,Trailer,UNITED STATES (USA)
1R9454,4139,R&J INDUSTRIES PLUS INC,,Trailer,UNITED STATES (USA)
1R9455,4489,R.E. PRESCOTT CO. INC,,Trailer,UNITED STATES (USA)
1R9456,4391,"RAINIER HYDRAULICS, INC.",,Trailer,UNITED STATES (USA)
1R9460,10575,RED DAWG TRAILERS,,Trailer,UNITED STATES (USA)
1R9462,4970,"REBEL MANUFACTURING,  LLC",,Trailer,UNITED STATES (USA)
1R9463,3354,RAY-TECH INFRARED CORP,,Trailer,UNITED STATES (USA)
1R9464,5750,ROCKY TOP TRAILERS LLC,,Trailer,UNITED STATES (USA)
1R9465,3792,RICHARD GLAVES,,Trailer,UNITED STATES (USA)
1R9466,10921,REVOLUTION CYCLE COMPANY,,Motorcycle,UNITED STATES (USA)
1R9467,10578,REVTECH INDUSTRIES,,Trailer,UNITED STATES (USA)
1R9468,3174,ROUTE2TRAILERS.COM,,Trailer,UNITED STATES (USA)
1R9469,3117,ROCKET CITY CYLCLES,,Motorcycle,UNITED STATES (USA)
1R9470,3133,RUDE DOG TRAILERS,,Trailer,UNITED STATES (USA)
1R9472,3988,R & D DESIGN AND FABRICATION,,Trailer,UNITED STATES (USA)
1R9473,2739,RUGGEDBILT-USA INC,,Trailer,UNITED STATES (USA)
1R9474,3977,R & J TRAILERS,,Trailer,UNITED STATES (USA)
1R9476,2396,RDM PRODUCTS,,Trailer,UNITED STATES (USA)
1R9479,3014,ROLLIN' CUSTOM CYCLE,,Motorcycle,UNITED STATES (USA)
1R9482,3131,"RU2 SYSTEMS, INC.",,Trailer,UNITED STATES (USA)
1R9485,4382,"RACKLEY BILT CUSTOM TRAILERS, INC.",,Trailer,UNITED STATES (USA)
1R9486,2746,"RWCI, INC.",,Trailer,UNITED STATES (USA)
1R9487,4370,"R.M. JOHNSON COMPANY, INC.",,Trailer,UNITED STATES (USA)
1R9490,11071,"ROSENBAUER MOTORS, LLC",,Incomplete Vehicle,UNITED STATES (USA)
1R9491,8711,"RAGING IRON CHOPPERS, LLC",,Motorcycle,UNITED STATES (USA)
1R9493,8822,"RACE CITY RV PRODUCTS, LLC.",,Trailer,UNITED STATES (USA)
1R9494,10180,"ROLLIGON A DIVISION OF NATIONAL OILWELL VARCO, LP",,Trailer,
1R9507,11304,RAMSHORN WELDING,,Trailer,UNITED STATES (USA)
1R9509,16561,R&S CUSTOM CYCLES,,Motorcycle,UNITED STATES (USA)
1R9510,5863,RUSSELL MARLOWE CAROLINA CUSTOM CYCLES,,Motorcycle,UNITED STATES (USA)
1R9513,8628,"RUFFNECK TRAILER COMPANY, INC.",,Trailer,UNITED STATES (USA)
1R9516,11106,ROCK CREEK CUSTOM TRAILER INC.,,Trailer,UNITED STATES (USA)
1R9518,11269,RADIOACTIVE CYCLES,,Motorcycle,UNITED STATES (USA)
1R9519,11272,"R&W TRAILERS, INC.",,Trailer,UNITED STATES (USA)
1R9520,9006,ROLLON TRAILER CORPORATION,,Trailer,UNITED STATES (USA)
1R9521,8605,ROPER MANUFACTURING,,Trailer,UNITED STATES (USA)
1R9522,9621,"RON'S TRAILERS, INC.",,Trailer,UNITED STATES (USA)
1R9523,8836,RAVEN MOTORCYCLE,,Motorcycle,UNITED STATES (USA)
1R9526,9012,"R-ANELL HOUSING GROUP, LLC",,Trailer,UNITED STATES (USA)
1R9528,17538,ROSS HILL LLC,,Trailer,UNITED STATES (USA)
1R9533,9483,ROCKEM AND SOCKEM MOTORCYCLE CO. LLC,,Motorcycle,UNITED STATES (USA)
1R9534,6847,RACING LIZARD CHOPPER,,Motorcycle,UNITED STATES (USA)
1R9535,9667,"ROLLIN-S TRAILERS, INC.",,Trailer,UNITED STATES (USA)
1R9536,16560,RACE COACHES LLC,,Trailer,UNITED STATES (USA)
1R9539,11141,ROCKLAND COACH WORKS LLC,,Bus,UNITED STATES (USA)
1R9540,9698,R.N.R. CUSTOM CYCLES INC.,,Motorcycle,UNITED STATES (USA)
1R9542,9254,RIVER DEPOT,,Trailer,UNITED STATES (USA)
1R9546,8652,RHINO MOTORCYCLES,,Motorcycle,UNITED STATES (USA)
1R9547,17166,RANGER TRAILER AND COACH SALES LLC,,Trailer,UNITED STATES (USA)
1R9550,9955,R.K. CYCLES,,Motorcycle,UNITED STATES (USA)
1R9553,9326,"RANSOM MOTORSPORTS, LLC",,Motorcycle,UNITED STATES (USA)
1R9554,11586,"RANCHER TRAILER COMPANY, INC.",,Trailer,UNITED STATES (USA)
1R9556,9257,RW WELDING,,Trailer,UNITED STATES (USA)
1R9558,10168,RICE TRAILER CO.,,Trailer,UNITED STATES (USA)
1R9559,10015,"ROD CHOMPER, INC.",,Trailer,UNITED STATES (USA)
1R9562,8640,"R & H SPECIALTIES, INC.",,Trailer,UNITED STATES (USA)
1R9563,8468,"RIVER BEND CHOPPERS, INC.",,Motorcycle,UNITED STATES (USA)
1R9564,10672,REDLAND MANUFACTURING COMPANY,,Trailer,UNITED STATES (USA)
1R9567,9981,REBEL EQUIPMENT INC.,,Trailer,UNITED STATES (USA)
1R9568,9533,ROCKY MOUNTAIN CHOPPERS,,Motorcycle,UNITED STATES (USA)
1R9569,10223,"ROLAND CURTAINS U.S.A., INC.",,Trailer,UNITED STATES (USA)
1R9571,9579,RIG WORKS INC.,,Truck,UNITED STATES (USA)
1R9573,9504,"RENEGADE MOTORCYCLES, INC.",,Motorcycle,UNITED STATES (USA)
1R9575,11147,"RIPPLE EFFECTS, INC",,Trailer,UNITED STATES (USA)
1R9577,10478,REPOMAN CHOPPERS INC.,,Motorcycle,UNITED STATES (USA)
1R9578,13410,REDMAN WELDING & TRAILER MFG. INC.,,Trailer,UNITED STATES (USA)
1R9579,11359,RPM CUSTOM CHOPPERS LLC.,,Motorcycle,UNITED STATES (USA)
1R9580,10061,ROLLING THUNDER LLC,,Motorcycle,UNITED STATES (USA)
1R9581,2642,"ROADMASTER, MONACO COACH CORPORATION",,Trailer,UNITED STATES (USA)
1R9585,17344,REALITY'S EDGE INC.,,Motorcycle,UNITED STATES (USA)
1R9586,11787,RALLYTIME TRAILERS INC.,,Trailer,UNITED STATES (USA)
1R9587,11605,ROADMAN CAMPERS,,Trailer,UNITED STATES (USA)
1R9588,11796,"RV DIRECT, LLC",,Trailer,UNITED STATES (USA)
1R9590,1144,ROCKET ROGERS VICTORY OLD 97 CHOPPERS INC,,Motorcycle,UNITED STATES (USA)
1R9591,9511,"ROUND 2 MOTORCYCLES, INC.",,Motorcycle,
1R9593,9341,R WAY TRAILER MANUFACTURING CORPORATION,,Trailer,UNITED STATES (USA)
1R9595,11333,ROCKET SLED MOTORS LLC,,Passenger Car,UNITED STATES (USA)
1R9596,9513,"RB TRAILER MANUFACTURING, INC.",,Trailer,UNITED STATES (USA)
1R9597,19235,THE CHOPPER SHOP,,Motorcycle,UNITED STATES (USA)
1R9599,8469,RUTHLESS MOTORCYCLE COMPANY,,Motorcycle,UNITED STATES (USA)
1R9600,10468,R & J TRAILERS COMPANY,,Trailer,UNITED STATES (USA)
1R9601,11348,RADICAL CURVES CUSTOM MOTORCYCLE,,Motorcycle,UNITED STATES (USA)
1R9602,11390,REEB MANUFACTURING,,Trailer,UNITED STATES (USA)
1R9603,8863,"REXHALL INDUSTRIES, INC.",,Bus,UNITED STATES (USA)
1R9606,11378,RO DRIFT BOATS,,Trailer,UNITED STATES (USA)
1R9608,10927,R&S CUSTOM TRAILERS INC.,,Trailer,UNITED STATES (USA)
1R9610,10931,"REID'S TRAILER, INC.",,Trailer,UNITED STATES (USA)
1R9612,10966,RAPID POWER MFG.,,Trailer,UNITED STATES (USA)
1R9613,11121,RVSQUARED INC.,,Trailer,UNITED STATES (USA)
1R9614,9082,RHINO TRAILERS LLC,,Trailer,UNITED STATES (USA)
1R9615,7027,RAT KING KUSTOMZ,,Motorcycle,UNITED STATES (USA)
1R9616,7027,RAT KING KUSTOMZ,,Trailer,UNITED STATES (USA)
1R9620,11642,ROLLZ FABRICATION,,Trailer,UNITED STATES (USA)
1R9621,9683,"R & A MANUFACTURING, LLC",,Trailer,UNITED STATES (USA)
1R9622,9080,RIDGE RUNNER TRAILERS,,Trailer,UNITED STATES (USA)
1R9623,9300,ROAD DOG TRAILERS,,Trailer,UNITED STATES (USA)
1R9624,10313,"ROLLING INDUSTRIES, INC.",,Trailer,UNITED STATES (USA)
1R9625,9934,R & W ENTERPRISES INC.,,Trailer,UNITED STATES (USA)
1R9626,10316,REELSTRONG INC.,,Trailer,UNITED STATES (USA)
1R9628,8540,RACEPORT CUSTOM TRAILERS,,Trailer,UNITED STATES (USA)
1R9629,11644,REILLEY WELDING & METAL FABRICATION,,Trailer,UNITED STATES (USA)
1R9631,10515,REHME MANUFACTURING,,Trailer,UNITED STATES (USA)
1R9632,10559,"ROLLINOAK, LLC",,Trailer,UNITED STATES (USA)
1R9637,9194,"R&S TRAILERS, LLC",,Trailer,UNITED STATES (USA)
1R9638,1670,ROCK BOTTOM CHOPPERS,,Motorcycle,UNITED STATES (USA)
1R9639,7580,"RDVEHICLES, INC.",,Trailer,UNITED STATES (USA)
1R9640,11397,ROLL-A-HOME,,Trailer,UNITED STATES (USA)
1R9644,1607,"RUSH CREEK WELDING AND MANUFACTURING, LLC",,Trailer,UNITED STATES (USA)
1R9646,7727,"ROLLING BOAT, INC.",,Trailer,UNITED STATES (USA)
1R9648,1591,ROEHR MOTORCYCLES LLC,,Motorcycle,UNITED STATES (USA)
1R9650,8941,"RIVERBEND EQUIPMENT LEASING, INC.",,Trailer,UNITED STATES (USA)
1R9651,9126,ROCKY MOUNTAIN TRAILER COMPANY,,Trailer,UNITED STATES (USA)
1R9652,7034,R.J. STROUP TOOL AND DIE,,Motorcycle,UNITED STATES (USA)
1R9653,8491,"RIVERSIDE RV, INC.",,Trailer,UNITED STATES (USA)
1R9655,8481,"ROADRUNNER TRAILERS, LLC",,Trailer,UNITED STATES (USA)
1R9658,7749,RAT RACE TRIKES,,Motorcycle,UNITED STATES (USA)
1R9659,12028,"RULLO CUSTOM CYCLES, LLC",,Motorcycle,UNITED STATES (USA)
1R9660,6437,RICHARD CARTER MFG.,,Trailer,UNITED STATES (USA)
1R9663,1462,"ROOSTER CUSTOM CYCLES, INC.",,Motorcycle,UNITED STATES (USA)
1R9664,7889,RIVERWOLF BOATS INC.,,Trailer,UNITED STATES (USA)
1R9667,6827,RIECHER'S TRUCK BODY & EQUIPMENT CO.,,Trailer,UNITED STATES (USA)
1R9668,7042,ROCKY MOUNTAIN MANUFACTURING,,Trailer,UNITED STATES (USA)
1R9669,7060,ROAR MOTORCYCLES LLC,,Motorcycle,UNITED STATES (USA)
1R9670,13638,"RHINO MARINE, INC.",,Trailer,UNITED STATES (USA)
1R9672,7880,RIVERBED LLC,,Trailer,UNITED STATES (USA)
1R9674,6126,"RAZORBACK INDUSTRIES, LLC",,Trailer,UNITED STATES (USA)
1R9675,7529,"RMD TECHNOLOGIES, INC.",,Low Speed Vehicle (LSV),UNITED STATES (USA)
1R9676,6134,"RAY'S BODY SHOP, INC.",,Trailer,UNITED STATES (USA)
1R9680,21304,R & M METAL FAB,,Trailer,
1R9683,6609,R & D BAKER TRAILERS LLC,,Trailer,UNITED STATES (USA)
1R9685,7229,ROAD RASH TRAILERS,,Trailer,UNITED STATES (USA)
1R9687,6427,"ROCKY MOUNTAIN WELDING & FABRICATING, INC.",,Trailer,UNITED STATES (USA)
1R9688,6613,"READY CUSTOMS, LLC",,Motorcycle,UNITED STATES (USA)
1R9689,6423,R. E . PLANTE COMPANY,,Trailer,UNITED STATES (USA)
1R9692,12200,REBEL CUSTOM TRAILERS,,Trailer,UNITED STATES (USA)
1R9693,6923,ROCKANDROD LLC,,Trailer,UNITED STATES (USA)
1R9695,7465,"RAYMOND'S UTILITY TRAILERS, LLC",,Trailer,UNITED STATES (USA)
1R9696,7844,ROUTE 6 TRAILERS LLC,,Trailer,UNITED STATES (USA)
1R9698,1694,"ROBERT L. BARR ENTERPRISES, INC.",,Trailer,UNITED STATES (USA)
1R9699,1704,"RODS & RIDES BY TD, LLC",,Motorcycle,UNITED STATES (USA)
1R9700,7124,ROADWAY UTILITY TRAILERS,,Trailer,UNITED STATES (USA)
1R9701,7087,ROAD WARRIOR SPORTS LLC,,Trailer,UNITED STATES (USA)
1R9702,7098,"ROBIN CONSTRUCTION, LLC",,Trailer,UNITED STATES (USA)
1R9703,7415,ROMAN WROSZ,,Trailer,UNITED STATES (USA)
1R9704,7418,"RELIANCE TRAILER SALES, LLC",,Trailer,UNITED STATES (USA)
1R9705,7096,RAM TRANSCORP LLC,,Motorcycle,UNITED STATES (USA)
1R9707,7901,"RUFNECK CUSTOM TRAILERS, LLC",,Trailer,UNITED STATES (USA)
1R9710,7872,ROLLOFF SYSTEMS,,Trailer,UNITED STATES (USA)
1R9712,7935,"RB COMPONENTS, INC.",,Trailer,UNITED STATES (USA)
1R9713,7424,"RAMSEY FABRICATION, LLC",,Trailer,UNITED STATES (USA)
1R9714,7942,"RANKIN, INDUSTRIES",,Trailer,UNITED STATES (USA)
1R9715,7275,"ROCKLAND CUSTOM TRAILERS, LLC",,Trailer,UNITED STATES (USA)
1R9716,7266,ROBINSON VACUUM TANKS INC.,,Trailer,UNITED STATES (USA)
1R9717,7958,ROUGH V.A.C. TRAILERS LLC,,Trailer,UNITED STATES (USA)
1R9718,7279,RED BARON CHOPPERS,,Motorcycle,UNITED STATES (USA)
1R9719,7281,RED BARON TRAILERS,,Trailer,UNITED STATES (USA)
1R9720,7280,RED BARON MOTORS,,Low Speed Vehicle (LSV),UNITED STATES (USA)
1R9721,7952,RAS INTERNATIONAL LLC,,Trailer,UNITED STATES (USA)
1R9723,1446,RWN CONTRACTORS,,Trailer,UNITED STATES (USA)
1R9726,7288,ROCK CITY TRAILERS,,Trailer,UNITED STATES (USA)
1R9729,11948,RY EQUIPMENT TRADING LLC DBA VAC-KING TRAILERS,,Trailer,UNITED STATES (USA)
1R9731,6250,RONALD J. MENARD,,Trailer,UNITED STATES (USA)
1R9732,6254,"RAYNER EQUIPMENT SYSTEMS, INC.",,Trailer,UNITED STATES (USA)
1R9733,6078,"RILEY TECHNOLOGIES, LLC",,Trailer,UNITED STATES (USA)
1R9734,11973,R&D MACHINE OF MARLBORO COUNTY      COMPANY,,Trailer,UNITED STATES (USA)
1R9737,6771,RICHWAY INDUSTRIES,,Trailer,UNITED STATES (USA)
1R9741,12127,RSSI BARRIERS LLC,,Trailer,UNITED STATES (USA)
1R9742,12215,"RONSON MACHINE & MANUFACTURING, INC.",,Trailer,UNITED STATES (USA)
1R9743,1533,"RYFAB AND COATINGS, INC.",,Trailer,UNITED STATES (USA)
1R9744,12257,RVC TRAILERS,,Trailer,UNITED STATES (USA)
1R9747,6548,"ROCK ISLAND TRAILER, LLC",,Trailer,UNITED STATES (USA)
1R9749,6103,RUNAWAY TRAILERS,,Trailer,UNITED STATES (USA)
1R9750,24044,ROCKY MOUNTAIN STRUCTURES,,Trailer,
1R9751,1651,RON'S TRAILERS,,Trailer,UNITED STATES (USA)
1R9754,1632,RIEF DESIGN & MANUFACTURING L.L.C.,,Trailer,UNITED STATES (USA)
1R9755,11071,"ROSENBAUER MOTORS, LLC",,Trailer,UNITED STATES (USA)
1R9757,1636,"RYAN HOWELL MARKETING, LLC",,Trailer,UNITED STATES (USA)
1R9763,19390,"ROCK AND ROLL TRAILERS, LLC",,Trailer,UNITED STATES (USA)
1R9764,1526,RYAN SIMPSON,,Trailer,UNITED STATES (USA)
1R9767,1649,R & D PRECISION MACHINE & FAB. INC.,,Trailer,UNITED STATES (USA)
1R9769,13501,ROGER KING DBA MYERS WELDING,,Trailer,UNITED STATES (USA)
1R9772,25298,RS REPAIR & CUSTOM TRAILERS INC,,Trailer,
1R9773,13748,ROBERT ALLEN MOWERY RAMCO LLC,,Trailer,UNITED STATES (USA)
1R9774,6788,"RAD CUSTOMS, LLC",,Motorcycle,UNITED STATES (USA)
1R9775,7473,RAW IRON CHOPPERS LLC,,Motorcycle,UNITED STATES (USA)
1R9776,7611,"REGAL MOBILE SOLUTIONS, LLC",,Trailer,UNITED STATES (USA)
1R9778,7332,"RIVER RIM TEARDROPS, LLC",,Trailer,UNITED STATES (USA)
1R9779,6745,ROCKY MOUNTAIN TRAILERS,,Trailer,UNITED STATES (USA)
1R9781,20783,"REMACKEL TRAILERS, INC",,Trailer,UNITED STATES (USA)
1R9783,7173,RIVERSIDE CUSTOM KARTS LLC,,Low Speed Vehicle (LSV),UNITED STATES (USA)
1R9784,7177,RAFTER M TRAILERS INC,,Trailer,UNITED STATES (USA)
1R9785,6803,ROSS MOTORCYCLES LLC,,Motorcycle,UNITED STATES (USA)
1R9788,14951,REVOLOGY CARS LLC,,Passenger Car,UNITED STATES (USA)
1R9789,11843,"POWER, PROCESS & INDUSTRIAL LLC",,Trailer,UNITED STATES (USA)
1R9791,22017,RD TRAILERS LLC,,Trailer,UNITED STATES (USA)
1R9792,14711,RELEASE INDUSTRIAL TECHNOLOGY LLC,,Motorcycle,UNITED STATES (USA)
1R9797,7168,RATE INC. (DBA RANDCO TANKS),,Trailer,UNITED STATES (USA)
1R9798,13777,"RIVER STEEL, INC.",,Trailer,UNITED STATES (USA)
1R9799,13647,ROSS TECHNOLOGY CORPORATION,,Trailer,UNITED STATES (USA)
1R9800,13616,"RIVERSIDE WELDING AND FABRICATION, LLC",,Trailer,UNITED STATES (USA)
1R9801,13713,LUJEANA PETERS-HOWELL ROOKS COUNTY TRAILER SALES,,Trailer,UNITED STATES (USA)
1R9804,13813,"RECYCLING EQUIPMENT SALES, INC.",,Trailer,UNITED STATES (USA)
1R9805,15131,RIVER VALLEY TRAILER CO LLC,,Trailer,UNITED STATES (USA)
1R9808,14700,"RELIC CUSTOM TRAILERS, LLC",,Trailer,UNITED STATES (USA)
1R9812,15509,"RED FERN DYNAMICS, INC",,Trailer,UNITED STATES (USA)
1R9813,14979,RAMPLESS MOTORCYCLE TRAILERS LLC,,Trailer,UNITED STATES (USA)
1R9814,15112,RED DEER CLASSICS LLC,,Trailer,UNITED STATES (USA)
1R9815,15587,"ROGERS FABRICATION,INC",,Trailer,UNITED STATES (USA)
1R9820,15535,"ROBBINS MANUFACTURING, INC.",,Trailer,UNITED STATES (USA)
1R9822,15597,RDH MANUFACTURING INCORPORATED,,Trailer,UNITED STATES (USA)
1R9825,15659,"SKI MCQUEENEY YOUTH FOUNDATION, INC. DBA RPM SPORTS",,Trailer,UNITED STATES (USA)
1R9826,15957,RAMPTEK,,Trailer,UNITED STATES (USA)
1R9827,15831,RIVERVIEW MANUFACTURING INC.,,Trailer,UNITED STATES (USA)
1R9828,15710,R J YELLER DISTRIBUTION INC.,,Trailer,UNITED STATES (USA)
1R9830,15832,REBEL WEST POWERSPORTS LLC,,Low Speed Vehicle (LSV),UNITED STATES (USA)
1R9832,15932,RADICAL CONSTRUCTION MANUFACTURE USA INC,,Motorcycle,UNITED STATES (USA)
1R9834,16200,"RIDE THE DUCKS INTERNATIONAL, LLC",,Bus,UNITED STATES (USA)
1R9836,15972,REVEL 42 LLC,,Low Speed Vehicle (LSV),UNITED STATES (USA)
1R9840,16426,RTM SERVICES,,Trailer,UNITED STATES (USA)
1R9844,16567,ROADHOG TRAILER MFG.,,Trailer,UNITED STATES (USA)
1R9845,17105,"REDLINE WELDING, INC.",,Trailer,UNITED STATES (USA)
1R9846,17777,"R AND I HOLDINGS, INC",,Trailer,UNITED STATES (USA)
1R9850,17169,RHINO SERVICES LLC,,Trailer,UNITED STATES (USA)
1R9853,17227,REARS MANUFACTURING COMPANY,,Trailer,UNITED STATES (USA)
1R9855,9074,RAY'S CUSTOM TRAILER CO.,,Trailer,UNITED STATES (USA)
1R9858,17470,RISING STAR TRAILERS LLC,,Trailer,UNITED STATES (USA)
1R9859,18595,"REFUGE ROCK TRAILERS, LLC",,Trailer,UNITED STATES (USA)
1R9861,17560,REEL EZ INDUSTRIES LLC,,Trailer,UNITED STATES (USA)
1R9863,17964,ROCKIN H INDUSTRIES INC,,Trailer,UNITED STATES (USA)
1R9864,18576,RS COMPANIES,,Trailer,UNITED STATES (USA)
1R9865,18576,RS COMPANIES,,Motorcycle,UNITED STATES (USA)
1R9866,22170,SALBRO LLC,,Trailer,
1R9867,18440,RUTANA CONCESSIONS,,Trailer,UNITED STATES (USA)
1R9868,18472,"RENNWORKS, LLC",,Trailer,UNITED STATES (USA)
1R9869,18576,RS COMPANIES,,Multipurpose Passenger Vehicle (MPV),UNITED STATES (USA)
1R9871,18566,"RAILPOD, INC.",,Trailer,UNITED STATES (USA)
1R9873,18630,"RECYKLING INDUSTRIAL REPAIRS, INC",,Trailer,UNITED STATES (USA)
1R9874,18733,RUSS WELDING AND MACHINE INC.,,Trailer,UNITED STATES (USA)
1R9875,23293,ROTOMIX LLC,,Trailer,UNITED STATES (USA)
1R9877,18778,R. C. LYON & CO. LLC.,,Trailer,UNITED STATES (USA)
1R9879,18799,ROSA TRAILER MANUFACTURING INC.,,Trailer,UNITED STATES (USA)
1R9883,18996,RHINO TRAILERS LLC.,,Trailer,UNITED STATES (USA)
1R9884,18958,ROLLING ACRES CABINS LLC,,Trailer,UNITED STATES (USA)
1R9885,18988,"RAGEUSA, LLC",,Multipurpose Passenger Vehicle (MPV),UNITED STATES (USA)
1R9887,18998,"R & J BUILDERS OF AIKEN, S.C., INC.",,Trailer,UNITED STATES (USA)
1R9889,19127,"ROD IRON CUSTOM FABRICATION, LLC",,Trailer,UNITED STATES (USA)
1R9891,19262,RIDGEFIELD CUSTOM TRAILERS,,Trailer,UNITED STATES (USA)
1R9893,19382,"RED ROCK TRAILER MFG, LLC",,Trailer,UNITED STATES (USA)
1R9894,19396,ROLLIES TRAILERS,,Trailer,UNITED STATES (USA)
1R9898,19731,"R MART TRAILERS, LLC",,Trailer,UNITED STATES (USA)
1R9900,21638,RUSTIC MOUNTAIN HOLDINGS LLC,,Trailer,
1R9901,19723,"RKS OFF-ROAD, LLC",,Trailer,UNITED STATES (USA)
1R9903,19733,RAPTOR PRODUCTS INC.,,Trailer,UNITED STATES (USA)
1R9904,19607,ROUND HOUSE INDUSTRIES LLC,,Trailer,UNITED STATES (USA)
1R9906,19757,RECONNECT LLC,,Trailer,UNITED STATES (USA)
1R9907,19804,R AND H AUTOBODY PAINT AND REPAIR,,Motorcycle,UNITED STATES (USA)
1R9909,19776,REEVES WELDING,,Trailer,UNITED STATES (USA)
1R9910,19778,RICKS TRUCK AND TRAILER REPAIR,,Trailer,UNITED STATES (USA)
1R9912,19809,RHINO TRAILERS LLC,,Trailer,UNITED STATES (USA)
1R9913,19819,RAC ENTERPRISES,,Low Speed Vehicle (LSV),UNITED STATES (USA)
1R9914,19841,RATTLECAN CHOPSHOP,,Motorcycle,UNITED STATES (USA)
1R9916,19863,RECONVIEW LLC,,Trailer,UNITED STATES (USA)
1R9917,20028,ROGUE GEAR WORKS FABRICATION LLC,,Trailer,UNITED STATES (USA)
1R9918,20019,"ROYALTY FABRICATION, LLC.",,Trailer,UNITED STATES (USA)
1R9919,20091,RETRO RIDE LLC,,Trailer,UNITED STATES (USA)
1R9920,20073,READYFAB LLC,,Trailer,UNITED STATES (USA)
1R9922,20059,ROUGHCUT TINYHOMES,,Trailer,UNITED STATES (USA)
1R9923,20139,"RIVER VILLAS, LLC",,Trailer,UNITED STATES (USA)
1R9925,20146,RED MOUNTAIN INDUSTRIAL,,Trailer,UNITED STATES (USA)
1R9926,10518,THE RIVERMAN BOATWORKS,,Trailer,UNITED STATES (USA)
1R9927,20141,ROVER CUSTOMS,,Low Speed Vehicle (LSV),UNITED STATES (USA)
1R9928,21595,REDLINE CUSTOM TRAILERS,,Trailer,UNITED STATES (USA)
1R9930,20612,RAPTOR DESIGN & ENGINEERING LLC,,Trailer,UNITED STATES (USA)
1R9932,20171,RELIANCE REPAIR LLC,,Trailer,UNITED STATES (USA)
1R9933,20242,RENEGADE TRAILERS LLC,,Trailer,UNITED STATES (USA)
1R9936,20300,REVISION MOTO LLC,,Motorcycle,UNITED STATES (USA)
1R9937,20290,RGS,,Trailer,UNITED STATES (USA)
1R9938,20355,RED WING GEAR LLC,,Trailer,UNITED STATES (USA)
1R9941,20529,RAD ADVENTURE DWELLINGS,,Trailer,UNITED STATES (USA)
1R9942,20497,"RALLY TRAILER MANUFACTURING, LLC",,Trailer,UNITED STATES (USA)
1R9943,20505,RENTAL TRAILERS MFG INC.,,Trailer,UNITED STATES (USA)
1R9948,20684,RLC WELDING & FABRICATION,,Trailer,UNITED STATES (USA)
1R9949,20668,"RUPP OVERLAND CAMPERS, LLC",,Trailer,UNITED STATES (USA)
1R9950,20706,RVA CUSTOM CARTS LLC,,Low Speed Vehicle (LSV),UNITED STATES (USA)
1R9951,20747,RHINO STEEL MANUFACTURING INC.,,Trailer,UNITED STATES (USA)
1R9953,20809,R&H TRAILERS,,Trailer,UNITED STATES (USA)
1R9955,20969,RUGGED TRAILERS,,Trailer,UNITED STATES (USA)
1R9956,20986,REEDE FABRICATION AND DESIGN,,Motorcycle,UNITED STATES (USA)
1R9957,21083,RICK'S WELDING,,Trailer,UNITED STATES (USA)
1R9961,21208,RAYCO TRAILERS LLC,,Trailer,
1R9962,21469,ROCKET MARINE INC.,,Trailer,
1R9963,21239,ROYAL BENGAL LOGISTICS,,Trailer,
1R9964,21305,R&A GRADS DBA TUSCALOOSA CUSTOM CARTS,,Low Speed Vehicle (LSV),
1R9966,22025,RCM MANUFACTURING,,Trailer,UNITED STATES (USA)
1R9968,21319,"READY2GO RESTROOM TRAILERS SALES, LLC",,Trailer,
1R9969,21573,RRR CUSTOM FOOD TRAILERS LLC,,Trailer,
1R9970,21409,RG VENTURES LLC DBA RACETEK TRAILERS,,Trailer,
1R9971,21255,REDBEARD FABRICATION LLC,,Trailer,UNITED STATES (USA)
1R9973,21377,RGV TRAILER SALES LLC,,Trailer,UNITED STATES (USA)
1R9975,21459,RILEY INDUSTRIAL SERVICES INC.,,Trailer,UNITED STATES (USA)
1R9977,21523,R VENTURE CONTRACTING,,Trailer,UNITED STATES (USA)
1R9978,21584,RED RIVER FABRICATION,,Trailer,
1R9981,21629,R TINY HOMES LLC,,Trailer,UNITED STATES (USA)
1R9982,21682,RANKINS UNIQUES,,Motorcycle,
1R9983,21682,RANKINS UNIQUES,,Low Speed Vehicle (LSV),
1R9984,21735,ROQUE TRAILERS LLC,,Trailer,
1R9985,21639,RM THUNE LLC DBA WILKEN HOMES,,Trailer,
1R9987,21831,ROSE CITY CANOPY INC.,,Trailer,
1R9989,21887,ROAD TRAMPS MC,,Motorcycle,
1R9990,21854,RO7 SERVICES LLC,,Trailer,
1R9991,21851,"RAD RYDZ, LLC",,Low Speed Vehicle (LSV),UNITED STATES (USA)
1R9992,21941,RBGL LLC,,Trailer,UNITED STATES (USA)
1R9993,21894,RUSTIC TRAIL RV LLC,,Trailer,UNITED STATES (USA)
1R9994,21892,RAYCO TRAILERS MANUFACTURING LLC.,,Trailer,
1R9995,21833,"RGN MANUFACTURING SERVICES, PLLC",,Trailer,
1R9996,22018,RUFUS POWER BOATS,,Trailer,
1R9RSC,11607,RIDGESTONE CABINS INC.,,Trailer,UNITED STATES (USA)
1RB,3009,ROGERS BROTHERS CORPORATION,ROGERS,Trailer,UNITED STATES (USA)
1RC,15354,SWEETWATER METAL PRODUCTS,SMP,Trailer,UNITED STATES (USA)
1RF,2642,"ROADMASTER, MONACO COACH CORPORATION",ROADMASTER,Incomplete Vehicle,UNITED STATES (USA)
1RG,15385,"TRIDENT MOTORS, INC",TRIDENT MOTOR,Truck,UNITED STATES (USA)
1RL,15311,RAM-LIN CUSTOM TRAILERS,RAM-LIN,Trailer,UNITED STATES (USA)
1RN,3579,"REITNOUER, INC.",REITNOUER INC,Trailer,UNITED STATES (USA)
1RW,5744,"ROCKWOOD, INC.",ROCKWOOD,Trailer,UNITED STATES (USA)
1RZ,6992,"CON-WAY MANUFACTURING, INC.",CON-WAY MANUFACTURING,Trailer,UNITED STATES (USA)
1S1,14956,"STRICK TRAILERS, LLC",STRICK COMMERCIAL TRAILER,Trailer,UNITED STATES (USA)
1S4,3000,"SUN-LITE, INC.",SUN-LITE,Trailer,UNITED STATES (USA)
1S6,3524,"SNOWCO, INC","JOHN DEERE, SNOWCO",Trailer,UNITED STATES (USA)
1S7,19333,EVELAND’S INC.,SCAMP,Trailer,UNITED STATES (USA)
1S8,23282,"SUMMIT TRAILERS, LLC",SUMMIT TRAILERS,Trailer,UNITED STATES (USA)
1S9003,19164,SUTPHEN CORPORATION,,Truck,UNITED STATES (USA)
1S9009,4988,SUPERIOR TRAILER WORKS,,Trailer,UNITED STATES (USA)
1S9014,8206,"SMITH FARM EQUIPMENT, CO.",,Trailer,UNITED STATES (USA)
1S9017,19475,"STAINLESS TANK AND EQUIPMENT, LLC",,Trailer,UNITED STATES (USA)
1S9020,16930,SIMON-DUPLEX INC,,Truck,UNITED STATES (USA)
1S9022,17278,SPIRIT TRAILER MANUFACTURING,,Trailer,UNITED STATES (USA)
1S9030,15345,STANDARD TRUCK & TRAILER SALES,,Trailer,UNITED STATES (USA)
1S9059,10604,SOUTHCO INDUSTRIES INC,,Trailer,UNITED STATES (USA)
1S9078,15344,STANDARD TRAILER COMPANY,,Trailer,UNITED STATES (USA)
1S9079,17296,SOUTH EAST BODY CORPORATION,,Trailer,UNITED STATES (USA)
1S9080,11161,"SILVER EAGLE BUS MANUFACTURING, INC",,Bus,UNITED STATES (USA)
1S9082,15343,"SPRING REPAIR SERVICE, INC",,Trailer,UNITED STATES (USA)
1S9089,15355,SYLVANIA CONCRETE COMPANY,,Truck,UNITED STATES (USA)
1S9095,15330,SHASTA TRAILER MFG.,,Trailer,UNITED STATES (USA)
1S9096,15351,SUPREME TRAILER CO.,,Trailer,UNITED STATES (USA)
1S9097,4300,"SOONER TRAILER MFG. CO., INC.",,Trailer,UNITED STATES (USA)
1S9098,2832,SAAB-SCANIA OF AMERICAN INC.,,Bus,UNITED STATES (USA)
1S9100,15327,SEBRING HOMES CORPORATION,,Trailer,UNITED STATES (USA)
1S9101,15353,"SWEET HOME STOVE WORKS, INC",,Trailer,UNITED STATES (USA)
1S9102,15480,E & L ASSOCIATES,,Trailer,UNITED STATES (USA)
1S9103,15337,"SNAPPER EQUIPMENT DISTRIBUTORS, INC",,Trailer,UNITED STATES (USA)
1S9107,11614,"SPARTAN TRUCK COMPANY, INC.",,Trailer,
1S9111,15333,"SIEBERT TRAILERS, INC",,Trailer,UNITED STATES (USA)
1S9112,16174,INTERSTATE SUPPLY CO INC,,Trailer,UNITED STATES (USA)
1S9114,15336,"SKY COACH INTERNATIONAL, INC",,Trailer,UNITED STATES (USA)
1S9117,15334,SILVER STAR MFG.,,Trailer,UNITED STATES (USA)
1S9123,5735,SEBRING AUTO-CYCLE INC.,,Motorcycle,UNITED STATES (USA)
1S9129,15350,SUNSHINE STAINLESS TANK & EQUIPMENT CO.,,Trailer,UNITED STATES (USA)
1S9130,4729,SUPER X PRODUCTS INC.,,Trailer,UNITED STATES (USA)
1S9131,18100,SABRE LUXURY COACH INC.,,Bus,UNITED STATES (USA)
1S9132,25159,WRIGHT TRAILERS INC,,Trailer,
1S9136,8105,"MACK TRUCKS OF UTAH,INC.",,Truck,UNITED STATES (USA)
1S9141,8141,SPUDNIK EQUIPMENT COMPANY LLC,,Trailer,UNITED STATES (USA)
1S9142,3329,SCHODORF TRUCK BODY & EQUIPMENT CO.,,Trailer,UNITED STATES (USA)
1S9143,15340,SPECIALTY VEHICLES MFG. CORPORATION,,Trailer,UNITED STATES (USA)
1S9146,17048,STOVALL EQUIPMENT INC,,Trailer,UNITED STATES (USA)
1S9158,15356,SYSTEMS TECHNOLOGY COMPANY,,Trailer,UNITED STATES (USA)
1S9159,15348,"SUN-LAND RECREATIONAL VEHICLES, INC",,Trailer,UNITED STATES (USA)
1S9161,15328,"SELF-LOADING SYSTEMS, INC",,Trailer,UNITED STATES (USA)
1S9165,15347,"SUMMERSET HOMES, INC",,Trailer,UNITED STATES (USA)
1S9168,15324,"SAUCIER'S WELDING, INC",,Trailer,UNITED STATES (USA)
1S9169,15342,SPRAY FORCE MFG. INC,,Trailer,UNITED STATES (USA)
1S9173,17703,S & R INDUSTRIAL MAINTENANCE,,Trailer,UNITED STATES (USA)
1S9174,17356,SAVANNAH MACHINE SHOP & LOADER COMPANY,,Trailer,UNITED STATES (USA)
1S9175,15352,"SUPREME TRAILERS, INC",,Trailer,UNITED STATES (USA)
1S9176,15349,SUNRISE SYSTEMS,,Trailer,UNITED STATES (USA)
1S9178,15326,SCHOON BACKHOE SERVICE,,Trailer,UNITED STATES (USA)
1S9181,15332,SHREVEPORT ROD SPECIALTIES,,Trailer,UNITED STATES (USA)
1S9182,3324,SCHIEN EQUIPMENT INC,,Trailer,UNITED STATES (USA)
1S9187,3191,"SIGMA METALS, INC.",,Trailer,UNITED STATES (USA)
1S9188,1464,"SPECTOR MANUFACTURING, INC.",,Trailer,UNITED STATES (USA)
1S9189,17979,"STURDYWELD EQUIPMENT & DESIGN, INC.",,Trailer,UNITED STATES (USA)
1S9191,17695,SST TRAILERS,,Trailer,UNITED STATES (USA)
1S9194,15329,SEYMOUR WELDING,,Trailer,UNITED STATES (USA)
1S9197,17983,"SCS MACHINE & FABRICATING, INC.",,Trailer,UNITED STATES (USA)
1S9202,17696,CENTURY PRODUCTS CO.,,Trailer,UNITED STATES (USA)
1S9203,18065,VISTA CRUISER MFG.,,Trailer,UNITED STATES (USA)
1S9208,15761,ARMBRUSTER  STAGEWAY (DIVISION OF NEOAX INC),,Passenger Car,UNITED STATES (USA)
1S9215,17981,SOPKO MANUFACTURING COMPANY,,Trailer,UNITED STATES (USA)
1S9216,10618,SWENSON STEEL PRODUCTS CO. INC,,Trailer,UNITED STATES (USA)
1S9219,18236,SWEET WAY TRAILERS,,Trailer,UNITED STATES (USA)
1S9226,18252,"SNOWBLAST-SICARD, INC.",,Truck,UNITED STATES (USA)
1S9234,17840,INDUSTRIAL INNOVATIONS INC.,,Trailer,UNITED STATES (USA)
1S9236,18011,SOUTHERN IOWA MANUFACTURING CO.,,Trailer,UNITED STATES (USA)
1S9239,17815,S & M EQUIPMENT CORP.,,Trailer,UNITED STATES (USA)
1S9241,15921,SUPERIOR MANUFACTURING AND ENGINEERING CORPORATION,,Trailer,UNITED STATES (USA)
1S9248,18281,SWAY-TAMER MFG.,,Trailer,UNITED STATES (USA)
1S9250,18095,STOTLER WELDING,,Trailer,UNITED STATES (USA)
1S9253,16195,SIMPSON DIVERSIFIED METAL PRODUCTS,,Trailer,UNITED STATES (USA)
1S9257,17758,"SUPERIOR MANUFACTURING A DIVISION OF SUPERIOR WELDING, INC.",,Trailer,UNITED STATES (USA)
1S9260,24902,STAIRS WELDING RL INC.,,Trailer,UNITED STATES (USA)
1S9262,2683,SUNRIDGE INDUSTRIES INC,,Trailer,UNITED STATES (USA)
1S9266,9268,"STOLL TRAILERS, INC.",,Trailer,UNITED STATES (USA)
1S9267,17231,SPECIALTY TRAILERS CORPORATION,,Trailer,UNITED STATES (USA)
1S9274,17728,SPUR TRAILERS,,Trailer,UNITED STATES (USA)
1S9278,4427,SPECIALTY WELDING,,Trailer,UNITED STATES (USA)
1S9279,3251,SIOUX STEAM CLEANER CORP,,Trailer,UNITED STATES (USA)
1S9286,17776,"SPECIALTY MACHINE & MANUFACTURING, INC.",,Trailer,UNITED STATES (USA)
1S9292,17751,STAFFORD'S TRAILERS,,Trailer,UNITED STATES (USA)
1S9303,13596,"SUN COAST TRAILER MANUFACTURERS, INC.",,Trailer,UNITED STATES (USA)
1S9308,18019,"STALLION TRAILERS, INC.",,Trailer,UNITED STATES (USA)
1S9311,17326,STA CORPORATION,,Trailer,UNITED STATES (USA)
1S9313,2822,"S.D.P. MANUFACTURING, INC.",,Trailer,UNITED STATES (USA)
1S9317,3341,"SCHWEIGERS, INC.",,Trailer,UNITED STATES (USA)
1S9320,17782,STEVE'S WELDING & FABRICATION,,Trailer,UNITED STATES (USA)
1S9321,17796,S & R INDUSTRIES,,Trailer,UNITED STATES (USA)
1S9332,18142,SAFE-RIDE TRAILERS INC.,,Trailer,UNITED STATES (USA)
1S9334,2761,S & W WELDING INC,,Trailer,UNITED STATES (USA)
1S9337,18381,SABRE BUS & COACH CORPORATION,,Bus,UNITED STATES (USA)
1S9338,3794,"STONE CONSTRUCTION EQUIPMENT, INC.",,Trailer,UNITED STATES (USA)
1S9341,18367,SIMON AERIALS INC.,,Trailer,UNITED STATES (USA)
1S9344,3200,SILVER MOTOR COACH,,Bus,UNITED STATES (USA)
1S9350,16631,"STAR WAGGONS, INC",,Trailer,UNITED STATES (USA)
1S9357,17943,"STURDY BUILT, INC.",,Trailer,UNITED STATES (USA)
1S9358,16705,SERVICES & MATERIALS COMPANY,,Trailer,UNITED STATES (USA)
1S9360,3195,SIKESTON FENCE & CONSTRUCTION INC,,Trailer,UNITED STATES (USA)
1S9362,16690,SWEITZER COMPANIES,,Trailer,UNITED STATES (USA)
1S9363,18209,"SCARAB MANUFACTURING AND LEASING, INC.",,Trailer,UNITED STATES (USA)
1S9364,16722,SPECTRUM ENGINEERING HAWAII,,Trailer,UNITED STATES (USA)
1S9368,10613,"SUDENGA INDUSTRIES, INC.",,Trailer,UNITED STATES (USA)
1S9369,16721,"SIMPLEX, INC",,Trailer,UNITED STATES (USA)
1S9376,4434,SPLASH MARINE LLC,,Trailer,UNITED STATES (USA)
1S9381,7999,SEWER EQUIPMENT CO OF AMERICA,,Trailer,UNITED STATES (USA)
1S9383,17101,"SCHWARTZ, INDY, INC.",,Trailer,UNITED STATES (USA)
1S9384,19564,S & S WELDING INC,,Trailer,UNITED STATES (USA)
1S9385,2583,"STRUCTURAL STEEL SUPPLY, INC.",,Trailer,UNITED STATES (USA)
1S9389,2760,S & S WELDING,,Trailer,UNITED STATES (USA)
1S9390,3196,"SILVER EAGLE COACH, INC.",,Trailer,UNITED STATES (USA)
1S9391,17077,"SPECIAL TRUCKS, INC",,Truck,UNITED STATES (USA)
1S9393,2596,SUGAR CREEK MANUFACTURING CO.,,Trailer,UNITED STATES (USA)
1S9402,13429,"SCHANTZ & SONS, INC",,Trailer,UNITED STATES (USA)
1S9405,18199,S&S CUSTOM TRAILERS,,Trailer,UNITED STATES (USA)
1S9406,17952,"SEI A DIVISION OF STOVALL FAB & MACHINE, INC.",,Trailer,UNITED STATES (USA)
1S9407,8734,STANLEY EMERGENCY PRODUCTS INC.,,Trailer,UNITED STATES (USA)
1S9410,8105,"MACK TRUCKS OF UTAH,INC.",,Incomplete Vehicle,UNITED STATES (USA)
1S9415,16702,SUGGS MANUFACTURING COMPANY,,Trailer,UNITED STATES (USA)
1S9418,10607,"SPECIALTY BRISTOW SALES, INC.",,Trailer,UNITED STATES (USA)
1S9422,16760,SIOUXLAND TRAILER SALES INC,,Trailer,UNITED STATES (USA)
1S9424,2512,STOCKTON TRUCK AND WELDING,,Trailer,UNITED STATES (USA)
1S9427,16839,SOUTHERN SPECIALTY WELDING,,Trailer,UNITED STATES (USA)
1S9430,12162,"STRUCTURAL METAL FABRICATORS, INC.",,Trailer,UNITED STATES (USA)
1S9431,16816,"SHUFFETT MACHINE & WELDING, INC",,Trailer,UNITED STATES (USA)
1S9434,8375,SOUTHWEST  TRUCK RIGGING & EQUIP.,,Trailer,UNITED STATES (USA)
1S9436,16828,SHANNON CUSTOM TRAILERS,,Trailer,UNITED STATES (USA)
1S9437,6040,STELLAR INDUSTRIES INC.,,Trailer,UNITED STATES (USA)
1S9442,16972,SPECIALTY AUTO TRANSPORT,,Trailer,UNITED STATES (USA)
1S9445,16918,STEELWRIGHT MANUFACTURING CORP.,,Trailer,UNITED STATES (USA)
1S9451,2383,SPARTA MANUFACTURING CORPORATION,,Trailer,UNITED STATES (USA)
1S9455,16948,SURFACE PREPARATION SYSTEMS INC,,Trailer,UNITED STATES (USA)
1S9459,16949,SIERRA PRECISION TOOL,,Trailer,UNITED STATES (USA)
1S9461,16921,SCHELL MANUFACTURING,,Trailer,UNITED STATES (USA)
1S9464,17938,"SPRINT MANUFACTURING, INC.",,Trailer,UNITED STATES (USA)
1S9470,2318,SPECIALIZED PRODUCTS INC,,Trailer,UNITED STATES (USA)
1S9475,18202,STEVE'S WELDING SERVICE & MACHINE SHOP,,Trailer,UNITED STATES (USA)
1S9476,8211,SMITHCO MANUFACTURING,,Trailer,UNITED STATES (USA)
1S9477,5912,SHAFFER'S MUFFLER SHOPS INC,,Trailer,UNITED STATES (USA)
1S9478,4362,STREAM INDUSTRIES INC,,Trailer,UNITED STATES (USA)
1S9483,3252,SIOUX VENEER PANEL CO,,Trailer,UNITED STATES (USA)
1S9484,8379,SOUTHWEST SALES,,Trailer,UNITED STATES (USA)
1S9486,12772,HOG WILD TRAILER COMPANY,,Trailer,UNITED STATES (USA)
1S9490,2388,SQUATDOWN MFG INC,,Trailer,UNITED STATES (USA)
1S9492,11641,SCHUTT'S WELDING,,Trailer,UNITED STATES (USA)
1S9497,16977,SUNTERA,,Low Speed Vehicle (LSV),UNITED STATES (USA)
1S9499,4366,STRETCH CHASIS INTERNATIONAL,,Trailer,UNITED STATES (USA)
1S9501,2756,S & S MANUFACTURING,,Trailer,UNITED STATES (USA)
1S9521,8037,SPOUTVAC USA INC,,Trailer,UNITED STATES (USA)
1S9532,3348,SCOTT EQUIPMENT CO,,Trailer,UNITED STATES (USA)
1S9542,22779,SPORT TRAIL,,Trailer,UNITED STATES (USA)
1S9543,18032,"S.D. PITMAN, INC.",,Trailer,UNITED STATES (USA)
1S9547,3391,SUN INTERNATIONAL RACING CORP,,Passenger Car,UNITED STATES (USA)
1S9557,3391,SUN INTERNATIONAL RACING CORP,,Passenger Car,UNITED STATES (USA)
1S9566,3391,SUN INTERNATIONAL RACING CORP,,Passenger Car,UNITED STATES (USA)
1S9571,2729,SURGICAL STEEDS AMERICAN MOTORCYCLE,,Motorcycle,UNITED STATES (USA)
1S9573,4738,SUPERIOR MFG. INC,,Trailer,UNITED STATES (USA)
1S9574,3350,SCOTT'S CUSTOM TRAILERS,,Trailer,UNITED STATES (USA)
1S9575,3759,STEEL-TECH INC,,Trailer,UNITED STATES (USA)
1S9577,17016,SPORT KING LLC,,Trailer,UNITED STATES (USA)
1S9584,15129,SOUTHWEST PRODUCTS,,Trailer,UNITED STATES (USA)
1S9599,3352,SCRANTON MFG CO. INC.,,Trailer,UNITED STATES (USA)
1S9601,8216,SNOW MANUFACTURING INC,,Trailer,UNITED STATES (USA)
1S9608,17017,SLOTH TRUCK EQUIPMENT CO.,,Trailer,UNITED STATES (USA)
1S9609,3199,"SILVERLITE TRAILERS, INC.",,Trailer,UNITED STATES (USA)
1S9611,8049,STAGECOACH INDUSTRIES INC,,Trailer,UNITED STATES (USA)
1S9612,2658,"SUN INTERNATIONAL HOLDING, INC",,Trailer,UNITED STATES (USA)
1S9613,3863,STROHL CORPORATION,,Trailer,UNITED STATES (USA)
1S9616,3865,STRONG MANUFACTURING,,Trailer,UNITED STATES (USA)
1S9617,17032,S.A.P TRAILERS,,Trailer,UNITED STATES (USA)
1S9623,2323,SPECIALTY METAL FAB.,,Trailer,UNITED STATES (USA)
1S9625,3600,"SAND'S WELDING, INC.",,Trailer,UNITED STATES (USA)
1S9627,17041,S&S MANUFACTURING,,Trailer,UNITED STATES (USA)
1S9638,17048,STOVALL EQUIPMENT INC,,Trailer,UNITED STATES (USA)
1S9640,8639,"SIXTH STREET CHOPPERS, LLC",,Motorcycle,UNITED STATES (USA)
1S9641,2849,SAMMY'S GOLF CARS LLC,,Trailer,UNITED STATES (USA)
1S9643,2749,S & D MANUFACTURING,,Trailer,UNITED STATES (USA)
1S9646,8009,SIERRA WELDING & FABRICATING,,Trailer,UNITED STATES (USA)
1S9647,2840,SAKO CORPORATION,,Trailer,UNITED STATES (USA)
1S9648,3201,"SOUTHERN INDIANA MATERIALS COMPANY, INC",,Trailer,UNITED STATES (USA)
1S9649,2403,SWINFORD TRAILER SALES,,Trailer,UNITED STATES (USA)
1S9652,4438,"SPORTRUNNER TRAILERS, LLC",,Trailer,UNITED STATES (USA)
1S9653,8201,"SMART TRAILERS, INC.",,Trailer,UNITED STATES (USA)
1S9655,3435,"SHOW TRUCKS USA, INC.",,Trailer,UNITED STATES (USA)
1S9656,4429,SPECTRAC SUSPENSION CENTERS INC,,Trailer,UNITED STATES (USA)
1S9657,3170,"SHOOK ELECTRONCIS USA, INC.",,Trailer,UNITED STATES (USA)
1S9658,2386,SPYGAARD INDUSTRIES INC.,,Trailer,UNITED STATES (USA)
1S9661,2764,S AND J MFG.,,Trailer,UNITED STATES (USA)
1S9662,8144,SKYTOP BREWSTER CO.,,Trailer,UNITED STATES (USA)
1S9663,2402,SWIFT ENTERPRISES INC.,,Trailer,UNITED STATES (USA)
1S9669,3393,SUN RAY MANUFACTURING,,Trailer,UNITED STATES (USA)
1S9672,4742,SUPERIOR TRAILER INC.,,Trailer,UNITED STATES (USA)
1S9673,2584,"STUART SCOTSMAN, L.L.C.",,Trailer,UNITED STATES (USA)
1S9675,2510,STOCK CAR FABRICATIONS,,Trailer,UNITED STATES (USA)
1S9677,8208,SMITH TRAILERS,,Trailer,UNITED STATES (USA)
1S9682,3603,SANDPOINT CUSTOM IRON,,Trailer,UNITED STATES (USA)
1S9684,22706,SWARTZ MANUFACTURING AND WELDING,,Trailer,UNITED STATES (USA)
1S9685,17716,SPECTRUM STEEL INC.,,Trailer,UNITED STATES (USA)
1S9698,17660,"STELTER REPAIR, INC.",,Trailer,UNITED STATES (USA)
1S9700,3757,STEEL TECHNOLOGIES,,Trailer,UNITED STATES (USA)
1S9705,2839,SAGINAW PRODUCTS CORPORATION,,Trailer,
1S9712,3437,SHOWLINER TRAILERS INC,,Trailer,UNITED STATES (USA)
1S9716,8108,SCENIC VIEW WELDING LLC,,Trailer,UNITED STATES (USA)
1S9719,10611,STINGERS MFG.,,Trailer,UNITED STATES (USA)
1S9721,3003,SUNCOR INDUSTRIES INC.,,Low Speed Vehicle (LSV),UNITED STATES (USA)
1S9723,10617,"SUPERLITE, INC.",,Trailer,UNITED STATES (USA)
1S9724,4301,"KING KUTTER II, INC.",,Trailer,UNITED STATES (USA)
1S9725,8005,SIDEKICK TRAILERS INC.,,Trailer,UNITED STATES (USA)
1S9727,8376,"SOUTHWEST GOLF CARS, INC.",,Low Speed Vehicle (LSV),UNITED STATES (USA)
1S9731,5791,SOMERSET AXLE COMPANY LLC,,Trailer,UNITED STATES (USA)
1S9732,15141,SRC MONTEZUMA LLC,,Low Speed Vehicle (LSV),UNITED STATES (USA)
1S9735,3758,STEEL TRAILERS OF COLORADO,,Trailer,UNITED STATES (USA)
1S9736,17391,"SUPERIOR FABRICATION, INC.",,Trailer,UNITED STATES (USA)
1S9737,2762,S * S COMPANY,,Trailer,UNITED STATES (USA)
1S9741,8063,STANLEY TRAILER & MFG.,,Trailer,UNITED STATES (USA)
1S9742,17389,"SHRUM TRAILERS MANUFACTURING, LLC",,Trailer,UNITED STATES (USA)
1S9743,5819,"SOUTHERN PRIDE DISTRIBUTING, LLC",,Trailer,UNITED STATES (USA)
1S9745,2751,S & R KING MECHANICAL CONTRACTOR INC,,Trailer,UNITED STATES (USA)
1S9746,17129,SMITTY BUILT TRAILERS INC,,Trailer,UNITED STATES (USA)
1S9748,8380,SOUTHWEST SPECIALTY TRAILERS,,Trailer,UNITED STATES (USA)
1S9749,2731,"SWAB WAGON COMPANY, INC.",,Trailer,UNITED STATES (USA)
1S9751,2470,SUPERIOR TRANSPORTS INC.,,Trailer,UNITED STATES (USA)
1S9752,8324,STARR MANUFACTURING,,Trailer,UNITED STATES (USA)
1S9755,2404,SWINGLIFT USA,,Trailer,UNITED STATES (USA)
1S9757,3169,"SHOAL RUNNER BOATS, INC.",,Trailer,UNITED STATES (USA)
1S9760,5906,SHADE TREE AUTOMOTIVE EQUIPMENT,,Trailer,UNITED STATES (USA)
1S9762,5811,"SOUTHEASTERN TRUCK BODY & EQUIPMENT, INC.",,Trailer,UNITED STATES (USA)
1S9763,2515,STOHL TRAILERS,,Trailer,UNITED STATES (USA)
1S9764,2391,SSI SHREDDING SYSTEMS INC,,Trailer,UNITED STATES (USA)
1S9765,3349,SCOTT HEAVY EQUIPMENT INC,,Trailer,UNITED STATES (USA)
1S9766,5878,SELLNER MANUFACTURING COMPANY,,Trailer,UNITED STATES (USA)
1S9767,8006,SIDEWINDERS,,Motorcycle,UNITED STATES (USA)
1S9770,10616,SUPERIOR METAL WORKS,,Trailer,UNITED STATES (USA)
1S9771,9944,"SWIFT MOTOR SPORTS, INC.",,Motorcycle,UNITED STATES (USA)
1S9772,4302,SHADDO INTERNATIONAL,,Trailer,UNITED STATES (USA)
1S9775,2390,SRTS COMPANY INC,,Trailer,UNITED STATES (USA)
1S9776,8136,SPRAYER SPECIALITIES INC,,Trailer,UNITED STATES (USA)
1S9779,3171,ROLLTECHS SPECIALTY VEHICLES LLC,,Trailer,UNITED STATES (USA)
1S9782,5889,SEQUOYAH STORAGE & TRAILER SALES,,Trailer,UNITED STATES (USA)
1S9786,3335,"SCHUTT INDUSTRIES OF CLINTONVILLE, WIS., INC.",,Trailer,UNITED STATES (USA)
1S9787,2502,"STEWART & STEVENSON SERVICES, INC.",,Trailer,UNITED STATES (USA)
1S9788,13614,SCOTT INDUSTRY'S PRO-FORMANCE MANUFACTURING,,Trailer,UNITED STATES (USA)
1S9791,5911,"SHAFER & SHAFER WELDING, LLC",,Trailer,UNITED STATES (USA)
1S9792,8204,SMITBUILT MFG.,,Trailer,UNITED STATES (USA)
1S9801,12381,SKYLIFT,,Trailer,UNITED STATES (USA)
1S9803,8373,SOLID STEEL FABRICATION,,Trailer,UNITED STATES (USA)
1S9806,2574,SOUTH FLORIDA TRAILERS OF FL. INC.,,Trailer,UNITED STATES (USA)
1S9811,8731,SKORCZEWSKI WELDING,,Trailer,UNITED STATES (USA)
1S9812,15947,STEEL BONE TRAILER MFG. INC,,Trailer,UNITED STATES (USA)
1S9813,8839,STREAMLINER MOTORCYCLES INC.,,Motorcycle,UNITED STATES (USA)
1S9814,8199,SLUSARSKI MFG,,Trailer,UNITED STATES (USA)
1S9818,2735,SWAY-A-WAY INC,,Trailer,UNITED STATES (USA)
1S9819,5243,"SIDE DUMP INDUSTRIES, LLC",,Trailer,UNITED STATES (USA)
1S9820,10620,SWINK METAL WORKS LLC,,Trailer,UNITED STATES (USA)
1S9821,2924,SAPPER TRAILERS INC,,Trailer,UNITED STATES (USA)
1S9822,2514,STOESS MANUFACTURING INC,,Trailer,UNITED STATES (USA)
1S9823,2389,SR TRAILERS,,Trailer,UNITED STATES (USA)
1S9824,5022,HESS-SEXTON CORPORATION,,Motorcycle,UNITED STATES (USA)
1S9825,3601,SANDERS TRAILER SERVICE INC,,Trailer,UNITED STATES (USA)
1S9828,10612,STONE'S MOTORCYCLE COMPANY INC,,Motorcycle,UNITED STATES (USA)
1S9829,3434,SHORTSTOP ENTERPRISES LLC,,Trailer,UNITED STATES (USA)
1S9831,9786,SUN SET TRAILER MANUFACTORY,,Trailer,UNITED STATES (USA)
1S9834,8328,STANTON DYNAMICS,,Trailer,UNITED STATES (USA)
1S9835,17183,SPECIALIZED TRAILERS,,Trailer,UNITED STATES (USA)
1S9836,4724,SUNSET TRAILER MFG. INC,,Trailer,UNITED STATES (USA)
1S9838,8050,RANDY MYERS STAGECOACH TRAILERS,,Trailer,UNITED STATES (USA)
1S9839,4434,SPLASH MARINE LLC,,Trailer,UNITED STATES (USA)
1S9840,4431,SPEEDY BLEACHER CORP,,Trailer,UNITED STATES (USA)
1S9841,2600,SUMSTAD MFG,,Trailer,UNITED STATES (USA)
1S9842,2841,SALEEN INC,,Passenger Car,UNITED STATES (USA)
1S9843,2572,"SOUTH COAST CHOPPERS, INC",,Motorcycle,UNITED STATES (USA)
1S9846,2588,STUDEBAKER MOTOR COMPANY,,Motorcycle,UNITED STATES (USA)
1S9847,2728,"SUN WEST ENGINEERING, INC",,Trailer,UNITED STATES (USA)
1S9852,11720,"SPORTSRIG.COM, LLC",,Trailer,UNITED STATES (USA)
1S9853,17668,STREAMLINE INTERNATIONAL,,Trailer,UNITED STATES (USA)
1S9855,2506,STILL TRAILER MANUFACTURING,,Trailer,UNITED STATES (USA)
1S9856,2756,S & S MANUFACTURING,,Trailer,UNITED STATES (USA)
1S9858,6475,SLED SHED ENTERPRISES DBA GREAT LAKES PORTABLE,,Trailer,UNITED STATES (USA)
1S9861,9489,SAVAGE CYCLES INC.,,Motorcycle,UNITED STATES (USA)
1S9862,5924,"SHELF ABOVE MANUFACTURING, INC.",,Trailer,UNITED STATES (USA)
1S9863,5920,SHAULL EQUIPMENT AND SUPPLY COMPANY,,Trailer,UNITED STATES (USA)
1S9864,5826,"SOUTHERNRIO INDUSTRIES, INC.",,Trailer,UNITED STATES (USA)
1S9867,10047,SPEED & PRECISION CYCLES LLC,,Motorcycle,UNITED STATES (USA)
1S9869,3599,SANCHEZ AND SON MANUFACTURING,,Trailer,UNITED STATES (USA)
1S9870,5917,"SHARP MANUFACTURING, LLC",,Trailer,UNITED STATES (USA)
1S9872,17666,SIMMONS TRAILERS,,Trailer,UNITED STATES (USA)
1S9873,1395,"SHADOW TRAILERS, LLC",,Trailer,UNITED STATES (USA)
1S9875,10417,SCHWARTZKOPF EXCLUSIVE CUSTOMS,,Motorcycle,UNITED STATES (USA)
1S9890,11742,S.I.C. CHOPPERS (STYLE IN CUSTOM CHOPPERS),,Motorcycle,UNITED STATES (USA)
1S9893,13597,"SECOND TRUNK TRAILERS, INC.",,Trailer,UNITED STATES (USA)
1S9895,7440,EDWARD R. SUMMERS,,Trailer,UNITED STATES (USA)
1S9901,11131,"SUCKERPUNCH SALLYS, LLC",,Motorcycle,UNITED STATES (USA)
1S9903,21822,SUNSET CHOPPERS INC.,,Motorcycle,
1S9907,11604,STEEL PONIES LLC,,Motorcycle,UNITED STATES (USA)
1S9908,11715,"SOUTHERN STAR TRAILERS, INC.",,Trailer,UNITED STATES (USA)
1S9909,9062,"SIGNALMASTERS, INC.",,Trailer,UNITED STATES (USA)
1S9910,11065,SAUK TECHNOLOGIES,,Trailer,UNITED STATES (USA)
1S9912,11734,SUBURBAN MANUFACTURING CO.,,Trailer,UNITED STATES (USA)
1S9914,11264,SPIRIT TRAILER MANUFACTURING,,Trailer,UNITED STATES (USA)
1S9916,11057,"SPECIAL T TRAILER MANUFACTURING, LLP",,Trailer,UNITED STATES (USA)
1S9917,11090,STEPHENVILLE TRAILERS & TRUCK ASSESSORIES,,Trailer,UNITED STATES (USA)
1S9918,11095,SCORPION CHOPPERS INC.,,Motorcycle,UNITED STATES (USA)
1S9919,8703,VENTURETECH CORPORATION,,Trailer,UNITED STATES (USA)
1S9921,8630,SEBASTO WELDING,,Trailer,UNITED STATES (USA)
1S9926,8623,"SEALCOATERS DEPOT , INC.",,Trailer,UNITED STATES (USA)
1S9928,9777,SPEARMAN MANUFACTURING,,Trailer,UNITED STATES (USA)
1S9929,9919,SOUTH BAY CHOPPERS,,Motorcycle,UNITED STATES (USA)
1S9930,9004,SPECIAL CONSTRUCTION MOTORCYCLES,,Motorcycle,UNITED STATES (USA)
1S9931,9945,STRONG ISLAND CYCLES INC.,,Motorcycle,UNITED STATES (USA)
1S9932,9240,STEVENSON'S CYCLE,,Motorcycle,UNITED STATES (USA)
1S9933,9413,SHORT GO INC.,,Trailer,UNITED STATES (USA)
1S9934,9043,SMOKE DOG LLC,,Motorcycle,UNITED STATES (USA)
1S9940,3339,SCHWARZE INDUSTRIES INC,,Trailer,UNITED STATES (USA)
1S9942,13577,STEELE ENTERPRISES,,Trailer,UNITED STATES (USA)
1S9943,11167,SCRAP IRON KUSTOMS INC.,,Motorcycle,UNITED STATES (USA)
1S9944,9666,SSC NORTH AMERICA LLC.,,Passenger Car,
1S9949,9471,"SICK PIGS MOTORCYCLE COMPANY, LLC",,Motorcycle,UNITED STATES (USA)
1S9950,9235,"STREIGHT MOTORCYCLES, INC.",,Motorcycle,UNITED STATES (USA)
1S9952,1403,SPENCER BOWMAN CUSTOMS,,Motorcycle,UNITED STATES (USA)
1S9953,17184,SCORPION CUSTOMS,,Motorcycle,UNITED STATES (USA)
1S9954,9580,STEIN METAL FAB,,Trailer,UNITED STATES (USA)
1S9959,10703,"SANTIAGO CHOPPER SPECIALTIES, LLC",,Motorcycle,UNITED STATES (USA)
1S9960,10152,SPIKA WELDING & MANUFACTURING,,Trailer,UNITED STATES (USA)
1S9961,9903,SMOKIN' BARBEQUE,,Trailer,UNITED STATES (USA)
1S9964,9723,"SCAR, INC.",,Motorcycle,UNITED STATES (USA)
1S9966,10403,SO-CAL TEARDROPS,,Trailer,UNITED STATES (USA)
1S9967,17165,SIGNATURE MOTOR COMPANY,,Motorcycle,UNITED STATES (USA)
1S9968,9253,"STAR CUSTOM CREATIONS, LLC.",,Motorcycle,UNITED STATES (USA)
1S9969,11368,SHOWOFF TRAILERS,,Trailer,UNITED STATES (USA)
1S9970,10683,SOUTHERN TRAILERS INC.,,Trailer,UNITED STATES (USA)
1S9971,9246,SAMHELL CHOPPERS,,Motorcycle,UNITED STATES (USA)
1S9972,10117,SINISTER CUSTOM CYCLES,,Motorcycle,UNITED STATES (USA)
1S9973,9941,"SUNSHINE PIPING , INC.",,Trailer,UNITED STATES (USA)
1S9974,11282,SAIL TRAILERS,,Trailer,UNITED STATES (USA)
1S9976,9431,"SERVICE KING MANUFACTURING, INC.",,Truck,UNITED STATES (USA)
1S9977,10147,"SOUTH EAST INDUSTRIES, LLC",,Trailer,UNITED STATES (USA)
1S9979,10149,"TMP OUT WEST, LP",,Trailer,UNITED STATES (USA)
1S9980,10867,STONES,,Motorcycle,UNITED STATES (USA)
1S9981,9433,SAFETY TECHNOLOGIES,,Trailer,UNITED STATES (USA)
1S9983,10657,"SNAKE ALLEY CUSTOMS, INC.",,Motorcycle,UNITED STATES (USA)
1S9984,6858,SIBERIAN TRAILERS,,Trailer,UNITED STATES (USA)
1S9985,10158,SAN CLEMENTE GOLF CARTS,,Low Speed Vehicle (LSV),UNITED STATES (USA)
1S9986,17164,SAMSON TRAILERS INC,,Trailer,UNITED STATES (USA)
1S9990,9259,SEXTON CUSTOMS,,Motorcycle,UNITED STATES (USA)
1S9991,9446,SABERS SPECIALTIES LLC,,Motorcycle,UNITED STATES (USA)
1S9994,10410,SARATOGA CUSTOM CYCLES,,Motorcycle,UNITED STATES (USA)
1S9996,10680,"SLEEPING GIANT MFG., INC.",,Trailer,UNITED STATES (USA)
1S9998,10643,STONE COLD CUSTOM CYCLES,,Motorcycle,UNITED STATES (USA)
1S9999,8644,SUNDANCE TRAILERS DBA SANTEK TRAILERS,,Trailer,UNITED STATES (USA)
1S9S10,8371,SOLECTRIA CORPORATION,,Passenger Car,UNITED STATES (USA)
1S9S20,8371,SOLECTRIA CORPORATION,,Multipurpose Passenger Vehicle (MPV),UNITED STATES (USA)
1S9S30,8371,SOLECTRIA CORPORATION,,Truck,UNITED STATES (USA)
1S9SC8,9461,"SILVER CREEK HOMES, INC.",,Trailer,UNITED STATES (USA)
1S9SJP,4281,SJ PARK MODELS LLC,,Trailer,UNITED STATES (USA)
1S9SMD,8205,SMITH-MCDANIEL INC,,Trailer,UNITED STATES (USA)
1SA,8181,STARCRAFT RV,"STARCRAFT, AUTUMN RIDGE, SUPER LITE, GSL, TRAVEL SUPREME (TS-1), TELLURIDE",Trailer,UNITED STATES (USA)
1SC,7436,AIRSTREAM INC.,AIRSTREAM,Trailer,UNITED STATES (USA)
1SD,10600,SKYLINE CORPORATION,SKYLINE CORPORATION,Trailer,UNITED STATES (USA)
1SE,10600,SKYLINE CORPORATION,SKYLINE CORPORATION,Trailer,UNITED STATES (USA)
1SF,10600,SKYLINE CORPORATION,SKYLINE CORPORATION,Trailer,UNITED STATES (USA)
1SG,10600,SKYLINE CORPORATION,SKYLINE CORPORATION,Trailer,UNITED STATES (USA)
1SH,10600,SKYLINE CORPORATION,SKYLINE CORPORATION,Trailer,UNITED STATES (USA)
1SJ,10600,SKYLINE CORPORATION,SKYLINE CORPORATION,Trailer,UNITED STATES (USA)
1SL,10600,SKYLINE CORPORATION,SKYLINE CORPORATION,Trailer,UNITED STATES (USA)
1SM,7436,AIRSTREAM INC.,AIRSTREAM,Trailer,UNITED STATES (USA)
1SN,10600,SKYLINE CORPORATION,SKYLINE CORPORATION,Trailer,UNITED STATES (USA)
1SP,23865,ADVANCED TRAILER MANUFACTURING,ADVANCED TRAILER MANUFACTURING,Trailer,UNITED STATES (USA)
1ST,7436,AIRSTREAM INC.,AIRSTREAM,Trailer,UNITED STATES (USA)
1SU,1110,SUPREME CORPORATION,SUPREME CORPORATION,Trailer,UNITED STATES (USA)
1SV,10600,SKYLINE CORPORATION,SKYLINE CORPORATION,Trailer,UNITED STATES (USA)
1SY,10600,SKYLINE CORPORATION,SKYLINE CORPORATION,Trailer,UNITED STATES (USA)
1SZ,15335,"SKIPPER 'B' TRAILERS, INC",SKIPPER B,Trailer,UNITED STATES (USA)
1T0,10836,TRAIL-RITE INC,TRAIL-RITE,Trailer,UNITED STATES (USA)
1T7,1086,"THOMAS BUILT BUSES, INC",THOMAS BUILT,Bus,
1T8,1086,"THOMAS BUILT BUSES, INC",THOMAS BUILT,Bus,
1T9006,8271,TRI-STAR TRAILERS,,Trailer,UNITED STATES (USA)
1T9013,8275,TRIAD TRAILERS LLC,,Trailer,UNITED STATES (USA)
1T9016,8279,PERFORMANCE TRAILERS,,Trailer,UNITED STATES (USA)
1T9030,16339,TUFF BOY SALES INC,,Trailer,UNITED STATES (USA)
1T9031,4992,TRUCK EQUIPMENT CORPORATION,,Truck,UNITED STATES (USA)
1T9050,8258,"TRAVEL UNITS, INC.",,Trailer,UNITED STATES (USA)
1T9054,2931,TEAM FENEX,,Trailer,UNITED STATES (USA)
1T9055,15384,TRI-CITY BOAT DOCK,,Trailer,UNITED STATES (USA)
1T9060,16168,INTERNATIONAL TANK & TRAILER INC,,Trailer,UNITED STATES (USA)
1T9066,15378,TRAILSTAR  MANUFACTURING CORPORATION,,Trailer,UNITED STATES (USA)
1T9067,5032,B&B HOMES INC DBA TETON HOMES DBA TETON INT.,,Trailer,UNITED STATES (USA)
1T9071,15390,TYCO TRAILER MFG.,,Trailer,UNITED STATES (USA)
1T9072,2767,"THE TRAILER COMPANY, INC.",,Trailer,UNITED STATES (USA)
1T9079,15357,T & M EQUIPMENT,,Trailer,UNITED STATES (USA)
1T9081,17380,TOM'S TRAILER WORKS,,Trailer,UNITED STATES (USA)
1T9084,15389,"TURNBOW TRAILERS, INC",,Trailer,UNITED STATES (USA)
1T9092,15366,TAYLOR MARINE CO.,,Trailer,UNITED STATES (USA)
1T9097,16161,INDUSTRIAL POWER PRODUCTS,,Trailer,UNITED STATES (USA)
1T9106,15373,"TI-BROOK SOUTH, INC",,Trailer,UNITED STATES (USA)
1T9114,15381,TRANSTECH LTD,,Trailer,UNITED STATES (USA)
1T9118,15375,TRAILBOSS TRAILERS INC.,,Trailer,UNITED STATES (USA)
1T9120,3631,"TAMPA TRAILERWORKS, INC.",,Trailer,UNITED STATES (USA)
1T9123,15391,"TYLER COACH MFG.,INC",,Trailer,UNITED STATES (USA)
1T9125,10081,"TWIN CITY TRAILER SALES, INC.",,Trailer,UNITED STATES (USA)
1T9130,15383,TRAVEL LINE INC,,Trailer,UNITED STATES (USA)
1T9135,15362,TAC TRAILERS  ALUMINUM BOATING DESIGNS,,Trailer,UNITED STATES (USA)
1T9139,17712,TRAILERS LTD,,Trailer,UNITED STATES (USA)
1T9148,17313,"THOR TRAILERS, INC",,Trailer,UNITED STATES (USA)
1T9154,18070,TEX STAR MFG.,,Trailer,UNITED STATES (USA)
1T9156,17685,TFS CO,,Trailer,UNITED STATES (USA)
1T9160,18075,TRIPLE J. TRAILER SALES,,Trailer,UNITED STATES (USA)
1T9168,18089,TAILORED TRAILERS,,Trailer,UNITED STATES (USA)
1T9178,18086,TRIPLE-B TRUCK BODY AND METAL FABRICATING COMPANY,,Trailer,UNITED STATES (USA)
1T9181,17757,TRAILER WORLD INC.,,Trailer,UNITED STATES (USA)
1T9187,18352,TRAILER DISTRIBUTORS INCORPORATED,,Trailer,UNITED STATES (USA)
1T9196,18253,T.D. TRAILERS,,Trailer,UNITED STATES (USA)
1T9198,9906,"CP DEVELOPMENT, INC. DBA TRICKER TRAILERS",,Trailer,UNITED STATES (USA)
1T9199,3395,TIGER LINE EQUIPMENT INC.,,Trailer,UNITED STATES (USA)
1T9203,9160,"TRANSPORT DESIGNS, INC.",,Trailer,UNITED STATES (USA)
1T9204,2856,"TARASPORT TRAILERS, INC.",,Trailer,UNITED STATES (USA)
1T9207,18113,"CAMITS INDUSTRIES, INC.",,Trailer,UNITED STATES (USA)
1T9208,17888,T&R TRAILER MANUFACTURING,,Trailer,UNITED STATES (USA)
1T9210,11764,TIME OUT TRAILERS INC,,Trailer,UNITED STATES (USA)
1T9211,3694,"TITAN TRAILER MFG., INC.",,Trailer,UNITED STATES (USA)
1T9214,17836,TBG EQUIPMENT DIVISION OF CUSHION CUT,,Trailer,UNITED STATES (USA)
1T9221,18030,TRAIL RITE TRAILERS,,Trailer,UNITED STATES (USA)
1T9227,18304,TERRY'S TRAILERS,,Trailer,UNITED STATES (USA)
1T9228,17738,TAGGER TRAILERS,,Trailer,UNITED STATES (USA)
1T9229,9214,X-TEN CORPORATION,,Trailer,UNITED STATES (USA)
1T9230,10807,"T&E ENTERPRISES OF HERSCHER, INC.",,Trailer,UNITED STATES (USA)
1T9231,17291,"TOP ENTERPRISES, INC",,Trailer,UNITED STATES (USA)
1T9232,11977,WRIGHT WELDING INC.,,Trailer,UNITED STATES (USA)
1T9237,2307,TRIPLE B&J TRAILERS MFG. INC.,,Trailer,UNITED STATES (USA)
1T9240,17327,TRIANGLE MANUFACTURING AND PUMP CO. INC,,Trailer,UNITED STATES (USA)
1T9241,18010,"T.W.G. MACHINE, INC.",,Trailer,UNITED STATES (USA)
1T9242,17289,TEXAS TRAILERS,,Trailer,UNITED STATES (USA)
1T9244,5799,"TRANSPORT EQUIPMENT MANUFACTURING AND SALES, CORPORATION",,Trailer,UNITED STATES (USA)
1T9247,10839,"TRAVIS BODY & TRAILER, INC.",,Trailer,UNITED STATES (USA)
1T9249,18014,T. ROME ENT.,,Trailer,UNITED STATES (USA)
1T9250,17795,"TRAILERS-R-US, INC.",,Trailer,UNITED STATES (USA)
1T9251,17798,TRI-CO SPECIALTIES,,Trailer,UNITED STATES (USA)
1T9254,16666,TIMBERLINE ENTERPRISES,,Trailer,UNITED STATES (USA)
1T9259,17895,TIMBER CREEK RECREATIONAL VEHICLE,,Trailer,UNITED STATES (USA)
1T9260,18156,"TRANSLIFT SYSTEMS, INC.",,Trailer,UNITED STATES (USA)
1T9268,4220,TSE INTERNATIONAL INC,,Trailer,UNITED STATES (USA)
1T9271,7455,"TIBBAN MFG, INC.",,Trailer,UNITED STATES (USA)
1T9273,16710,T & R RACING AND FABRICATION,,Trailer,UNITED STATES (USA)
1T9277,18168,TESH & SONS TRAILER HITCH CENTER INC.,,Trailer,UNITED STATES (USA)
1T9278,16680,"TAYLOR TRAILERS (DIVISION OF DACODA TRAILERS, INC)",,Trailer,UNITED STATES (USA)
1T9279,16661,"TNT JET TECH, INC",,Trailer,UNITED STATES (USA)
1T9280,16663,"TECHNICAL STRUCTURES, INC",,Trailer,UNITED STATES (USA)
1T9281,16654,TEMPLES TRAILER SALES INC,,Trailer,UNITED STATES (USA)
1T9287,16994,TECHNOLOGY SYSTEMS,,Trailer,UNITED STATES (USA)
1T9294,16857,TEXAS TRAILER CORPORATION,,Trailer,UNITED STATES (USA)
1T9299,16770,TODD GEISERT WELDING SALES & SERVICE,,Trailer,UNITED STATES (USA)
1T9311,16694,"TRI-DEN, INC",,Trailer,UNITED STATES (USA)
1T9312,16875,TOTE'EM TRAILRIGHT TRAILERS,,Trailer,UNITED STATES (USA)
1T9322,16971,TRAILRITE,,Trailer,UNITED STATES (USA)
1T9328,4146,TOM'S SALES AND SERVICE,,Trailer,UNITED STATES (USA)
1T9332,17942,TWIN RIVERS MFG.,,Trailer,UNITED STATES (USA)
1T9338,2779,THERMAL TREK INC.,,Trailer,UNITED STATES (USA)
1T9350,16877,TOP NOTCH TRAILERS,,Trailer,UNITED STATES (USA)
1T9352,3598,SAN-JO TRAILER MFG.,,Trailer,UNITED STATES (USA)
1T9354,8273,"TRI-STATE INDUSTRIES, INC.",,Trailer,UNITED STATES (USA)
1T9359,16802,"TRAILS END MANUFACTURING, INC",,Trailer,UNITED STATES (USA)
1T9364,8421,TROPICAL TRAILERS OF LAKELAND,,Trailer,UNITED STATES (USA)
1T9366,16838,TECHWELD EQUIPMENT CO. INC,,Trailer,UNITED STATES (USA)
1T9369,16848,TRUCKS UNLIMITED,,Trailer,UNITED STATES (USA)
1T9370,17948,TRAILERS-N-MORE,,Trailer,UNITED STATES (USA)
1T9372,15618,"IMPERIAL TRAILER MANUFACTURING & SALES, INC.",,Trailer,UNITED STATES (USA)
1T9373,8401,TRIPLE-H-TRAILERS,,Trailer,UNITED STATES (USA)
1T9376,3706,TODD'S WELDING SERVICE INC,,Trailer,UNITED STATES (USA)
1T9378,16917,TECHNOLOGY DEVELOPMENT INC,,Trailer,UNITED STATES (USA)
1T9380,17342,TERMINAL SERVICES CO.,,Trailer,UNITED STATES (USA)
1T9384,16939,"TRAILER INDUSTRIES, INC",,Trailer,UNITED STATES (USA)
1T9385,16900,TOMAHAWK TRAILERS INC MN,,Trailer,UNITED STATES (USA)
1T9386,16933,TL ENTERPRISES,,Trailer,UNITED STATES (USA)
1T9391,1605,"UNDERGROUND, INC.",,Trailer,UNITED STATES (USA)
1T9392,11459,THOMAS FABRICATING INC.,,Trailer,UNITED STATES (USA)
1T9395,18210,TAYLOR TRAILERS (ROYAL TAYLOR),,Trailer,UNITED STATES (USA)
1T9396,10812,TEX MEX TRAILERS,,Trailer,UNITED STATES (USA)
1T9400,2954,TENSAS MACHINE & MANUFACTURING,,Trailer,UNITED STATES (USA)
1T9402,2871,TCS CABLE INC,,Trailer,UNITED STATES (USA)
1T9405,3264,THOMPSON TANK INC,,Trailer,UNITED STATES (USA)
1T9406,17957,TRAILERS PLUS,,Trailer,UNITED STATES (USA)
1T9428,2001,"T G INDUSTRIES, INC.",,Trailer,UNITED STATES (USA)
1T9434,18025,THE SHOP,,Trailer,UNITED STATES (USA)
1T9436,5969,TRAIL-RITE TRAILERS,,Trailer,UNITED STATES (USA)
1T9440,8335,TITAN MOTORCYCLE COMPANY OF AMERICA,,Motorcycle,UNITED STATES (USA)
1T9450,3268,THOR INDUSTRIES WEST,,Trailer,UNITED STATES (USA)
1T9466,10771,TOURNIER MFG. INC.,,Trailer,UNITED STATES (USA)
1T9468,17012,TEXAS TRAILERS,,Trailer,UNITED STATES (USA)
1T9473,6152,KNIGHT BROTHERS LLC DBA TWAMCO TRAILER CO.,,Trailer,UNITED STATES (USA)
1T9474,3630,TAMCO TRAILER CO,,Trailer,UNITED STATES (USA)
1T9492,8408,TRISEN FABRICATION,,Trailer,UNITED STATES (USA)
1T9493,3067,THE BROWN CO,,Trailer,UNITED STATES (USA)
1T9495,17030,"TWISTER TRAILER MANUFACTURING, INC.",,Trailer,UNITED STATES (USA)
1T9497,2306,TRIPLE B TRAILERS,,Trailer,UNITED STATES (USA)
1T9499,9307,"THERM DYNAMICS MFG., INC.",,Trailer,UNITED STATES (USA)
1T9501,17042,TL ENGINEERING,,Trailer,UNITED STATES (USA)
1T9506,1305,"TOP NOTCH TRAILER MANUFACTURING, INC.",,Trailer,UNITED STATES (USA)
1T9508,8269,"TRI-ONE, INC.",,Motorcycle,UNITED STATES (USA)
1T9512,5896,TEXAS TRAILER COMPANY,,Trailer,UNITED STATES (USA)
1T9514,5002,TRUCK HOIST SYSTEMS,,Trailer,UNITED STATES (USA)
1T9518,17080,TRIPLE J CUSTOM TRAILERS,,Trailer,UNITED STATES (USA)
1T9519,8047,TRAILERS UNLIMITED,,Trailer,UNITED STATES (USA)
1T9520,8719,TIMBERWOLF MANUFACTURING CORPORATION,,Trailer,UNITED STATES (USA)
1T9522,2305,TRINITY TRAILERS,,Trailer,UNITED STATES (USA)
1T9523,3205,TRAILERS PLUS,,Trailer,UNITED STATES (USA)
1T9524,8267,"TRI-COUNTY MANUFACTURING, INC.",,Trailer,UNITED STATES (USA)
1T9525,4150,TONKAWA TRAILERS & STEEL FABRICATOR,,Trailer,UNITED STATES (USA)
1T9529,3230,TRAILERS USA,,Trailer,UNITED STATES (USA)
1T9530,10081,"TWIN CITY TRAILER SALES, INC.",,Trailer,UNITED STATES (USA)
1T9534,5934,TOW TRUE TRAILERS,,Trailer,UNITED STATES (USA)
1T9536,8274,TRIAD ALUMINUM FABRICATION & SALES,,Trailer,UNITED STATES (USA)
1T9538,3274,"THUNDER TRIKES, INC.",,Motorcycle,UNITED STATES (USA)
1T9539,5898,TEXAS TRAILERS INC.,,Trailer,UNITED STATES (USA)
1T9540,3629,TXTX LLC,,Trailer,UNITED STATES (USA)
1T9541,8043,TRACKSTAR INC.,,Trailer,UNITED STATES (USA)
1T9543,8046,TRAILERS PLUS,,Trailer,UNITED STATES (USA)
1T9544,2860,TAYLOR AND SONS CUSTOM BUILT TRAILERS,,Trailer,UNITED STATES (USA)
1T9545,2315,TRAIL CRAFT,,Trailer,UNITED STATES (USA)
1T9546,13066,"BOA-MACK, INC.",,Trailer,UNITED STATES (USA)
1T9553,3275,"THUNDERBOLT ENTERPRISES, INC.",,Motorcycle,UNITED STATES (USA)
1T9560,5933,"TORSION TRAILERS, LLC",,Trailer,UNITED STATES (USA)
1T9566,3257,"TRAILERS EXPRESS, INC.",,Trailer,UNITED STATES (USA)
1T9572,10085,TXC MFG. CO.,,Trailer,UNITED STATES (USA)
1T9576,2564,"THAWZALL, LLC",,Trailer,UNITED STATES (USA)
1T9577,17086,T & G SALES,,Trailer,UNITED STATES (USA)
1T9578,13660,TISDELL'S IMPLEMENTS,,Trailer,UNITED STATES (USA)
1T9580,4202,"TRUCK WORLD, INC.",,Trailer,UNITED STATES (USA)
1T9582,8250,"TRANSPORTATION TECHNIQUES, LLC",,Bus,UNITED STATES (USA)
1T9583,2867,TAYLOR'S MANUFACTURING,,Trailer,UNITED STATES (USA)
1T9588,8265,TREMCAR USA INC.,,Trailer,UNITED STATES (USA)
1T9604,2417,T&D TRAILER SUPPLIES,,Trailer,UNITED STATES (USA)
1T9606,10397,"THRU-AIR TRAILER, LLC",,Trailer,UNITED STATES (USA)
1T9614,5964,"TRAIL MATE PRODUCTS, INC.",,Trailer,UNITED STATES (USA)
1T9615,3237,TRAMONT CORPORATION,,Trailer,UNITED STATES (USA)
1T9617,2863,TAYLOR MADE EQUIPMENT COMPANY,,Trailer,UNITED STATES (USA)
1T9621,2316,"TRAIL MAKER TRAILERS, INC.",,Trailer,UNITED STATES (USA)
1T9622,10817,THE HAMBY COMPANY,,Trailer,UNITED STATES (USA)
1T9623,3185,THE KBH CORPORATION,,Trailer,UNITED STATES (USA)
1T9626,13823,TRUNKS ON WHEELS,,Trailer,UNITED STATES (USA)
1T9627,3277,THURSTON MANUFACTURING COMPANY,,Trailer,UNITED STATES (USA)
1T9629,2419,"T&M CUSTOM TRAILERS, LLC.",,Trailer,UNITED STATES (USA)
1T9630,3255,"TRAILER TECH, INC.",,Trailer,UNITED STATES (USA)
1T9631,4223,TUFF BUILT TRAILERS OF OKLAHOMA,,Trailer,UNITED STATES (USA)
1T9632,3707,TOE-ME TRAILERS,,Trailer,UNITED STATES (USA)
1T9634,10888,"THOMPSON PUMP & MANUFACTURING CO., INC.",,Trailer,UNITED STATES (USA)
1T9636,8422,"TROTTERS MANUFACTURING, INC.",,Trailer,UNITED STATES (USA)
1T9639,3522,THE SHOP,,Trailer,UNITED STATES (USA)
1T9641,4005,TRIPLE R,,Trailer,UNITED STATES (USA)
1T9646,5792,"TRANSFORMER TRAILERS, INC.",,Trailer,UNITED STATES (USA)
1T9647,3520,THE SANDBAGGER CORPORATION,,Trailer,UNITED STATES (USA)
1T9648,2957,TERRADYNE EQUIPMENT COMPANY,,Trailer,UNITED STATES (USA)
1T9649,2261,TULSA RIG IRON INC,,Trailer,UNITED STATES (USA)
1T9651,3512,"THE MHC GROUP, INC.",,Trailer,UNITED STATES (USA)
1T9653,5903,TEXOMA WASTE CONTROL,,Trailer,UNITED STATES (USA)
1T9654,4225,TUFF MFG.,,Trailer,UNITED STATES (USA)
1T9656,2304,"TRINITY TRAILER MFG., INC.",,Trailer,UNITED STATES (USA)
1T9658,8227,TRANS-TECH INDUSTRIES INC,,Trailer,UNITED STATES (USA)
1T9661,10230,"TEAM SPIRIT TRAILERS OF ELKHART, INC.",,Trailer,UNITED STATES (USA)
1T9663,1341,TMP TRUCK & TRAILER,,Trailer,UNITED STATES (USA)
1T9667,3518,THE PERFECTION COMPANY,,Trailer,UNITED STATES (USA)
1T9668,17655,TRAILMASTER INC.,,Trailer,UNITED STATES (USA)
1T9669,1425,"TARGET TRAILER MFG., CO.",,Trailer,UNITED STATES (USA)
1T9675,3704,"TNT ALUMINUM TRAILERS, INC",,Trailer,UNITED STATES (USA)
1T9677,2421,T&T SALES OF ELBERTON INC,,Trailer,UNITED STATES (USA)
1T9681,8840,TITAN FABRICATION & WELDING,,Trailer,UNITED STATES (USA)
1T9682,2943,TEKSOL INC,,Trailer,UNITED STATES (USA)
1T9686,5979,TRAILER FORCE,,Trailer,UNITED STATES (USA)
1T9689,17610,TURFMAKER CORPORATION,,Trailer,UNITED STATES (USA)
1T9690,9188,ADVENTURE SPORTS PRODUCTS INC,,Trailer,UNITED STATES (USA)
1T9694,15176,TJC INC,,Trailer,UNITED STATES (USA)
1T9695,8842,TAYLOR TIDE-LAND TRAILERS LLC,,Trailer,UNITED STATES (USA)
1T9696,8420,TROPIC TRAILER INC,,Trailer,UNITED STATES (USA)
1T9697,2955,TENTRAX CORPORATION,,Trailer,UNITED STATES (USA)
1T9698,10842,TROUT CREEK ENTERPRISES INC,,Trailer,UNITED STATES (USA)
1T9699,4224,CODY LANDON,,Trailer,UNITED STATES (USA)
1T9700,2857,TARRANT MANUFACTURING CO. INC,,Trailer,UNITED STATES (USA)
1T9702,2415,T&R'S USED CARS INC.,,Trailer,UNITED STATES (USA)
1T9703,3238,TRAMS INTERNATIONAL,,Trailer,UNITED STATES (USA)
1T9704,3238,TRAMS INTERNATIONAL,,Trailer,UNITED STATES (USA)
1T9706,4004,TRIPLE M MANUFACTURING,,Trailer,UNITED STATES (USA)
1T9707,3208,THE EGG RANCH OF OREGON,,Trailer,UNITED STATES (USA)
1T9708,5973,TRAILDUSTER TRAILERS INC,,Trailer,UNITED STATES (USA)
1T9709,4041,TERRY'S TRAILERS INC,,Trailer,UNITED STATES (USA)
1T9713,3210,THE FAB SHOP,,Trailer,UNITED STATES (USA)
1T9714,17654,TRAILCO EQUIPMENT SALES,,Trailer,UNITED STATES (USA)
1T9716,3077,THE CONCRETE EDGE COMPANY,,Trailer,UNITED STATES (USA)
1T9717,3273,"THUNDER MOUNTAIN CUSTOM CYCLES, INC.",,Motorcycle,UNITED STATES (USA)
1T9718,10496,CANYON TRAILERS,,Trailer,UNITED STATES (USA)
1T9719,8423,"TROXELL COMPANY, INC.",,Trailer,UNITED STATES (USA)
1T9720,2257,TUG HILL TRAILER MFG,,Trailer,UNITED STATES (USA)
1T9721,12394,TRELAN MANUFACTURING,,Trailer,UNITED STATES (USA)
1T9722,3695,TLC OF TX. INC.,,Trailer,UNITED STATES (USA)
1T9723,11461,TIMELEE'S,,Trailer,UNITED STATES (USA)
1T9726,1427,"TIGER TRUCK, LLC AKA TIGER TRUCK MANUFACTURING, LL",,Truck,UNITED STATES (USA)
1T9730,8230,TRANSCOR INTERNATIONAL DEVELOPMENT CORP.,,Trailer,UNITED STATES (USA)
1T9731,10837,TRAILER & TRUCK,,Trailer,UNITED STATES (USA)
1T9732,8416,"TROLLEY BOATS , LLC",,Bus,UNITED STATES (USA)
1T9734,9013,THUNDER CYCLE DESIGN INC.,,Motorcycle,UNITED STATES (USA)
1T9735,4147,TOMAHAWK FABRICATING,,Trailer,UNITED STATES (USA)
1T9736,3177,TEXAS PRECISION,,Trailer,UNITED STATES (USA)
1T9741,9942,TRAILALONG TRAILER INC.,,Trailer,UNITED STATES (USA)
1T9744,3521,THE SHOLAR COMPANY INC,,Trailer,UNITED STATES (USA)
1T9746,4007,TRIPLE-C TRAILERS LLC,,Trailer,UNITED STATES (USA)
1T9748,9547,TRAILBLAZER TRAILERS,,Trailer,UNITED STATES (USA)
1T9749,17170,TAYLOR MADE MANUFACTURING LLC,,Trailer,UNITED STATES (USA)
1T9750,2866,TAYLOR'S FAB & MECHANICAL SVC'S,,Trailer,UNITED STATES (USA)
1T9751,2407,T & D ENTERPRISE INC,,Trailer,UNITED STATES (USA)
1T9752,2829,TABOO MOTORCYCLE COMPANY LLC,,Motorcycle,UNITED STATES (USA)
1T9753,12973,GALAXY TRAILER MFG,,Trailer,UNITED STATES (USA)
1T9755,5966,TRAIL-A-LONG MANUFACTURING,,Trailer,UNITED STATES (USA)
1T9757,3700,"TMS, INC.",,Trailer,UNITED STATES (USA)
1T9758,3869,"TALON TRAILERS DIVISION OF RIVER PRODUCTS, INC.",,Trailer,UNITED STATES (USA)
1T9759,5892,TOP TOW TRAILERS,,Trailer,UNITED STATES (USA)
1T9761,3624,TAILGATER PARTY TRAILERS,,Trailer,UNITED STATES (USA)
1T9762,3206,TRAILER SALES AND SUPPLY OF CHATTAHOOCHEE,,Trailer,UNITED STATES (USA)
1T9763,3688,TECHSUN TRAILERS,,Trailer,UNITED STATES (USA)
1T9764,3272,"THORP EQUIPMENT, INC.",,Trailer,UNITED STATES (USA)
1T9769,4065,MOBILITY SOLUTIONS LLC DBA TAILGATOR TRAILERS,,Trailer,UNITED STATES (USA)
1T9770,2414,T BAR J TRAILERS,,Trailer,UNITED STATES (USA)
1T9774,2406,T&A DOUBLE TILT TRAILERS,,Trailer,UNITED STATES (USA)
1T9775,2999,"TECHNOLOGY PLUS TRAILERS, INC.",,Trailer,UNITED STATES (USA)
1T9776,3699,"TMC TRAILERS, LLC",,Trailer,UNITED STATES (USA)
1T9777,3260,TRAILERS +,,Trailer,UNITED STATES (USA)
1T9779,12710,CRARY A DIV OF TERRAMARC INDUSTRIES INC.,,Trailer,UNITED STATES (USA)
1T9781,2864,"TAYLOR POWER SYSTEMS, INC.",,Trailer,UNITED STATES (USA)
1T9784,2408,"T & D MANUFACTURING, LLC",,Trailer,UNITED STATES (USA)
1T9785,13662,TMC DESIGN CORPORATION,,Trailer,UNITED STATES (USA)
1T9788,10811,TBM MFG.,,Trailer,UNITED STATES (USA)
1T9789,5899,TEXAS TRUCK AND TRAILER,,Trailer,UNITED STATES (USA)
1T9796,11078,"TNT CHOPPERS, INC.",,Motorcycle,UNITED STATES (USA)
1T9799,2524,TLC MANUFACTURING INC.,,Trailer,UNITED STATES (USA)
1T9801,10893,TOP DECK TRAILERS AND MOTORHOME INC.,,Trailer,UNITED STATES (USA)
1T9804,11491,THATTA ENTERPRISES LLC,,Trailer,UNITED STATES (USA)
1T9806,9874,TEMPEST CYCLES,,Motorcycle,UNITED STATES (USA)
1T9807,9016,TRAILERS BY MIKE,,Trailer,UNITED STATES (USA)
1T9810,10900,T & S CYCLES,,Motorcycle,UNITED STATES (USA)
1T9811,16520,THOMPSON CHOPPERS INC,,Motorcycle,UNITED STATES (USA)
1T9813,8625,"TOUCH ""A"" CLASS MFG.",,Trailer,UNITED STATES (USA)
1T9814,11063,"T. & W. PEASE, LLC",,Trailer,UNITED STATES (USA)
1T9815,8585,THUNDERDOME ENTERPRISES,,Motorcycle,UNITED STATES (USA)
1T9818,11058,THUMPER MOTORCYCLE COMPANY,,Motorcycle,UNITED STATES (USA)
1T9823,11276,"TURNING POINT TRAILER MFG, LLC",,Trailer,UNITED STATES (USA)
1T9825,10650,THE TICO MANUFACTURING DIVISION OF TERMINAL,,Truck,UNITED STATES (USA)
1T9827,9046,"TNT TRAILER, INC.",,Trailer,UNITED STATES (USA)
1T9828,9871,"T2 SERVICES, INC.",,Trailer,UNITED STATES (USA)
1T9830,9052,TAKATI MOTORCYCLES LLC,,Motorcycle,UNITED STATES (USA)
1T9831,5855,"TCB CHOPPERS, INC.",,Motorcycle,UNITED STATES (USA)
1T9833,13760,TRIVAN TRUCK BODY LLC,,Trailer,UNITED STATES (USA)
1T9834,9017,PHANTOM CYCLE,,Motorcycle,UNITED STATES (USA)
1T9835,1423,TDS DISPOSAL SERVICES LLC,,Trailer,UNITED STATES (USA)
1T9837,10348,TAYLOR MADE CHOPPERS INC.,,Motorcycle,UNITED STATES (USA)
1T9838,11360,TRAILER DADDY MFG.,,Trailer,UNITED STATES (USA)
1T9840,9476,TOMAHAWK CUSTOM CHOPPERS LLC,,Motorcycle,UNITED STATES (USA)
1T9841,9675,TULSA TRIKES,,Motorcycle,UNITED STATES (USA)
1T9842,17228,TYGAR MFG. INC.,,Trailer,UNITED STATES (USA)
1T9845,10397,"THRU-AIR TRAILER, LLC",,Trailer,UNITED STATES (USA)
1T9846,9518,"THREE FEATHERS MANUFACTURING, LLC",,Trailer,UNITED STATES (USA)
1T9847,10163,T & B WELDING & TRAILERS,,Trailer,UNITED STATES (USA)
1T9848,9958,"TRAILMAN, INC.",,Trailer,UNITED STATES (USA)
1T9849,10151,"TRAVEL-LITE, INC.",,Trailer,UNITED STATES (USA)
1T9850,10421,TOTAL OUTDOOR ADVENTRUES,,Trailer,UNITED STATES (USA)
1T9851,8646,"TOMMY BOY RACING, INC.",,Motorcycle,UNITED STATES (USA)
1T9852,9963,"TAILGATOR CONCEPTS, INC.",,Trailer,UNITED STATES (USA)
1T9853,5848,TOMMY 2-WAY TRAILER,,Trailer,UNITED STATES (USA)
1T9856,10659,"TJW WELDING, TRAILER SUPPLY & STEEL",,Trailer,UNITED STATES (USA)
1T9857,11281,THUNDER CHOPPER WORKS,,Motorcycle,UNITED STATES (USA)
1T9858,9444,TOWER SOLUTIONS,,Trailer,UNITED STATES (USA)
1T9860,10631,THUG CUSTOM CYCLES LLC,,Motorcycle,UNITED STATES (USA)
1T9873,11339,"TMC, INC.",,Trailer,UNITED STATES (USA)
1T9876,9551,TWISTED TWIN INC.,,Motorcycle,UNITED STATES (USA)
1T9878,8894,TOW-RITE,,Trailer,UNITED STATES (USA)
1T9879,9979,"THE TRAILER SHOP, INC.",,Trailer,UNITED STATES (USA)
1T9880,11351,TANTRIC CYCLES LLC,,Motorcycle,UNITED STATES (USA)
1T9881,9076,"TWISTERCITY CYCLE WORKS, LLC",,Motorcycle,UNITED STATES (USA)
1T9882,10049,TWISTED STEEL CHOPPERS,,Motorcycle,UNITED STATES (USA)
1T9883,10695,"TEXAS CUSTOM CHOPPERS, INC.",,Motorcycle,UNITED STATES (USA)
1T9884,9989,TIGHTLINE FISH HOUSE LLC,,Trailer,UNITED STATES (USA)
1T9888,11784,TECHLINE ENGINEERING,,Trailer,UNITED STATES (USA)
1T9889,8853,TRAVERTSON INC.,,Motorcycle,UNITED STATES (USA)
1T9890,12393,TIM NOBLES TRAILERS INC.,,Trailer,UNITED STATES (USA)
1T9891,10151,"TRAVEL-LITE, INC.",,Trailer,UNITED STATES (USA)
1T9892,10631,THUG CUSTOM CYCLES LLC,,Motorcycle,UNITED STATES (USA)
1T9893,11826,TRAFCON INDUSTRIES INC,,Trailer,UNITED STATES (USA)
1T9894,13859,TRADEWINDS POWER CORP,,Trailer,UNITED STATES (USA)
1T9895,11347,TAILWINDS TRAILERS,,Trailer,UNITED STATES (USA)
1T9899,9496,TOMCAR USA INC.,,Low Speed Vehicle (LSV),UNITED STATES (USA)
1T9900,9494,TRANSPORT LEASING COMPANY LLP,,Trailer,UNITED STATES (USA)
1T9902,1601,TOXIC CYCLES LLC,,Motorcycle,UNITED STATES (USA)
1T9904,11382,"TRAILGRADER FABRICATION, LLC",,Trailer,UNITED STATES (USA)
1T9905,11367,"TRAILERMAKERS, LLC",,Trailer,UNITED STATES (USA)
1T9906,11377,"T-BUILT TRAILER COMPANY, LLC",,Trailer,UNITED STATES (USA)
1T9908,7562,"TERRY'S TRAILERS, INC.",,Trailer,UNITED STATES (USA)
1T9910,10730,THUNDERSTRUCK CUSTOM BIKES INC.,,Motorcycle,UNITED STATES (USA)
1T9913,7907,TRIKE WORX LLC,,Motorcycle,UNITED STATES (USA)
1T9915,8691,"TILMAN DUMP TRAILERS, LLC",,Trailer,UNITED STATES (USA)
1T9917,8861,TRICKFIGHTERCUSTOMS LLC,,Motorcycle,UNITED STATES (USA)
1T9918,10971,TEX-ALL ALUMINUM FABRICATION,,Trailer,UNITED STATES (USA)
1T9919,10773,TITAN HAUL USA,,Trailer,UNITED STATES (USA)
1T9920,8881,"TOP NOTCH MANUFACTURING, LLC",,Trailer,UNITED STATES (USA)
1T9921,8858,T C TRAILERS,,Trailer,UNITED STATES (USA)
1T9922,11128,TRAILER CREATIONS LLC,,Trailer,UNITED STATES (USA)
1T9923,11120,TEXAS STAR FABRICATION & EQUIPMENT L.L.P.,,Trailer,UNITED STATES (USA)
1T9924,4285,"TORTURED STEEL CHOPPERS, INC.",,Motorcycle,UNITED STATES (USA)
1T9925,9075,T & J WELDING INC.,,Trailer,UNITED STATES (USA)
1T9926,11812,THIGPEN METALWORKS,,Trailer,UNITED STATES (USA)
1T9928,7549,TIMBERLINE RANGE CAMPS,,Trailer,UNITED STATES (USA)
1T9929,11757,"TOWER TRAILERS, INC.",,Trailer,UNITED STATES (USA)
1T9930,9097,TCM LLC,,Trailer,UNITED STATES (USA)
1T9931,1675,"TRAILER SPECIALTIES, INC.",,Trailer,UNITED STATES (USA)
1T9934,11751,TRAILER FX CUSTOM MANUFACTURING,,Trailer,UNITED STATES (USA)
1T9936,11754,"TRIPLE J WELD FAB REPAIR, LLC",,Trailer,UNITED STATES (USA)
1T9937,11756,"TRU-HITCH, INC",,Trailer,UNITED STATES (USA)
1T9938,10308,TAMMYS TRAILERS,,Trailer,UNITED STATES (USA)
1T9939,5843,TEXAS IRON DESIGNS,,Trailer,UNITED STATES (USA)
1T9940,11191,TRUCK-TECH ENGINEERS INC.,,Trailer,UNITED STATES (USA)
1T9941,10768,"TUFF-BUILT TRAILERS, LLC",,Trailer,UNITED STATES (USA)
1T9944,8524,TOWMAXX SPECIALITY TRAILER CO.,,Trailer,UNITED STATES (USA)
1T9946,8982,TOWERWORX,,Trailer,UNITED STATES (USA)
1T9948,6495,TRILLIUM RV LTD.,,Trailer,UNITED STATES (USA)
1T9949,8523,"TRANSPORTATION SYSTEMS SOLUTIONS, LLC",,Trailer,UNITED STATES (USA)
1T9951,11208,TWISTED RIDEZ LLC,,Motorcycle,UNITED STATES (USA)
1T9952,4276,TUFF TRAILER USA INC.,,Trailer,UNITED STATES (USA)
1T9954,11216,"THOMPSON & ZABER'S GARAGE, INC.",,Trailer,UNITED STATES (USA)
1T9955,11214,"TANK MASTER, INC.",,Trailer,UNITED STATES (USA)
1T9956,8542,TANFIELD ENGINEERING SYSTEMS US INC.,,Trailer,UNITED STATES (USA)
1T9957,12056,"TRIVAN TRUCK BODYY TEXAS, LLC",,Trailer,UNITED STATES (USA)
1T9958,1092,THOMAS GRINDING INC.,,Trailer,UNITED STATES (USA)
1T9960,6388,T-RAXX SYSTEMS INC.,,Trailer,UNITED STATES (USA)
1T9961,9726,TOW ZONE TRAILER & EQUIPMENT SALES INC.,,Trailer,UNITED STATES (USA)
1T9962,9130,TRI-STAR TRAILER MFG.,,Trailer,UNITED STATES (USA)
1T9964,8940,"TOTER INDUSTRIES, LLC",,Trailer,UNITED STATES (USA)
1T9965,13504,"TGMI, INC.",,Trailer,UNITED STATES (USA)
1T9966,8667,"TRIPLE R TRAILER SALES, INC.",,Trailer,UNITED STATES (USA)
1T9967,11871,"TIMELESS TRAVEL TRAILERS, LLC",,Trailer,UNITED STATES (USA)
1T9968,7745,"TEBCO OF KENTUCKY, INC.",,Trailer,UNITED STATES (USA)
1T9969,6473,TRUCK CRANE SOLUTIONS,,Trailer,UNITED STATES (USA)
1T9970,7015,THREE TWO CHOPPERS LLC,,Motorcycle,UNITED STATES (USA)
1T9971,7032,TAG-A-LONG TRAILERS,,Trailer,UNITED STATES (USA)
1T9973,9351,"TOMBSTONE HEARSE CO. INC.,",,Motorcycle,UNITED STATES (USA)
1T9974,6997,"TRAILERING DEPOT, LLC",,Trailer,UNITED STATES (USA)
1T9976,8488,TRUE TRAIL INC.,,Trailer,UNITED STATES (USA)
1T9977,8500,TRI COUNTY CHOPPERS II,,Motorcycle,UNITED STATES (USA)
1T9978,8682,"TROPHY BOAT TRAILERS, INC.",,Trailer,UNITED STATES (USA)
1T9979,8514,"TERRAFUGIA, INC.",,Multipurpose Passenger Vehicle (MPV),UNITED STATES (USA)
1T9980,8675,"TMT MANUFACTURING CO., INC.",,Trailer,UNITED STATES (USA)
1T9981,6216,TITAN TRAILERS,,Trailer,UNITED STATES (USA)
1T9982,9376,"TOY CARRIERS, INC",,Trailer,UNITED STATES (USA)
1T9984,6228,"T & T UNLIMITED, LLC",,Trailer,UNITED STATES (USA)
1T9987,6239,"TRAILER COMPONENTS, INC.",,Trailer,UNITED STATES (USA)
1T9988,6244,"TW ENTERPRISES, INC.",,Trailer,UNITED STATES (USA)
1T9989,1587,THREE RIVERS WELDING,,Trailer,UNITED STATES (USA)
1T9990,7214,TOURTEC TRAILERS LLC,,Trailer,UNITED STATES (USA)
1T9991,7018,TRIKES-R-US,,Motorcycle,UNITED STATES (USA)
1T9992,7014,TOP DOG ALUMINUM,,Trailer,UNITED STATES (USA)
1T9997,7690,"TRIDELTA SYSTEMS, L.L.C.",,Trailer,UNITED STATES (USA)
1T9998,7023,TOY TOTERS INC.,,Trailer,UNITED STATES (USA)
1T9AAA,12499,INTERNATIONAL STRUCTURES L.L.C.,,Trailer,UNITED STATES (USA)
1TA,15371,"THEURER, INC","THEURER, INC.",Trailer,UNITED STATES (USA)
1TC,9166,"COACHMEN RECREATIONAL VEHICLE COMPANY, LLC",COACHMEN,Trailer,UNITED STATES (USA)
1TD,8330,TIMPTE INC.,"TIMPTE, INC",Trailer,UNITED STATES (USA)
1TE,12698,"COACHMEN INDUSTRIES, INC.",FAN,Trailer,UNITED STATES (USA)
1TH,13547,FLINT HILLS INDUSTRIES INC,HILLSBORO INDUSTRIES,Trailer,UNITED STATES (USA)
1TJ,12698,"COACHMEN INDUSTRIES, INC.",SPORTSCOACH,Trailer,UNITED STATES (USA)
1TK,13498,TRAIL KING INDUSTRIES,TRAIL KING INDUSTRIES,Trailer,UNITED STATES (USA)
1TP,2952,TENNESSEE TRAILERS INC.,TENNESSEE TRAILERS,Trailer,UNITED STATES (USA)
1TR,17803,TRAFFIC TRANSPORT ENGINEERING,TRAFFIC TRANSPORT ENGINEERING,Trailer,UNITED STATES (USA)
1TS,1159,SHASTA INDUSTRIES LLC,SHASTA,Trailer,UNITED STATES (USA)
1TT,8231,TRANSCRAFT CORPORATION,"WABASH, TRANSCRAFT, BENSON, TRANSCRAFT/WABASH, BENSON/WABASH",Trailer,UNITED STATES (USA)
1TU,15380,TRANSPORTATION MANUFACTURING CORPORATION,TMC,Bus,UNITED STATES (USA)
1TV,10997,"VIKING RECREATIONAL VEHICLES, INC.",VIKING RV,Trailer,UNITED STATES (USA)
1TX,12698,"COACHMEN INDUSTRIES, INC.",VIKING FORMED PRODUCTS,Trailer,UNITED STATES (USA)
1TY,15367,TEE NEE TRAILERS,TEE NEE,Trailer,UNITED STATES (USA)
1U0,12861,"DIVERSIFIED TRUCK & TRAILER, INC.","DIVERSIFIED TRUCK & TRAILER, INC",Trailer,UNITED STATES (USA)
1U3,3197,SILVER EAGLE MANUFACTURING COMPANY,SILVER EAGLE MANUFACTURING COMPANY,Trailer,UNITED STATES (USA)
1U5,16154,"HUTCHINS COMPANY, INC",HUTCHINS,Trailer,UNITED STATES (USA)
1U6,8028,"PRECISION CHASSIS & ENGINEERING,INC","PRECISION CHASSIS & ENGINEERING, INC.",Incomplete Vehicle,UNITED STATES (USA)
1U9005,17949,U.S. COACH WORKS INC.,,Trailer,UNITED STATES (USA)
1U9010,15394,UNITED INTERNATIONAL MFG. INC,,Trailer,UNITED STATES (USA)
1U9012,15393,ULTRA LITE TRAILERS,,Trailer,UNITED STATES (USA)
1U9013,18053,"UNITED STATES SYSTEMS, INC.",,Trailer,UNITED STATES (USA)
1U9016,9396,"UNIVERSAL SPECIALTY VEHICLES, INC.",,Trailer,UNITED STATES (USA)
1U9019,23196,"DILLS ENTERPRISES, LLC",,Trailer,UNITED STATES (USA)
1U9021,10240,UNION CITY BODY COMPANY INCORP.,,Trailer,UNITED STATES (USA)
1U9029,10286,"UTILITY EQUIPMENT, INC.",,Trailer,UNITED STATES (USA)
1U9030,9392,UNITED TRUCK EQUIPMENT CORP.,,Trailer,UNITED STATES (USA)
1U9032,10166,"UNVERFERTH MANUFACTURING COMPANY, INC.",,Trailer,UNITED STATES (USA)
1U9035,17201,U.S. TRAILER CO.,,Trailer,UNITED STATES (USA)
1U9036,17849,UNIVERSAL MFG,,Trailer,UNITED STATES (USA)
1U9038,18293,UNION CHILL MAT COMPANY,,Trailer,UNITED STATES (USA)
1U9044,10091,"U.S. JETTING, LLC",,Trailer,UNITED STATES (USA)
1U9045,10242,"UNIQUE DESIGNS, INC.",,Trailer,UNITED STATES (USA)
1U9047,16788,UNGER & WILHELM INC,,Trailer,UNITED STATES (USA)
1U9055,17008,ULLMAN AUTO SALES,,Trailer,UNITED STATES (USA)
1U9063,10284,"ULTRA-LIGHT TRAILERS, L.L.C.",,Trailer,UNITED STATES (USA)
1U9065,9399,"UNLIMITED RECREATION, INC.",,Trailer,UNITED STATES (USA)
1U9069,9387,UNIQUE PRODUCTS,,Trailer,UNITED STATES (USA)
1U9073,9391,UNITED TRAILER PRODUCTS,,Trailer,UNITED STATES (USA)
1U9078,9397,"UNIVERSAL TRAILERS, INC",,Trailer,UNITED STATES (USA)
1U9080,9575,UTILIMAX MANUFACTURING INC,,Trailer,UNITED STATES (USA)
1U9081,13749,US TOWER CORP.,,Trailer,UNITED STATES (USA)
1U9083,9386,UNIQUE MOTORCYCLE COMPANY,,Motorcycle,UNITED STATES (USA)
1U9084,10094,U.S. ABILITIES INC,,Trailer,UNITED STATES (USA)
1U9085,10281,ULTRA MOTORCYCLE COMPANY,,Motorcycle,UNITED STATES (USA)
1U9086,9562,UTAH TANK & TRAILER,,Trailer,UNITED STATES (USA)
1U9087,9388,UNITED ALLOY,,Trailer,UNITED STATES (USA)
1U9088,5184,AMERICAN WATERWORKS,,Trailer,UNITED STATES (USA)
1U9090,9394,UNIVERSAL CYCLE CORPORATION,,Motorcycle,UNITED STATES (USA)
1U9092,10912,UPSTATE CHOPPERS,,Motorcycle,UNITED STATES (USA)
1U9093,16473,ULTIMATE CUSTOM CYCLES AND FRAMES,,Motorcycle,UNITED STATES (USA)
1U9094,11085,"UNITED MOUNTAIN TRAILERS, INC.",,Trailer,UNITED STATES (USA)
1U9095,9924,UNIQUE CUSTOM TRUCK & TRAILER,,Trailer,UNITED STATES (USA)
1U9096,11363,UNITED STATES MOTORCYCLE CORPORATION,,Motorcycle,UNITED STATES (USA)
1U9100,9663,"ULTIMATE TRAILERS, INC.",,Trailer,UNITED STATES (USA)
1U9101,10162,UNIQUE CUSTOM CYCLES INC.,,Motorcycle,UNITED STATES (USA)
1U9102,10622,"UTILITY TENT TRAILERS, INC.",,Trailer,UNITED STATES (USA)
1U9103,9270,ULTIMATE MANUFACTURING LLC,,Trailer,UNITED STATES (USA)
1U9105,9523,ULTIMA COMPANY LLC,,Motorcycle,UNITED STATES (USA)
1U9108,9560,USA MOTOR CORPORATION,,Truck,UNITED STATES (USA)
1U9110,9844,UNITED PRECISION METALS INC.,,Trailer,UNITED STATES (USA)
1U9111,10042,UNIQUE PERFORMANCE CUSTOMS,,Motorcycle,UNITED STATES (USA)
1U9114,9937,"US BUILT TRAILERS, INC. (USBT)",,Trailer,UNITED STATES (USA)
1U9115,13850,USTANKCO LLC,,Trailer,UNITED STATES (USA)
1U9116,11647,"U.S. IRON HORSE MOTOR CYCLE COMPANY, LLC",,Motorcycle,UNITED STATES (USA)
1U9117,8511,UWOOD CO.,,Trailer,UNITED STATES (USA)
1U9119,7263,"UNKNOWN CHOPPERS, INC.",,Motorcycle,UNITED STATES (USA)
1U9120,8539,USA CHOPPERS LLC,,Motorcycle,UNITED STATES (USA)
1U9122,10070,"UNITED SPECIALTIES, INC",,Trailer,UNITED STATES (USA)
1U9123,8499,UNIVERSAL COMPOSITE LLC,,Trailer,UNITED STATES (USA)
1U9124,13516,"UNITED HYDRAULICS, LLC",,Trailer,UNITED STATES (USA)
1U9126,7217,UKEYCHEYMA,,Motorcycle,UNITED STATES (USA)
1U9131,6236,ULTRA HAULERS CORP.,,Trailer,UNITED STATES (USA)
1U9133,11591,"USA MOTORTOYS, LLC",,Motorcycle,UNITED STATES (USA)
1U9134,6835,UNIQUE FABRICATIONS INC.,,Trailer,UNITED STATES (USA)
1U9136,6679,UNIQUE CYCLE WORKS INC.,,Motorcycle,UNITED STATES (USA)
1U9137,6160,"UNITED SPECIALIZED TRAILERS, INC.",,Trailer,UNITED STATES (USA)
1U9138,6186,UTILITOY LLC,,Trailer,UNITED STATES (USA)
1U9143,6911,"ULTRA TRAILER CO., INC.",,Trailer,UNITED STATES (USA)
1U9146,7123,UNIVERSAL HOVERCRAFT,,Trailer,UNITED STATES (USA)
1U9148,7590,ACADEMI TRAINING CENTER LLC,,Trailer,
1U9149,19184,UNIVERSAL ENTERPRISES INC.,,Trailer,UNITED STATES (USA)
1U9150,6197,UNITED SITE NATIONAL SERVICES COMPANY A UNITED SITE SERVICE CO.,,Trailer,UNITED STATES (USA)
1U9152,12119,URIBE OCHOA DISTRIBUTION LLC,,Trailer,UNITED STATES (USA)
1U9153,12250,URWAY FABRICATION LLC,,Trailer,UNITED STATES (USA)
1U9158,6774,UNRUH MANUFACTURING,,Trailer,UNITED STATES (USA)
1U9159,20891,USC LLC,,Trailer,UNITED STATES (USA)
1U9160,7812,UPSTATE CONCESSIONS,,Trailer,UNITED STATES (USA)
1U9163,16048,ULTIMATE CLASSIC CARS LP,,Passenger Car,UNITED STATES (USA)
1U9167,16647,"US PRECISION CONSTRUCTION, LLC",,Trailer,UNITED STATES (USA)
1U9169,17853,USEMCO INC.,,Trailer,UNITED STATES (USA)
1U9170,17624,US PREFAB,,Trailer,UNITED STATES (USA)
1U9172,18580,"UNIFIED DEFENSE, LLC",,Trailer,UNITED STATES (USA)
1U9173,18751,UPSTATE TRAILER MANUFACTURERS AND REPAIR,,Trailer,UNITED STATES (USA)
1U9174,23475,"UPLAND ENTERPRISES, INC.",,Trailer,
1U9175,19234,UNITED FOOD TRUCK LLC,,Trailer,UNITED STATES (USA)
1U9176,19264,UNITED DYNAMIC SERVICES LLC,,Trailer,UNITED STATES (USA)
1U9177,19525,USA TRAILERS,,Trailer,UNITED STATES (USA)
1U9181,19719,UNITED CONCRETE,,Trailer,UNITED STATES (USA)
1U9182,19746,"US FIRE PUMP COMPANY, LLC",,Trailer,UNITED STATES (USA)
1U9184,19940,"UBCO BIKES US, LLC",,Motorcycle,UNITED STATES (USA)
1U9187,20711,UTILIQUIP INC,,Trailer,UNITED STATES (USA)
1U9188,20294,ULTIMATE GOLF CARTS AND LSV LLC,,Low Speed Vehicle (LSV),UNITED STATES (USA)
1U9190,20495,URSA MAJOR MANUFACTURING,,Trailer,UNITED STATES (USA)
1U9192,20513,UNRUH WELDING AND REPAIR LLC,,Trailer,UNITED STATES (USA)
1U9194,18451,UNCHARTED TINY HOMES,,Trailer,
1U9195,21536,ULURU TRAILERS,,Trailer,
1U9198,21701,UNITED AUTO MALL INC.,,Low Speed Vehicle (LSV),
1U9200,21775,USA CHASSIS,,Trailer,
1U9204,22036,US 281 TRUCK & TRAILER SALES LLC,,Trailer,
1U9205,22131,USHI OUTDOORS LLC,,Trailer,UNITED STATES (USA)
1U9208,22367,USA LOW SPEED LLC,,Low Speed Vehicle (LSV),UNITED STATES (USA)
1U9211,22539,"UNITED TINY HOMES, INC.",,Trailer,UNITED STATES (USA)
1U9212,22586,UNIVERSAL FOOD TRAILERS LLC,,Trailer,
1U9213,22589,"URBAN WING CO., LLC",,Trailer,
1U9214,22750,U.S. MOTORS CORP.,,Trailer,UNITED STATES (USA)
1U9215,22663,USA TRAILER MANUFACTURERS LLC,,Trailer,UNITED STATES (USA)
1U9216,22972,"ULTRAQUIP, LLC",,Trailer,
1U9217,23068,UNIQUE TRAILERS AND REPAIR,,Trailer,
1U9218,23089,UBERDISPLAYS,,Trailer,
1U9219,23315,URSUS CAMPERS LLC,,Trailer,
1U9221,23888,UNCLE J CUSTOM BOATS LLP,,Trailer,UNITED STATES (USA)
1U9222,23990,ULTIMATE CUSTOM TRAILERS,,Trailer,UNITED STATES (USA)
1U9224,24085,"U.S. HEAVY DUTY REPAIRS, LLC",,Trailer,
1U9227,24786,UNITED MACHINE CORPORATION,,Trailer,
1U9228,23873,"US ARC FORCE, INC.",,Trailer,
1U9229,25377,UNLEASHED EV,,Low Speed Vehicle (LSV),
1U9230,25632,"UTILITY TRUCK EQUIPMENT MFG., LLC",,Trailer,
1U9231,25722,URBANX MOBILITY INC,,Low Speed Vehicle (LSV),
1UF,16104,CLINT R WOODS INC,AA WELDING,Trailer,UNITED STATES (USA)
1UJ,9892,"JAYCO, INC.","CYCLONE, JAYCO, BIGHORN, SUNDANCE, NORTH TRAIL, PROWLER, JAY FEATHER, JAY FLIGHT, WHITE HAWK, EAGLE RV, NORTH POINT, PINNACLE, SEISMIC, ENTEGRA, MOBILE SUITES, MILESTONE",Trailer,UNITED STATES (USA)
1UK,17218,"INTERSTATE MANUFACTURING, INC.","INTERSTATE MANUFACTURING, INC.",Trailer,UNITED STATES (USA)
1UN,1739,"DRAGON PRODUCTS, LLC","DRAGON PRODUCTS, DRAGON ESP, DRAGON MOBILE RIGS, MODERN",Trailer,UNITED STATES (USA)
1UV,15377,TRAILMASTER,TRAILMASTER,Trailer,UNITED STATES (USA)
1UW,2250,E-Z TOW TRAILERS LLC,E-Z TOW,Trailer,UNITED STATES (USA)
1UY,10289,UTILITY TRAILER MANUFACTURING COMPANY,UTILITY TRAILER MANUFACTURER,Trailer,UNITED STATES (USA)
1V1,1147,"VOLKSWAGEN GROUP OF AMERICA, INC.",VOLKSWAGEN,Truck,UNITED STATES (USA)
1V2,1147,"VOLKSWAGEN GROUP OF AMERICA, INC.",VOLKSWAGEN,Multipurpose Passenger Vehicle (MPV),UNITED STATES (USA)
1V5,13521,MAGNUM TRAILERS OF AUSTIN TX,MAGNUM TRAILERS OF AUSTIN,Trailer,UNITED STATES (USA)
1V8,15432,APACHE SALES CORPORATION,APACHE,Trailer,UNITED STATES (USA)
1V9006,9596,VACMASTERS OF DENVER INC,,Trailer,UNITED STATES (USA)
1V9016,17951,VALLEY WELDING & REPAIR,,Trailer,UNITED STATES (USA)
1V9021,15395,SHELTON INDUSTRIES INC,,Trailer,UNITED STATES (USA)
1V9025,15396,VAN OVERFLOW INC,,Trailer,UNITED STATES (USA)
1V9030,10795,VELCON FILTERS INC,,Trailer,UNITED STATES (USA)
1V9033,16275,VERMEER -DELTA,,Trailer,UNITED STATES (USA)
1V9034,9170,ZIMMER CORPORATION,,Trailer,UNITED STATES (USA)
1V9035,9170,ZIMMER CORPORATION,,Trailer,UNITED STATES (USA)
1V9038,9458,"VIKING VEE, INC.",,Trailer,UNITED STATES (USA)
1V9043,17046,"VAN CAMP TRAILER & BODY, INC",,Trailer,UNITED STATES (USA)
1V9045,16198,VINTAGE AUTO WORKS INC,,Passenger Car,UNITED STATES (USA)
1V9048,10789,VECTOR AEROMOTIVE CORPORATION,,Passenger Car,UNITED STATES (USA)
1V9050,17195,VICTORY CUSTOM TRAILERS,,Trailer,UNITED STATES (USA)
1V9052,14997,VALLEY WELDING & TRAILER REPAIR,,Trailer,UNITED STATES (USA)
1V9053,18140,VERN'S WELDING AND FABRICATION,,Trailer,UNITED STATES (USA)
1V9060,16711,"VALLEY MANUFACTURING, INC",,Trailer,UNITED STATES (USA)
1V9061,16708,VRC INDUSTRIES,,Trailer,UNITED STATES (USA)
1V9062,10999,VIKING TRAILERS,,Trailer,UNITED STATES (USA)
1V9065,11007,"VIRGINIA LP TRUCKS, INC.",,Trailer,UNITED STATES (USA)
1V9066,16821,VAN KAM TRUCK & TRAILER,,Trailer,UNITED STATES (USA)
1V9069,9387,UNIQUE PRODUCTS,,Trailer,UNITED STATES (USA)
1V9073,16990,"VALLEY WELDING & EQUIPMENT, INC",,Trailer,UNITED STATES (USA)
1V9074,6040,STELLAR INDUSTRIES INC.,,Trailer,UNITED STATES (USA)
1V9080,9600,VALLEY TRAILER MFG INC,,Trailer,UNITED STATES (USA)
1V9081,10473,V TWIN CITY,,Motorcycle,UNITED STATES (USA)
1V9084,10988,VICTOR VALLEY TRAILERS,,Trailer,UNITED STATES (USA)
1V9086,11187,"VULCAN WORKS, INC.",,Motorcycle,UNITED STATES (USA)
1V9088,10802,VERNON TRAILER COMPANY,,Trailer,UNITED STATES (USA)
1V9089,10985,VETRO INC.,,Trailer,UNITED STATES (USA)
1V9090,13828,VECTOR TECHNOLOGIES LTD,,Trailer,UNITED STATES (USA)
1V9097,9607,VALLEY VIEW CUSTOM TRAILER MANUFACTURERS,,Trailer,UNITED STATES (USA)
1V9105,9605,VALLEY TRUCK TRUCKBEDS & REPAIR,,Trailer,UNITED STATES (USA)
1V9107,10996,VIKING FABRICATION,,Trailer,UNITED STATES (USA)
1V9110,11182,VOSBERG ENTERPRISES INC.,,Trailer,UNITED STATES (USA)
1V9111,10790,VECTOR TRAILERS,,Trailer,UNITED STATES (USA)
1V9112,18063,VAC-TEC,,Trailer,UNITED STATES (USA)
1V9113,6229,VANTAGE VEHICLE INTERNATIONAL INC.,,Low Speed Vehicle (LSV),UNITED STATES (USA)
1V9115,11305,"VICTORY HAULERS USA, INC.",,Trailer,UNITED STATES (USA)
1V9116,10797,VENGEANCE MOTORCYCLES,,Motorcycle,UNITED STATES (USA)
1V9122,11005,VIPER MOTORCYCLE CO.,,Motorcycle,UNITED STATES (USA)
1V9124,10805,"VERSATRAIL, INC.",,Trailer,UNITED STATES (USA)
1V9125,9608,VAMA MANUFACTURING,,Trailer,UNITED STATES (USA)
1V9131,10199,VON DUTCH/FLYING EYEBALL MOTORCYCLE COMPANY L.L.C.,,Motorcycle,UNITED STATES (USA)
1V9134,9927,VCS CUSTOM CYCLES,,Motorcycle,UNITED STATES (USA)
1V9136,9416,VOODOO CHOPPERS,,Motorcycle,UNITED STATES (USA)
1V9137,3824,"VIP CUSTOM COACH, INC.",,Trailer,UNITED STATES (USA)
1V9138,8802,VIPER TRAILERS L.L.C,,Trailer,UNITED STATES (USA)
1V9139,9003,"V-8 CHOPPERS, L.L.C.",,Motorcycle,UNITED STATES (USA)
1V9143,10926,RISK INVESTMENTS DBA VANDERHOFF SPEED AND CHROME,,Motorcycle,UNITED STATES (USA)
1V9145,13667,VILLMOW RACING DEVELOPMENTS,,Motorcycle,UNITED STATES (USA)
1V9146,10466,"VTWIN CUSTOM MFG., LLC",,Motorcycle,UNITED STATES (USA)
1V9148,11609,VERTICAL REALITY,,Trailer,UNITED STATES (USA)
1V9149,8467,"VIVA MOTORSPORTS, INC.",,Motorcycle,UNITED STATES (USA)
1V9150,11825,VALLEY FARM INDUSTRIES LLC,,Trailer,UNITED STATES (USA)
1V9151,10742,VALENTI CHOPPERS,,Motorcycle,UNITED STATES (USA)
1V9153,11126,"VA ENTERPRISES, LLC",,Trailer,UNITED STATES (USA)
1V9155,1140,VICTORY SWEEPERS INC,,Trailer,UNITED STATES (USA)
1V9156,9102,VILLAGE TRAILER SALES AND PARTS,,Trailer,UNITED STATES (USA)
1V9159,1610,"VAN INDUSTRIES, INC.",,Trailer,UNITED STATES (USA)
1V9160,11034,"VINDICATOR CYCLES, LLC",,Motorcycle,UNITED STATES (USA)
1V9161,1680,V-FORCE CUSTOMS,,Motorcycle,UNITED STATES (USA)
1V9162,9163,"VISIONARY METALS, LLC",,Trailer,UNITED STATES (USA)
1V9167,6142,"VENOM TRAILERS, LLC",,Trailer,UNITED STATES (USA)
1V9171,6424,STREET CARS BY VOLLA'S CARTS & SERVICE,,Low Speed Vehicle (LSV),UNITED STATES (USA)
1V9172,1469,"V. MARONE ENTERPRISES, INC.",,Motorcycle,UNITED STATES (USA)
1V9174,6378,"VOGEL TRAFFIC SERVICES, INC.",,Trailer,UNITED STATES (USA)
1V9175,1142,KTLL GROUP LLC DBA VICTORY TRAILERS,,Trailer,UNITED STATES (USA)
1V9177,13768,VOYAGER INDUSTRIES INC.,,Trailer,UNITED STATES (USA)
1V9178,1141,VICTORY INDUSTRIAL PRODUCTS,,Trailer,UNITED STATES (USA)
1V9179,13507,"VISION INDUSTRIES, LLC",,Passenger Car,UNITED STATES (USA)
1V9180,7103,"VIKING-CIVES MIDWEST, INC.",,Trailer,UNITED STATES (USA)
1V9183,1453,"VAPORCON, LLC",,Trailer,UNITED STATES (USA)
1V9188,7988,VERADYN LLC,,Trailer,UNITED STATES (USA)
1V9190,12126,VANDERHALL MOTOR WORKS INC,,Motorcycle,UNITED STATES (USA)
1V9192,1040,HAYES WELDING INC,,Trailer,UNITED STATES (USA)
1V9193,6111,VALHALLA MARINE INNOVATIONS LLC,,Trailer,UNITED STATES (USA)
1V9195,1514,VANTEM MODULAR LLC,,Trailer,UNITED STATES (USA)
1V9200,13655,"VALDERAZ SERVICES, LLC",,Trailer,UNITED STATES (USA)
1V9201,7794,"VALEW QUALITY TRUCK BODIES EAST, INC.",,Trailer,UNITED STATES (USA)
1V9202,13714,"VICTOR VALLEY STEEL FABRICATORS, LLC",,Trailer,UNITED STATES (USA)
1V9203,16542,KIEPE ELECTRIC INC.,,Bus,UNITED STATES (USA)
1V9206,17856,"VLRV, LLC.",,Trailer,UNITED STATES (USA)
1V9207,13522,VALAREN MOTORSPORTS,,Motorcycle,UNITED STATES (USA)
1V9208,13752,"VINTAGE OVERLAND, LLC",,Trailer,UNITED STATES (USA)
1V9209,16398,VIPER CARGO LLC,,Trailer,UNITED STATES (USA)
1V9210,13571,VELOCETTE TRAILERS LLC,,Trailer,UNITED STATES (USA)
1V9212,20982,VINTAGE TRAILER WORKS INC,,Trailer,UNITED STATES (USA)
1V9213,15943,VETS,,Trailer,UNITED STATES (USA)
1V9215,15527,VERTICAL WORKS INC,,Trailer,UNITED STATES (USA)
1V9216,15760,VENTURE BUGGY INC,,Low Speed Vehicle (LSV),UNITED STATES (USA)
1V9217,16469,"VRV, INC.",,Trailer,UNITED STATES (USA)
1V9218,16431,"VLF AUTOMOTIVE, LLC",,Truck,UNITED STATES (USA)
1V9223,18510,VER-MAC INC.,,Trailer,UNITED STATES (USA)
1V9225,18837,"VALIANT EXPEDITION TRAILERS, LLC",,Trailer,UNITED STATES (USA)
1V9226,18889,VAZQUEZ INDUSTRIES,,Trailer,UNITED STATES (USA)
1V9227,19654,"VORSHEER, LLC",,Trailer,UNITED STATES (USA)
1V9229,19142,"VAR TRAILERS, LLC",,Trailer,UNITED STATES (USA)
1V9230,19251,VALIERN COMPANY,,Trailer,UNITED STATES (USA)
1V9233,19478,"VALOR INDUSTRIES, LLC",,Trailer,UNITED STATES (USA)
1V9234,19459,VALLEY MANUFACTURING LLC,,Trailer,UNITED STATES (USA)
1V9235,19658,BEN VAN DAM,,Trailer,UNITED STATES (USA)
1V9237,20685,VOLKOFF AG LLC,,Trailer,UNITED STATES (USA)
1V9238,19803,VORP ENERGY LLC,,Trailer,UNITED STATES (USA)
1V9240,20104,V.E.M. LLC,,Trailer,UNITED STATES (USA)
1V9241,20136,VICTORY LANE CUSTOMS,,Trailer,UNITED STATES (USA)
1V9243,23163,VULCANS WELDING INC,,Trailer,
1V9244,20423,V TRAILERS MANUFACTURE LLC,,Trailer,UNITED STATES (USA)
1V9247,20542,VALLEY STEEL WORKS LLC,,Trailer,UNITED STATES (USA)
1V9249,20693,VETTED SECURITY SOLUTIONS LLC.,,Trailer,UNITED STATES (USA)
1V9251,20733,VIVID EV LLC,,Low Speed Vehicle (LSV),UNITED STATES (USA)
1V9252,20948,VIP CUSTOM CYCLES LLC DBA XION.BIKE,,Motorcycle,UNITED STATES (USA)
1V9253,21285,VAZA LLC,,Trailer,UNITED STATES (USA)
1V9254,21719,VAUGHN SAN ANTONIO INC.,,Trailer,UNITED STATES (USA)
1V9256,21809,V&J TRAILERS,,Trailer,UNITED STATES (USA)
1V9258,22056,VEOLECTRA INC,,Multipurpose Passenger Vehicle (MPV),
1V9260,22304,VENOM EV,,Low Speed Vehicle (LSV),UNITED STATES (USA)
1V9262,22318,VULCAN TRAILERS LLC,,Trailer,UNITED STATES (USA)
1V9263,6033,"VIPER USA, INC.",,Trailer,
1V9264,22556,VLY INC,,Trailer,UNITED STATES (USA)
1V9266,22454,"QUADLAND, LLC",,Low Speed Vehicle (LSV),UNITED STATES (USA)
1V9268,23138,"VALLEYBILT TRAILER MANUFACTURING, INC.",,Trailer,
1V9270,23269,VENTURE FORMATIONS LLC,,Low Speed Vehicle (LSV),UNITED STATES (USA)
1V9272,23243,VOLTZ INNOVATIONS LLC,,Truck,UNITED STATES (USA)
1V9273,23603,VIRNIG MANUFACTURING INC.,,Trailer,
1V9274,23710,VIPER CART USA,,Low Speed Vehicle (LSV),
1V9275,23889,VERTEX CYCLES LLC,,Trailer,UNITED STATES (USA)
1V9276,23894,VJ TRAILERS LLC,,Trailer,UNITED STATES (USA)
1V9277,24060,"VECTOR MIXERS, LLC.",,Truck,UNITED STATES (USA)
1V9278,24123,VISUM TECHNOLOGIES LLC,,Trailer,
1V9279,24160,VIPER LOADERS LLC,,Trailer,
1V9281,24290,VERDI MOTORS INC.,,Low Speed Vehicle (LSV),
1V9283,24551,VINTAGE CAMPER COMPANY,,Trailer,
1V9284,24445,VALLEY VIEW WELDING LLC,,Trailer,
1V9285,24544,"VELAZQUEZ WELDING SERVICE, LLC",,Trailer,
1V9286,24920,VENUS FABRICATION & BLASTING LLC,,Trailer,UNITED STATES (USA)
1V9287,25079,VINRUS,,Low Speed Vehicle (LSV),
1V9289,25522,"VOYAGER MANUFACTURING GROUP, LLC",,Low Speed Vehicle (LSV),
1V9290,25232,VERONA EQUIPMENT INTERNATIONAL INC,,Trailer,
1V9353,11183,VOYAGER TRAVEL TRAILERS,,Trailer,UNITED STATES (USA)
1V9640,1469,"V. MARONE ENTERPRISES, INC.",,Trailer,UNITED STATES (USA)
1V9VAS,9687,"VACATION STRUCTURES, INC.",,Trailer,UNITED STATES (USA)
1V9VMM,11178,VANMAR MANUFACTURING INC.,,Trailer,UNITED STATES (USA)
1VB,16150,HOUSTON MARINE CONTAINERS INC,HOUSTON MARINE,Trailer,UNITED STATES (USA)
1VD,5050,GOOD TIME PRODUCTIONS,GOOD TIME,Trailer,UNITED STATES (USA)
1VF,16145,HAWKEYE EAGLE TRANSPORTATION EQUIPMENT CO. INC,HAWKEYE EAGLE,Trailer,UNITED STATES (USA)
1VG,3664,K STAUFFER MFG LLC,STAUFFER MFG.,Trailer,UNITED STATES (USA)
1VH,19178,DAIMLERCHRYSLER COMMERCIAL BUSES NORTH AMERICA,ORION BUS,Bus,UNITED STATES (USA)
1VM,9590,V/M CUSTOM BOAT TRAILERS,V/M CUSTOM BOAT TRAILERS,Trailer,UNITED STATES (USA)
1VN,15323,SAMSON STEEL CORPORATION,SAMSON,Trailer,UNITED STATES (USA)
1VR,10796,VERMEER MANUFACTURING COMPANY,VERMEER,Trailer,UNITED STATES (USA)
1VU,3878,RJK&H INC,RJK&H INC,Trailer,UNITED STATES (USA)
1VW,1147,"VOLKSWAGEN GROUP OF AMERICA, INC.",VOLKSWAGEN,Passenger Car,UNITED STATES (USA)
1W0,22033,"AMERICAN CARGO GROUP TRAILERS, LLC",WELLS CARGO,Trailer,UNITED STATES (USA)
1W1,11681,WILSON TRAILER CO.,WILSON,Trailer,UNITED STATES (USA)
1W4,22033,"AMERICAN CARGO GROUP TRAILERS, LLC",WELLS CARGO,Trailer,UNITED STATES (USA)
1W7,17621,"WC MANUFACTURING & SPECIALTY CO., INC",WESCO,Trailer,UNITED STATES (USA)
1W8,11049,WITZCO TRAILERS INC,WITZCO CHALLENGER TRAILERS,Trailer,UNITED STATES (USA)
1W9001,10142,WALKER STAINLESS EQUIPMENT CO,,Trailer,UNITED STATES (USA)
1W9003,7024,"WORTHINGTON WELDING, INC.",,Trailer,UNITED STATES (USA)
1W9010,9773,WELD-IT COMPANY,,Trailer,UNITED STATES (USA)
1W9011,8579,"WHEELER STEEL WORKS , INC",,Trailer,UNITED STATES (USA)
1W9012,11713,"WIL-RO, INC.",,Trailer,UNITED STATES (USA)
1W9020,15406,WELLCO MFG.,,Trailer,UNITED STATES (USA)
1W9035,15452,"WEST COAST CORRECT CRAFT, INC",,Trailer,UNITED STATES (USA)
1W9045,9779,WOODLAND PARK INC.,,Trailer,UNITED STATES (USA)
1W9046,9779,WOODLAND PARK INC.,,Trailer,UNITED STATES (USA)
1W9047,16188,WESTLINE MANUFACTURING INC,,Trailer,UNITED STATES (USA)
1W9048,17897,WACK ENGINEERING,,Trailer,UNITED STATES (USA)
1W9049,15404,WAYMATIC,,Trailer,UNITED STATES (USA)
1W9051,15403,WATSON RVS INC,,Trailer,UNITED STATES (USA)
1W9052,15405,"WEBCO PACIFIC, INC",,Trailer,UNITED STATES (USA)
1W9061,16155,I R WITZER CO. OF FLORIDA INC,,Trailer,UNITED STATES (USA)
1W9062,15413,WR MFG.,,Trailer,UNITED STATES (USA)
1W9064,17708,W W WELDING & FABRICATION,,Trailer,UNITED STATES (USA)
1W9065,15407,"WESTERN METALS CO, INC",,Trailer,UNITED STATES (USA)
1W9067,15399,W.C. LAIKAM CO. LTD,,Trailer,UNITED STATES (USA)
1W9068,11022,WESLEY CUSTOM FABRICATION INC,,Trailer,UNITED STATES (USA)
1W9071,15402,"WATERS BROTHERS  CONTRACTORS, INC",,Trailer,UNITED STATES (USA)
1W9073,16190,WURST MACHINE AND WELDING,,Trailer,UNITED STATES (USA)
1W9074,11472,WAYNE ENGINEERING CORPORATION,,Trailer,UNITED STATES (USA)
1W9076,11227,"WOOD'S ASSOCIATED PRODUCTS, INC.",,Trailer,UNITED STATES (USA)
1W9077,1379,WILKENS MANUFACTURING,,Trailer,UNITED STATES (USA)
1W9079,15408,WESTERN RV CENTER,,Trailer,UNITED STATES (USA)
1W9080,15410,"WIMYER INDUSTRIES, INC",,Trailer,UNITED STATES (USA)
1W9081,1436,WISDOM RIDES,,Trailer,UNITED STATES (USA)
1W9083,18260,"WCCT, INC.",,Trailer,UNITED STATES (USA)
1W9094,18060,WOODSTREAM MFG. DIVISION OF PLAYLAND RECREATIONAL VILLAGE,,Trailer,UNITED STATES (USA)
1W9097,18133,WESTFALL MOTORS CORP.,,Passenger Car,UNITED STATES (USA)
1W9106,18008,WISER TRAILER AND EQUIPMENT,,Trailer,UNITED STATES (USA)
1W9107,11222,WOLF COACH COMPANY,,Trailer,UNITED STATES (USA)
1W9108,11040,WINSOR METAL PRODUCTS INC,,Trailer,UNITED STATES (USA)
1W9110,13399,WHIT-LOG INC,,Trailer,UNITED STATES (USA)
1W9113,18224,WAYNE'S SCREEN MACHINE,,Trailer,UNITED STATES (USA)
1W9114,17772,WARRIOR MFG.,,Trailer,UNITED STATES (USA)
1W9115,18106,"FAST GLOBAL SOLUTIONS, INC.",,Trailer,UNITED STATES (USA)
1W9116,17753,WESTSIDE WELDING & RADIATOR,,Trailer,UNITED STATES (USA)
1W9117,18226,WELCH TRAILER,,Trailer,UNITED STATES (USA)
1W9120,17858,WORLEY'S WELDING,,Trailer,UNITED STATES (USA)
1W9125,1390,"WORKBENCH, INC.",,Trailer,UNITED STATES (USA)
1W9128,17726,WORLD DUMP TRAILER INC.,,Trailer,UNITED STATES (USA)
1W9135,17991,WESTCAR INDUSTRIES LTD.,,Trailer,UNITED STATES (USA)
1W9137,18292,WASTE PROCESSING EQUIPMENT,,Trailer,UNITED STATES (USA)
1W9138,18314,WILSON MANUFACTURING,,Trailer,UNITED STATES (USA)
1W9143,9779,WOODLAND PARK INC.,,Trailer,UNITED STATES (USA)
1W9144,18005,WELDING UNLIMITED,,Trailer,UNITED STATES (USA)
1W9148,11025,"WATCO TRUCK RIGGING, INC.",,Trailer,UNITED STATES (USA)
1W9152,17901,WHITE'S WELDING & FABRICATION,,Trailer,UNITED STATES (USA)
1W9154,17893,"WRANGLER TRAILERS, INC.",,Trailer,UNITED STATES (USA)
1W9155,18167,WALLSTRONG TRAILERS,,Trailer,UNITED STATES (USA)
1W9157,16951,WALLY MO TRAILERS,,Trailer,UNITED STATES (USA)
1W9160,16786,"WTM, INC",,Trailer,UNITED STATES (USA)
1W9161,15816,WAGNER-SMITH EQUIPMENT CO,,Trailer,UNITED STATES (USA)
1W9162,16634,W. JOHN PRICE MANUFACTURING AND REPAIR,,Trailer,UNITED STATES (USA)
1W9163,8686,VALLEY VESSEL FABRICATORS INC.,,Trailer,UNITED STATES (USA)
1W9167,1374,"WILDCAT MFG. CO., INCORPORATED",,Trailer,UNITED STATES (USA)
1W9172,17168,WESTERN CONSTRUCTION COMPONENTS INC.,,Trailer,UNITED STATES (USA)
1W9174,16978,WENGER CORPORATION,,Trailer,UNITED STATES (USA)
1W9176,16901,"WEIMER MANUFACTURING CO., INC.",,Trailer,UNITED STATES (USA)
1W9179,18184,WEGNER WELDING,,Trailer,UNITED STATES (USA)
1W9184,16778,"WEN C, INC",,Trailer,UNITED STATES (USA)
1W9198,10333,"WARREN MANUFACTURING, INC.",,Trailer,UNITED STATES (USA)
1W9199,11019,WARREN INC.,,Trailer,UNITED STATES (USA)
1W9200,2778,THE WOOD/CHUCK CHIPPER CORP.,,Trailer,UNITED STATES (USA)
1W9201,11680,WILLMAR MFG. DIV. WILLKNIGHT INC.,,Trailer,UNITED STATES (USA)
1W9202,16786,"WTM, INC",,Trailer,UNITED STATES (USA)
1W9203,10128,WACKER CORPORATION,,Trailer,UNITED STATES (USA)
1W9204,15949,WORKHORSE UTILITY TRAILERS,,Trailer,UNITED STATES (USA)
1W9205,16804,WESTECH CUSTOM METAL FABRICATION,,Trailer,UNITED STATES (USA)
1W9206,1386,WOODWORTH MFG,,Trailer,UNITED STATES (USA)
1W9207,17881,WHITE'S AUTO SALES,,Trailer,UNITED STATES (USA)
1W9208,11476,WAYNE WHEELED VEHICLES,,Bus,UNITED STATES (USA)
1W9212,16923,WILDCAT TRAILER CO.,,Trailer,UNITED STATES (USA)
1W9213,14034,"WREN BODY WORKS, LLC",,Trailer,UNITED STATES (USA)
1W9215,17936,"WRIGHT'S WELDING AND FABRICATION, INC.",,Trailer,UNITED STATES (USA)
1W9216,10072,WORLEY WELDING WORKS INC.,,Trailer,UNITED STATES (USA)
1W9218,10129,WACO TRUCK BODIES INC,,Trailer,UNITED STATES (USA)
1W9231,6937,WILD WEST MOTOR COMPANY,,Motorcycle,UNITED STATES (USA)
1W9234,18284,WILD BOAR MANUFACTURING,,Trailer,UNITED STATES (USA)
1W9235,11017,WALDOCK EQUIPMENT SALES SERV,,Trailer,UNITED STATES (USA)
1W9254,10338,WATAUGA WELDING INC,,Trailer,UNITED STATES (USA)
1W9257,1369,WILCO MACHINE & FAB INC.,,Trailer,UNITED STATES (USA)
1W9258,17022,"WES-TEX MANUFACTURING, INC",,Trailer,UNITED STATES (USA)
1W9261,17035,WAGUESPACK WELDING & MANUFACTURING INC,,Trailer,UNITED STATES (USA)
1W9266,11696,WHITEHEAD WELDING AND TRAILER SALES,,Trailer,UNITED STATES (USA)
1W9269,11045,"LAKE REGION ENTERPRISES, INC.",,Trailer,UNITED STATES (USA)
1W9271,9538,WILMER'S WELDING,,Trailer,UNITED STATES (USA)
1W9273,11908,WEBER MANUFACTURING,,Trailer,UNITED STATES (USA)
1W9274,11470,WAYDE MFG CO INC.,,Trailer,UNITED STATES (USA)
1W9276,11694,WHITE'S WELDING & BODY SHOP,,Trailer,UNITED STATES (USA)
1W9285,10133,"WADE SERVICES, INC.",,Trailer,UNITED STATES (USA)
1W9287,10337,WASTE STREAM INC.,,Trailer,UNITED STATES (USA)
1W9288,17072,"WILKENS INDUSTRIES, INC",,Trailer,UNITED STATES (USA)
1W9289,11707,WICHITA TRAILER MANUFACTURING,,Trailer,UNITED STATES (USA)
1W9291,10138,"WALDEN STRUCTURE'S, INC.",,Trailer,UNITED STATES (USA)
1W9294,11482,"WEDLAKE FABRICATING, INC.",,Trailer,UNITED STATES (USA)
1W9298,11478,WEBER GENERATORS INC.,,Trailer,UNITED STATES (USA)
1W9299,11023,"WEST GEORGIA MOBILE HYDRAULIC, INC.",,Trailer,UNITED STATES (USA)
1W9303,10071,WORLD TRANSPORT AUTHORITY INC,,Multipurpose Passenger Vehicle (MPV),UNITED STATES (USA)
1W9309,10889,WIND RIVER MFG LLC,,Trailer,UNITED STATES (USA)
1W9314,4267,WESTBURY HANDCRAFTED MOTORCYCLES,,Motorcycle,UNITED STATES (USA)
1W9321,11489,WELDING UNLIMITED,,Trailer,UNITED STATES (USA)
1W9322,11224,WOLF TRAX,,Trailer,UNITED STATES (USA)
1W9323,1372,WILD RICE INDUSTRIES,,Trailer,UNITED STATES (USA)
1W9325,10890,WINDSOR TRAILER,,Trailer,UNITED STATES (USA)
1W9328,11225,WOLVERINE RACING,,Motorcycle,UNITED STATES (USA)
1W9331,11479,WEBER'S WELDING & REPAIR,,Trailer,UNITED STATES (USA)
1W9332,11703,WHITLOCK MILLS TRAILERS,,Trailer,UNITED STATES (USA)
1W9333,3054,"TGB FABRICATION, INC.",,Trailer,UNITED STATES (USA)
1W9334,11036,WINDWARD CAMPERS INC,,Trailer,UNITED STATES (USA)
1W9335,1373,WILD SIDE CUSTOM TRAILERS & TRUCK CONVERSIONS,,Trailer,UNITED STATES (USA)
1W9338,11668,WEST COAST CARRIAGE,,Trailer,UNITED STATES (USA)
1W9340,9211,WYOMING SHEEP WAGONS,,Trailer,UNITED STATES (USA)
1W9341,1385,WOODSMAN INC.,,Trailer,UNITED STATES (USA)
1W9342,9208,"WYLIE & SON, INC. DBA WYLIE MANUFACTURING",,Trailer,UNITED STATES (USA)
1W9344,11699,WHITES/KEENE MFG. INC,,Trailer,UNITED STATES (USA)
1W9345,10809,WATER WARS COMPANY,,Trailer,UNITED STATES (USA)
1W9346,9202,WRIGHT BUILT,,Trailer,UNITED STATES (USA)
1W9347,10331,WARREN EQUIPMENT INC.,,Trailer,UNITED STATES (USA)
1W9350,11452,WESTMOR INDUSTRIES,,Trailer,UNITED STATES (USA)
1W9351,1374,"WILDCAT MFG. CO., INCORPORATED",,Trailer,UNITED STATES (USA)
1W9353,11223,WOLF DESIGN METAL FABRICATION,,Trailer,UNITED STATES (USA)
1W9354,10141,WALKER MOUNTAIN TRAILERS UNLIMITED,,Trailer,UNITED STATES (USA)
1W9357,10136,WAGON WHEEL TRAILERS,,Trailer,UNITED STATES (USA)
1W9359,15946,WELLS MACHINE CO INC,,Trailer,UNITED STATES (USA)
1W9361,20172,"WECAN FABRICATORS, LLC",,Trailer,UNITED STATES (USA)
1W9364,9206,WYATT'S TRAILER SALES,,Trailer,UNITED STATES (USA)
1W9367,1371,WILD CHILD PERFORMANCE,,Motorcycle,UNITED STATES (USA)
1W9374,11473,WAYNE A. MILLER,,Trailer,UNITED STATES (USA)
1W9381,8495,WHITETAIL WATERSPORTS,,Trailer,UNITED STATES (USA)
1W9387,11086,WARE'S WELDING,,Trailer,UNITED STATES (USA)
1W9388,11538,WOLFGANG CYCLES,,Motorcycle,UNITED STATES (USA)
1W9391,10905,WAGS UNIQUE MOTORCYCLE TRAILERS,,Trailer,UNITED STATES (USA)
1W9393,11739,WICKED WOMEN CHOPPERS,,Motorcycle,UNITED STATES (USA)
1W9394,9948,WHISKEY CHOPPERS,,Motorcycle,UNITED STATES (USA)
1W9395,1420,GABRIEL VILLESCAS WEST MESA CHOPPERS,,Motorcycle,UNITED STATES (USA)
1W9396,8617,WEEZE CHOPPERS,,Motorcycle,UNITED STATES (USA)
1W9397,8800,WILRAY MFG. INC.,,Trailer,UNITED STATES (USA)
1W9398,9928,"WORK HORSE MANUFACTURING, LLC",,Trailer,UNITED STATES (USA)
1W9399,5847,WAR EAGLE MOTORCYCLES,,Motorcycle,UNITED STATES (USA)
1W9400,9019,WAYNE'S TRAILER SUPPLIES,,Trailer,UNITED STATES (USA)
1W9401,9038,WILDCAT MOTORCYCLES,,Motorcycle,UNITED STATES (USA)
1W9403,11235,"WEST COAST TRAILER, MFG.",,Trailer,UNITED STATES (USA)
1W9404,9218,WICKED CHOPPERS CORPORATION,,Motorcycle,UNITED STATES (USA)
1W9408,9249,WILLIAM STEELE WELDING & FABRICATION LLC,,Trailer,UNITED STATES (USA)
1W9410,9248,"WILBERT FUNERAL SERVICES, INC.",,Trailer,UNITED STATES (USA)
1W9411,9272,"WELDING & MACHINE, INCORPORATED",,Trailer,UNITED STATES (USA)
1W9412,8462,"WOODS LINE EQUIPMENT, INC.",,Trailer,UNITED STATES (USA)
1W9413,7212,WILDFIRE MOTORS,,Motorcycle,UNITED STATES (USA)
1W9414,13525,WESTON CHOPPERS,,Motorcycle,UNITED STATES (USA)
1W9415,11327,WILD SIDE CUSTOMS,,Motorcycle,UNITED STATES (USA)
1W9418,10673,"WIDOWMAKERS, LLC",,Motorcycle,UNITED STATES (USA)
1W9419,1158,WORKHORSE INDUSTRIES OF TEXAS,,Trailer,UNITED STATES (USA)
1W9420,10638,WHITE KNUCKLE PERFORMANCE CYCLES,,Motorcycle,UNITED STATES (USA)
1W9421,17171,WALT'S PERFORMANCE AUTO (JOE'S MOTORCYCLES),,Motorcycle,UNITED STATES (USA)
1W9422,9321,WOLVERINE CUSTOM,,Motorcycle,UNITED STATES (USA)
1W9423,8635,"WARRIOR MANUFACTURING, LLC",,Trailer,UNITED STATES (USA)
1W9424,9545,WICOMICO CUSTOM CYCLES INC.,,Motorcycle,UNITED STATES (USA)
1W9425,9974,"WORK HAWG TRAILER COMPANY, LLC",,Trailer,UNITED STATES (USA)
1W9426,8898,WICKED ENTERPRISES LLC,,Motorcycle,UNITED STATES (USA)
1W9427,9980,WHISKEY CUSTOM CYCLES INC.,,Motorcycle,UNITED STATES (USA)
1W9428,10455,WHOLESALE TRAILER WORLD,,Trailer,UNITED STATES (USA)
1W9429,9582,WALZ HARDCORE CYCLES USA,,Motorcycle,UNITED KINGDOM (UK)
1W9431,10505,WILCO MANUFACTURING,,Trailer,UNITED STATES (USA)
1W9432,10014,WICKED SICKLES LLC,,Motorcycle,UNITED STATES (USA)
1W9433,11793,"WILD CAT CRANE & WELDING, INC.",,Trailer,UNITED STATES (USA)
1W9436,9116,WICKED CUSTOM CYCLES,,Motorcycle,UNITED STATES (USA)
1W9437,9505,WIDE OPEN CYCLES,,Motorcycle,UNITED STATES (USA)
1W9438,11794,WILD WEST TRAILERS,,Trailer,UNITED STATES (USA)
1W9439,11805,WINCHESTER AUTO REPAIR & WELDING,,Trailer,UNITED STATES (USA)
1W9440,8448,"WRIGHT'S DESIGN & FAVRICATION, INC.",,Trailer,UNITED STATES (USA)
1W9441,8442,"WILLIAMS FIRE & HAZARD CONTROL, INC.",,Trailer,UNITED STATES (USA)
1W9442,9135,WIZARD SPEED AND DESIGN,,Motorcycle,UNITED STATES (USA)
1W9447,17284,WATERBLASTING LLC,,Trailer,UNITED STATES (USA)
1W9448,11392,WYLD RYDES INC.,,Motorcycle,UNITED STATES (USA)
1W9450,11558,WANTED CHOPPERS INC.,,Motorcycle,UNITED STATES (USA)
1W9451,10937,WAYNE'S INC.,,Trailer,UNITED STATES (USA)
1W9453,10749,WILD METAL MANUFACTURING,,Trailer,UNITED STATES (USA)
1W9455,11806,WASHINGTON CHOPPERS,,Motorcycle,UNITED STATES (USA)
1W9456,9304,WEST SIDE CYCLE LLC,,Motorcycle,UNITED STATES (USA)
1W9457,9284,"WALLACE LOWBOYS, INC.",,Trailer,UNITED STATES (USA)
1W9458,11771,"WARREN POWER ATTACHMENTS, LLC",,Trailer,UNITED STATES (USA)
1W9459,10312,WEE ENGINEER INC.,,Trailer,UNITED STATES (USA)
1W9460,10305,WICKED SICK DESIGNS MANUFACTURING  T-TOWN CHOPZ INC.,,Motorcycle,UNITED STATES (USA)
1W9461,1157,"WATERTRAILERS.NET, INC.",,Trailer,UNITED STATES (USA)
1W9462,9755,"WILSHIRE TRAILERS, LLC",,Trailer,UNITED STATES (USA)
1W9465,7728,WESTERN INT'L INC.,,Trailer,UNITED STATES (USA)
1W9466,8495,WHITETAIL WATERSPORTS,,Trailer,UNITED STATES (USA)
1W9467,1335,"WYOMING FABRICATION & MACHINE, LLC",,Trailer,UNITED STATES (USA)
1W9470,7883,WELD SHOP INC.,,Motorcycle,UNITED STATES (USA)
1W9472,8498,"SCRUGGS TRAILER & EQUIPMENT WSE LEASING, INC.",,Trailer,UNITED STATES (USA)
1W9474,12034,"WATERFORD TANK AND FABRICATION, LTD",,Trailer,UNITED STATES (USA)
1W9477,7007,WORK EASY TRAILERS LLC,,Trailer,UNITED STATES (USA)
1W9478,1428,WELD-TEK CUSTOM FABRICATION,,Trailer,UNITED STATES (USA)
1W9479,7086,"WES MOR CRYOGENIC MANUFACTURING, LTD.",,Trailer,UNITED STATES (USA)
1W9480,7045,"WILSON STEEL PRODUCTS CO., INC.",,Trailer,UNITED STATES (USA)
1W9481,12159,WEST SIDE CHOPPERS,,Motorcycle,UNITED STATES (USA)
1W9482,6413,WOLFE ELECTRIC INC.,,Trailer,UNITED STATES (USA)
1W9484,6404,WILLIAM N. MASON INC. T/A MASON DRAWN EQUIPMENT,,Trailer,UNITED STATES (USA)
1W9485,11880,"WHEEGO ELECTRIC CARS, INC.",,Low Speed Vehicle (LSV),UNITED STATES (USA)
1W9488,2208,CERTIFIED STAINLESS SERVICES INC DBA WESTMARK,,Trailer,UNITED STATES (USA)
1W9489,6713,WINDY RIDGE FABRICATION,,Trailer,UNITED STATES (USA)
1W9491,7441,WARHAWK PERFORMANCE INC.,,Trailer,UNITED STATES (USA)
1W9492,7441,WARHAWK PERFORMANCE INC.,,Passenger Car,UNITED STATES (USA)
1W9493,7441,WARHAWK PERFORMANCE INC.,,Truck,UNITED STATES (USA)
1W9494,7232,"WEGENER STEEL & FABRICATING, INC.",,Trailer,UNITED STATES (USA)
1W9495,6910,WORLDWIDE TRAILERS USA LLC,,Trailer,UNITED STATES (USA)
1W9497,17282,W G MANUFACTURING,,Trailer,UNITED STATES (USA)
1W9498,6630,"WOODCREDIT, INC.",,Trailer,UNITED STATES (USA)
1W9500,7950,"WHIT SERVICE & SUPPLY, INC.",,Trailer,UNITED STATES (USA)
1W9503,7241,WENDIGO INDUSTRIES INC. DBA SO-CAL CHOPPERS,,Motorcycle,UNITED STATES (USA)
1W9507,6318,WALDROP'S WELDING & FABRICATION LLC,,Trailer,UNITED STATES (USA)
1W9508,7112,"WOODY'S DODGE JEEP EAGLE, INC.",,Trailer,UNITED STATES (USA)
1W9510,7417,WESTERN INNOVATION,,Trailer,UNITED STATES (USA)
1W9511,1436,WISDOM RIDES,,Trailer,UNITED STATES (USA)
1W9513,7117,"WIECHELMAN REPAIR, INC.",,Trailer,UNITED STATES (USA)
1W9514,1443,"WELL DONE EQUIPMENT, LLC",,Trailer,UNITED STATES (USA)
1W9515,7911,"WAUSAU EQUIPMENT COMPANY, INC.",,Truck,UNITED STATES (USA)
1W9516,7557,WINS TRIKE BIKE,,Motorcycle,UNITED STATES (USA)
1W9517,7255,WIDESIDE CUSTOMS LLC,,Motorcycle,UNITED STATES (USA)
1W9518,1458,WALTERS GROUP INC.,,Trailer,UNITED STATES (USA)
1W9519,7250,WADSWORTH INDUSTRIES,,Trailer,UNITED STATES (USA)
1W9520,7759,"WOT FABRICATION & ENGINEERING, LLC",,Trailer,UNITED STATES (USA)
1W9521,7780,WILTON MANUFACTURING LLC,,Trailer,UNITED STATES (USA)
1W9523,13814,"WEAVER SYSTEMS, LLC",,Trailer,UNITED STATES (USA)
1W9524,6313,WICKED DESIGNS LLC,,Trailer,UNITED STATES (USA)
1W9525,7960,WATER HOG TRAILERS LLC,,Trailer,UNITED STATES (USA)
1W9527,12264,WOLVERINE TRAILERS LLC,,Trailer,UNITED STATES (USA)
1W9528,7985,WINCO,,Trailer,UNITED STATES (USA)
1W9529,12093,WAHOO MARINE CONSTRUCTION COMPANY,,Trailer,UNITED STATES (USA)
1W9530,6089,WK MACHINE LLC,,Trailer,UNITED STATES (USA)
1W9531,1519,"C.J. SEITZ, INC.",,Trailer,UNITED STATES (USA)
1W9532,21679,WORKHORSE TRAILERS LLC,,Trailer,UNITED STATES (USA)
1W9534,13512,"W.E. MACHINE & WELDING, INC.",,Trailer,UNITED STATES (USA)
1W9537,13515,"WELCH TRAILERS, LLC",,Trailer,UNITED STATES (USA)
1W9538,7599,"WENZLAU ENGINEERING, INC.",,Trailer,UNITED STATES (USA)
1W9539,1499,WYATT ENGINEERING & FABRICATION LLC,,Trailer,UNITED STATES (USA)
1W9542,13820,WILSON MANUFACTURING,,Trailer,UNITED STATES (USA)
1W9543,1522,WESTAR MANUFACTURING,,Trailer,UNITED STATES (USA)
1W9544,7659,"WOOD-TEX CORPORATE, LLC",,Trailer,UNITED STATES (USA)
1W9545,17161,"HYBRID LIGHT SOLUTIONS, LLC",,Trailer,UNITED STATES (USA)
1W9547,7382,"WHEATRIDGE MANUFACTURING, LLC",,Truck,UNITED STATES (USA)
1W9548,7361,"WEILER, INC.",,Trailer,UNITED STATES (USA)
1W9552,7635,WISE TECHNOLOGY LLC,,Trailer,UNITED STATES (USA)
1W9553,7614,"WURK METAL PRODUCTS, INC.",,Trailer,UNITED STATES (USA)
1W9555,10325,"WALTON TRAILERS, LLC",,Trailer,UNITED STATES (USA)
1W9556,7618,WHEELHAUS INC.,,Trailer,UNITED STATES (USA)
1W9561,6814,"LANG SPECIALTY TRAILERS, LLC",,Trailer,UNITED STATES (USA)
1W9562,23808,WEST POINT DESIGN INC.,,Trailer,UNITED STATES (USA)
1W9564,13731,"WORLDWIDE TRAILER, LLC",,Trailer,UNITED STATES (USA)
1W9565,13740,WB ENTERPRISES,,Trailer,UNITED STATES (USA)
1W9566,14958,CAR REPLICA TRAILERS,,Trailer,UNITED STATES (USA)
1W9567,13957,"WAGS MOTORCYCLE TRAILERS, LLC",,Trailer,UNITED STATES (USA)
1W9568,11030,WATERMAN WELDING & MACHINING,,Trailer,UNITED STATES (USA)
1W9569,13701,WORLDWIDE TRAILER SERVICES INC,,Trailer,UNITED STATES (USA)
1W9570,13604,WARRIOR TRIKES S.E.,,Motorcycle,UNITED STATES (USA)
1W9572,15687,"WHITEWATER WORTHY EQUIPMENT, LLC",,Trailer,UNITED STATES (USA)
1W9575,13566,WORXS LLC,,Trailer,UNITED STATES (USA)
1W9576,12243,"WALINGA USA, INC.",,Trailer,UNITED STATES (USA)
1W9579,14698,WASTEBUILT ENVIRONMENTAL SOLUTIONS LLC,,Trailer,UNITED STATES (USA)
1W9583,15108,WILLIS EXTENDABLES,,Trailer,UNITED STATES (USA)
1W9586,15133,WOLFPACK CHASSIS LLC,,Trailer,UNITED STATES (USA)
1W9587,15188,"WORTHINGTON CRYOGENICS, LLC.",,Trailer,UNITED STATES (USA)
1W9590,15513,"WISTAR EQUIPMENT, INC",,Trailer,UNITED STATES (USA)
1W9591,15812,WALLRICH WELDING,,Trailer,UNITED STATES (USA)
1W9592,15911,WELLSPRING COMPONENTS LLC,,Trailer,UNITED STATES (USA)
1W9594,16055,WILCKEN INDUSTRIES,,Motorcycle,UNITED STATES (USA)
1W9595,16068,WOLF TRAILERS,,Trailer,UNITED STATES (USA)
1W9597,16250,"WESTERN WISCONSIN FABRICATING, LLC",,Trailer,UNITED STATES (USA)
1W9598,16819,"WOW CARGO TRAILERS, LLC",,Trailer,UNITED STATES (USA)
1W9600,16544,WHISPERING PINES FABRICATING,,Trailer,UNITED STATES (USA)
1W9601,17516,WILDERMAVEN CORPORATION,,Trailer,UNITED STATES (USA)
1W9602,16779,WICKED COOL MOTORCYCLES LLC,,Motorcycle,UNITED STATES (USA)
1W9603,16870,WEBER MANUFACTURING LLC,,Trailer,UNITED STATES (USA)
1W9604,18130,WOLF INDUSTRIES INC,,Trailer,UNITED STATES (USA)
1W9606,17410,"WEST TECH INDUSTRIES, LLC.",,Trailer,UNITED STATES (USA)
1W9616,18461,WAYCASTER PERFORMANCE LLC,,Trailer,UNITED STATES (USA)
1W9619,18738,WATERTOWN DRAFT TRAILERS LLC,,Trailer,UNITED STATES (USA)
1W9621,11713,"WIL-RO, INC.",,Trailer,UNITED STATES (USA)
1W9624,23765,WEISTEC ENGINEERING INC.,,Trailer,
1W9625,19157,WD TRAILER MFG,,Trailer,UNITED STATES (USA)
1W9626,20401,WEST COAST TRAILERS SUPPLY HB INC.,,Trailer,UNITED STATES (USA)
1W9629,19299,WIBTECH LLC,,Trailer,UNITED STATES (USA)
1W9630,19332,"WORLD INDUSTRIAL EQUIPMENT, INC.",,Trailer,UNITED STATES (USA)
1W9632,19726,"WORLD COMMUNICATION TOWERS, LLC",,Trailer,UNITED STATES (USA)
1W9633,19611,WENDORFF WELDING AND FABRICATION,,Trailer,UNITED STATES (USA)
1W9635,19788,WEST TEXAS TRAILER REELZ AND MORE,,Trailer,UNITED STATES (USA)
1W9637,20657,WTM ENTERPRISE LLC,,Trailer,UNITED STATES (USA)
1W9638,19918,WATERWAY PROPERTY SOLUTIONS LLC,,Trailer,UNITED STATES (USA)
1W9639,21631,WURZBACH ELECTRONICS INC.,,Trailer,
1W9640,19867,WARFIELD FABRICATION LLC,,Trailer,UNITED STATES (USA)
1W9641,20103,WATSON AND SON AUTOMOTIVES,,Trailer,UNITED STATES (USA)
1W9642,20011,"WHODAT TOWERS, LLC",,Trailer,UNITED STATES (USA)
1W9643,20169,WITMER MFG. LLC,,Trailer,UNITED STATES (USA)
1W9645,20229,WORTH TRAILER PARTS,,Trailer,UNITED STATES (USA)
1W9646,20257,"WEGO CAMP TRAILERS, LLC.",,Trailer,UNITED STATES (USA)
1W9647,20256,"WESTERN SHOTCRETE EQUIPMENT, INC.",,Trailer,UNITED STATES (USA)
1W9649,20313,"WARTECH ENGINEERING, LLC",,Trailer,UNITED STATES (USA)
1W9651,20450,"WHITE'S WELDING, LLC",,Trailer,UNITED STATES (USA)
1W9653,20454,WOMBAT CAMPER LLC,,Trailer,UNITED STATES (USA)
1W9654,20552,WATCHDOG TRAILERS LLC,,Trailer,UNITED STATES (USA)
1W9658,20968,WALTON TRAILER SALES INC,,Trailer,UNITED STATES (USA)
1W9659,20939,WELD PRO LLC,,Trailer,UNITED STATES (USA)
1W9661,21803,"WHITEHEAD CONSTRUCTION, INC.",,Trailer,
1W9662,20955,WANDER TEARS,,Trailer,UNITED STATES (USA)
1W9663,21222,WELDING BEAST FABRICATION,,Trailer,
1W9664,21069,"WIND RIVER CUSTOM HOMES, LLC",,Trailer,UNITED STATES (USA)
1W9667,21175,WELDCO MFG LLC,,Trailer,
1W9669,21568,WEIGHT WISE RV,,Trailer,
1W9670,21462,WHITEY EXTERIORS,,Trailer,
1W9671,21580,WELDCAT FABRICATION INC.,,Trailer,UNITED STATES (USA)
1W9672,21703,WALLACE FABRICATIONS LLC,,Trailer,UNITED STATES (USA)
1W9673,21716,"WOLF MANUFACTURING, LLC",,Trailer,
1W9674,21883,"WESTGEN POWER SOLUTIONS, INC.",,Trailer,
1W9676,21613,"WINNER CYCLES, LLC",,Motorcycle,UNITED STATES (USA)
1W9677,22151,WARE COUNTY CARGO TRAILERS,,Trailer,UNITED STATES (USA)
1W9678,22121,"WELDING WORLD, INC",,Trailer,
1W9679,22127,WM WELDING AND MANUFACTURING LLC,,Trailer,
1W9681,22320,WOODBREW LLC,,Trailer,
1W9683,25360,A & O HOLDINGS LLC,,Multipurpose Passenger Vehicle (MPV),
1W9684,22490,WOLFPACK MFG,,Trailer,UNITED STATES (USA)
1W9685,23017,WILDCAT CABLE SOLUTIONS LLC,,Trailer,
1W9686,22428,WTX CONTAINERS LLC,,Trailer,
1W9687,22471,WATERCAR INC,,Low Speed Vehicle (LSV),
1W9688,22529,WHITE KNUCKLE FAB,,Trailer,
1W9691,23131,WESTERN HWYS TRAFFIC SAFETY PRODUCTS INC,,Trailer,
1W9692,23604,WIGGINS METAL WORKS,,Trailer,UNITED STATES (USA)
1W9694,23225,WINDING CREEK MANUFACTURING LLC,,Trailer,UNITED STATES (USA)
1W9695,23389,WAGS PET & CARGO TRAILERS LLC,,Trailer,
1W9697,23375,WILLIAM E WILSON JR LLC,,Trailer,
1W9698,23559,WINDROSE TECHNOLOGY INC,,Truck,UNITED STATES (USA)
1W9699,23622,WARHORSE OVERLAND,,Trailer,
1W9703,23898,WATERSNAKE BOATS LLC,,Trailer,UNITED STATES (USA)
1W9704,24075,WIENS ENERGY LLC,,Trailer,UNITED STATES (USA)
1W9705,24154,"WINDSTRONG INDUSTRIES, LLC",,Trailer,UNITED STATES (USA)
1W9706,24336,WARTHOG EV LLC,,Low Speed Vehicle (LSV),
1W9709,24805,WUCHENG HENGHE VEHICLE INDUSTRY LLC,,Trailer,UNITED STATES (USA)
1W9710,24953,"WORKING CLASS MOBILE WELDING, LLC.",,Trailer,
1W9712,25124,WEST ALABAMA FLEET SERVICES LLC,,Trailer,
1W9713,25550,WHITE MOUNTAIN TRAILERS,,Trailer,
1W9714,25282,WCI OFFROAD,,Trailer,
1W9715,6910,WORLDWIDE TRAILERS USA LLC,,Trailer,UNITED STATES (USA)
1W9717,25487,WILLOW CREEK INNOVATIONS,,Trailer,UNITED STATES (USA)
1W9718,25677,WHITE ROCK TRAILERS,,Trailer,
1W9720,19157,WD TRAILER MFG,,Incomplete Vehicle,UNITED STATES (USA)
1W9721,25840,WINSTAR ROAD SUPPLY LLC,,Trailer,
1W9WS7,9661,WALDEN STRUCTURES CONSTRUCTION,,Trailer,UNITED STATES (USA)
1WA,15846,VOLVO WHITE TRUCK CORPORATION,AUTOCAR,Truck,UNITED STATES (USA)
1WB,15846,VOLVO WHITE TRUCK CORPORATION,AUTOCAR,Incomplete Vehicle,UNITED STATES (USA)
1WC,22033,"AMERICAN CARGO GROUP TRAILERS, LLC",WELLS CARGO,Trailer,UNITED STATES (USA)
1WD,15846,VOLVO WHITE TRUCK CORPORATION,AUTOCAR,Incomplete Vehicle,UNITED STATES (USA)
1WE,17021,"5 STARR TRAILER COMPANY, INC.","5 STARR TRAILER COMPANY, INC",Trailer,UNITED STATES (USA)
1WF,22033,"AMERICAN CARGO GROUP TRAILERS, LLC",WELLS CARGO,Trailer,UNITED STATES (USA)
1WH,4402,A & F TRAILER MFG INC,A & F TRAILER MFG INC,Trailer,UNITED STATES (USA)
1WR,11666,WESCO TRAILER SALES,WESCO TRAILER SALES,Trailer,UNITED STATES (USA)
1WT,11039,"WINNEBAGO INDUSTRIES, INC.",WINNEBAGO,Multipurpose Passenger Vehicle (MPV),UNITED STATES (USA)
1WU,15846,VOLVO WHITE TRUCK CORPORATION,WHITE,Truck,UNITED STATES (USA)
1WV,11039,"WINNEBAGO INDUSTRIES, INC.",WINNEBAGO,Multipurpose Passenger Vehicle (MPV),UNITED STATES (USA)
1WW,11039,"WINNEBAGO INDUSTRIES, INC.",WINNEBAGO,Multipurpose Passenger Vehicle (MPV),UNITED STATES (USA)
1WX,15846,VOLVO WHITE TRUCK CORPORATION,WHITE,Incomplete Vehicle,UNITED STATES (USA)
1WY,15846,VOLVO WHITE TRUCK CORPORATION,WHITE,Incomplete Vehicle,UNITED STATES (USA)
1WZ,11258,"WESTERN WORLD, INC.",CIRCLE J,Trailer,UNITED STATES (USA)
1X3,12444,"GRUBB TRAILERS, INC.","GRUBB TRAILERS, INC.",Trailer,UNITED STATES (USA)
1X7,8743,BONANZA & RAWHIDE TRAILER CO.,BONANZA TRAILERS,Trailer,UNITED STATES (USA)
1X8,17677,"WAR HAWK, INC.","WAR HAWK, INC.",Trailer,UNITED STATES (USA)
1X9002,16926,X-PRESS,,Trailer,UNITED STATES (USA)
1X9003,17025,XERTECH CORPORATION,,Trailer,UNITED STATES (USA)
1X9008,5724,XOTIC CYCLE & MOTOR WERX,,Motorcycle,UNITED STATES (USA)
1X9009,9404,XTREME CUSTOM CONVERSIONS,,Trailer,UNITED STATES (USA)
1X9014,9212,X-CEL TRAILERS,,Trailer,UNITED STATES (USA)
1X9015,11535,XTREME CYCLES OF SARASOTA L.L.C.,,Motorcycle,UNITED STATES (USA)
1X9019,10491,XCS CHOPPERS,,Motorcycle,UNITED STATES (USA)
1X9020,8860,X-TREME FABRICATING INC.,,Trailer,UNITED STATES (USA)
1X9025,7544,XTC INC. DBA XTC MOTORCYCLES,,Motorcycle,UNITED STATES (USA)
1X9026,7756,XTREME TRAILERS AND MFG. LLC,,Trailer,UNITED STATES (USA)
1X9031,16064,"XPLOR CAMPERS, LLC.",,Trailer,UNITED STATES (USA)
1X9033,18039,"XL CARTS, INC.",,Low Speed Vehicle (LSV),UNITED STATES (USA)
1X9036,16298,"XTREME OUTDOORS, LLC",,Trailer,UNITED STATES (USA)
1X9037,19722,ARTEC INDUSTRIES LLC.,,Trailer,UNITED STATES (USA)
1X9039,23757,X-STAR TRAILERS LLC,,Trailer,
1X9040,20690,"XOTO, INC.",,Motorcycle,
1X9041,20625,XTREME TRAILERS,,Trailer,UNITED STATES (USA)
1X9042,21678,XXISS CORP.,,Trailer,
1X9043,23609,XZ ELECTRIC VEHICLES LLC,,Low Speed Vehicle (LSV),UNITED STATES (USA)
1X9044,23920,"XCEL MANUFACTURING, LLC",,Trailer,UNITED STATES (USA)
1X9046,24585,XTREME MANUFACTURING,,Trailer,
1X9047,18989,"XOS, INC.",,Trailer,
1XA,2717,EXCALIBUR AUTOMOBILE CORPORATION,EXCALIBUR AUTOMOBILE CORPORATION,Passenger Car,UNITED STATES (USA)
1XK,1032,KENWORTH TRUCK COMPANY,KENWORTH,Truck,UNITED STATES (USA)
1XL,15312,RANGE MANUFACTURING COMPANY,RANGE,Trailer,UNITED STATES (USA)
1XM,994,FCA US LLC,RENAULT,Passenger Car,UNITED STATES (USA)
1XN,15744,"TRIPLE CROWN TRAILERS, LLC","TRIPLE CROWN TRAILERS, INC",Trailer,UNITED STATES (USA)
1XP,1033,PETERBILT MOTORS COMPANY,PETERBILT,Truck,UNITED STATES (USA)
1XT,3231,TRAILEX INC.,TRAILEX INC.,Trailer,UNITED STATES (USA)
1XU,6629,LOGAN COACH INC.,LOGAN COACH,Trailer,UNITED STATES (USA)
1XV,15369,THAYCO TRAILER CORPORATION,THAYCO,Trailer,UNITED STATES (USA)
1Y1,1062,"NEW UNITED MOTOR MANUFACTURING, INC.","CHEVROLET, GEO",Passenger Car,UNITED STATES (USA)
1Y9003,18074,YUMA WELDING AND FABRICATION,,Trailer,UNITED STATES (USA)
1Y9008,11688,YUKON MARINE CORP,,Trailer,UNITED STATES (USA)
1Y9018,9867,YESTER YEAR AUTO,,Passenger Car,UNITED STATES (USA)
1Y9020,13434,Y.B.WELDING INC.,,Trailer,UNITED STATES (USA)
1Y9023,10733,YURKO CUSTOM CYCLES,,Motorcycle,UNITED STATES (USA)
1Y9024,10744,YUBA TRAILER MFG.,,Trailer,UNITED STATES (USA)
1Y9029,1582,"YODER UTILITY TRAILERS, LLC",,Trailer,UNITED STATES (USA)
1Y9034,6563,"YOUNESSI MOTORS, LLC",,Motorcycle,UNITED STATES (USA)
1Y9036,6600,ELWELL ENTERPRISES LLC,,Trailer,UNITED STATES (USA)
1Y9037,13766,YORK WELDING AND FABRICATION LLC,,Trailer,UNITED STATES (USA)
1Y9041,19912,ZACO TRAILERS LLC,,Trailer,UNITED STATES (USA)
1Y9042,20414,"YELLOW COW TRAILERS, LLC",,Trailer,UNITED STATES (USA)
1Y9046,22172,YUNJIN GROUP INC.,,Trailer,UNITED STATES (USA)
1Y9047,22343,YELLOWSTONE TRAILERS LLC,,Trailer,UNITED STATES (USA)
1Y9048,22571,"YOUNG BROTHERZ, LLC",,Trailer,
1Y9049,23214,YAK MASTER TRAILERS LLC,,Trailer,
1Y9050,23447,YOLO TRAILERS LLC,,Trailer,UNITED STATES (USA)
1Y9053,25799,YOZZY INDUSTRIES,,Trailer,UNITED STATES (USA)
1YA,15243,"MARK'S TRAILERS, INC",MARK'S TRAILERS INC,Trailer,UNITED STATES (USA)
1YG,2198,ALUMA,ALUMA,Trailer,UNITED STATES (USA)
1YJ,14333,"ROKON INTERNATIONAL, INC.",ROKON,Motorcycle,UNITED STATES (USA)
1YU,15484,FIKE METAL PRODUCTS DIVISION,UTILITY,Trailer,UNITED STATES (USA)
1YV,978,"AUTO ALLIANCE INTERNATIONAL, USA",MAZDA,Passenger Car,UNITED STATES (USA)
1Z2,994,FCA US LLC,MITSUBISHI,Incomplete Vehicle,UNITED STATES (USA)
1Z3,994,FCA US LLC,MITSUBISHI,Truck,UNITED STATES (USA)
1Z4,994,FCA US LLC,MITSUBISHI,Multipurpose Passenger Vehicle (MPV),UNITED STATES (USA)
1Z6,994,FCA US LLC,MITSUBISHI,Multipurpose Passenger Vehicle (MPV),UNITED STATES (USA)
1Z7,994,FCA US LLC,MITSUBISHI,Truck,UNITED STATES (USA)
1Z8,994,FCA US LLC,MITSUBISHI,Multipurpose Passenger Vehicle (MPV),UNITED STATES (USA)
1Z9001,3478,OAKDALE MANUFACTURING,,Trailer,UNITED STATES (USA)
1Z9004,5762,OZ BARS,,Trailer,UNITED STATES (USA)
1Z9006,17359,INTEGRA MANUFACTURING INC,,Trailer,UNITED STATES (USA)
1Z9008,11439,OKLAHOMA GOOSENECK MFG INC,,Trailer,UNITED STATES (USA)
1Z9009,3920,QUALITY DISCOUNT TRAILERS,,Trailer,UNITED STATES (USA)
1Z9010,5290,INDEPENDENT TRAILER MANUFACTURING,,Trailer,UNITED STATES (USA)
1Z9011,12976,IRON MAN WELDING,,Trailer,UNITED STATES (USA)
1Z9012,18206,"O.T. FABRICATING, INC.",,Trailer,UNITED STATES (USA)
1Z9013,4326,INDUSTRIAL STUDS INC,,Trailer,UNITED STATES (USA)
1Z9014,13377,"ILLUSION CYCLES, INC.",,Motorcycle,UNITED STATES (USA)
1Z9026,12042,"ZIERKE BUILT MANUFACTURING, INC.",,Trailer,UNITED STATES (USA)
1Z9035,16997,IRVINE SPECIALTIES,,Trailer,UNITED STATES (USA)
1Z9039,8999,ZEHR ENTERPRISES INC,,Trailer,UNITED STATES (USA)
1Z9040,3472,"O'DELL MFG & TRUCK SALES, INC",,Trailer,UNITED STATES (USA)
1Z9042,12512,INVADER COACH MANUFACTURING INC.,,Bus,UNITED STATES (USA)
1Z9048,10318,"ITI TRAILERS AND TRUCK BODIES, INC.",,Trailer,UNITED STATES (USA)
1Z9053,9882,IMAGE CYCLES INC,,Motorcycle,UNITED STATES (USA)
1Z9058,18540,OVERBILT TRAILER COMPANY,,Trailer,UNITED STATES (USA)
1Z9060,5301,INDUSTRIAL FABRICATION & TESTING,,Trailer,UNITED STATES (USA)
1Z9062,3744,QUALITY SPECIALTY PRODUCTS,,Trailer,UNITED STATES (USA)
1Z9064,3538,"ORNAMENTAL IRON WORKS, LLC",,Trailer,UNITED STATES (USA)
1Z9065,3544,OSBORNES WELDING,,Trailer,UNITED STATES (USA)
1Z9068,2582,"QUALITY WELDING SERVICE, INC.",,Trailer,UNITED STATES (USA)
1Z9071,5752,OUTBACK TRAILERS,,Trailer,UNITED STATES (USA)
1Z9072,9169,ZIFFEL MANUFACTURING,,Trailer,UNITED STATES (USA)
1Z9075,12495,INTERNATIONAL EQUIPMENT MFG. CO.,,Trailer,UNITED STATES (USA)
1Z9076,9001,"ZERTECK, INC.",,Trailer,UNITED STATES (USA)
1Z9084,4944,"IDAHO TRUCK SPECIALTIES, LLC",,Trailer,UNITED STATES (USA)
1Z9085,4950,"IDEAL QUALITY TRAILERS, LLC",,Trailer,UNITED STATES (USA)
1Z9086,18748,OVB HOLDING LLC DBA OVERBUILT,,Trailer,UNITED STATES (USA)
1Z9087,8090,JOHN WHITE SERVICES,,Trailer,UNITED STATES (USA)
1Z9091,11448,"OLYMPIC MANUFACTURING AND SALES, INC.",,Trailer,UNITED STATES (USA)
1Z9092,15585,"SAGE OIL VAC, INC.",,Trailer,UNITED STATES (USA)
1Z9096,9888,INTERNATIONAL SUPPLY CO. INC.,,Trailer,UNITED STATES (USA)
1Z9097,4328,"INDUSTRIAL WHEEL EXCHANGE, INC.",,Trailer,UNITED STATES (USA)
1Z9101,998,QUEST MANUFACTURING,,Trailer,UNITED STATES (USA)
1Z9104,12509,INTERSTATE TRAILERS,,Trailer,UNITED STATES (USA)
1Z9106,9000,ZELIGSON COMPANY,,Truck,UNITED STATES (USA)
1Z9108,13393,ZIMMERMAN MANUFACTURING CORP.,,Trailer,UNITED STATES (USA)
1Z9116,8996,ZAT ENTERPRISES,,Trailer,UNITED STATES (USA)
1Z9117,17028,OUTLAW RANCH TRAILER SALES INC,,Trailer,UNITED STATES (USA)
1Z9119,13562,LEGEND VALLEY PRODUCTS - O'BRIEN MFG.,,Trailer,UNITED STATES (USA)
1Z9121,4897,FOCUS  INC,,Motorcycle,UNITED STATES (USA)
1Z9123,4805,ISE RESEARCH CORPORATION,,Bus,UNITED STATES (USA)
1Z9130,3970,QUICK SILVER CUSTOM TRAILERS,,Trailer,UNITED STATES (USA)
1Z9133,13135,IMMER ENTERPRISES,,Trailer,UNITED STATES (USA)
1Z9136,13575,OWINGS EQUIPMENT CO.,,Trailer,UNITED STATES (USA)
1Z9139,3966,EMB INCORPORATED,,Motorcycle,UNITED STATES (USA)
1Z9140,5286,IMPERIAL TRAILERS  DIV. OF EILEEN CORP.,,Trailer,UNITED STATES (USA)
1Z9141,12974,IRON EAGLE MOTORCYCLES,,Motorcycle,UNITED STATES (USA)
1Z9143,9886,INTERMODAL CONTAINER SYSTEMS,,Trailer,UNITED STATES (USA)
1Z9146,11620,OLYMPIC TRAILERS INC.,,Trailer,UNITED STATES (USA)
1Z9147,10543,OMR  CORP AKA INDIAN RIVER TRAILERS,,Trailer,UNITED STATES (USA)
1Z9148,9684,OUTLAW INC.,,Trailer,UNITED STATES (USA)
1Z9149,2577,"QUALITY TRUCK BODIES & REPAIR, INC.",,Trailer,UNITED STATES (USA)
1Z9152,13217,INDUSTRIAL PROCESS SERVICES,,Trailer,UNITED STATES (USA)
1Z9156,3542,OSBORNE CONSTRUCTION,,Trailer,UNITED STATES (USA)
1Z9157,3739,QUALITY MANUFACTURING CO.,,Trailer,UNITED STATES (USA)
1Z9158,9179,ZOOK'S WELDING,,Trailer,UNITED STATES (USA)
1Z9159,1813,IMAGE CUSTOM CYCLES INC,,Motorcycle,UNITED STATES (USA)
1Z9160,8394,"ODYSSEY EXTREME MACHINES, INC",,Motorcycle,UNITED STATES (USA)
1Z9161,5294,INDIANA PHOENIX INC,,Truck,UNITED STATES (USA)
1Z9163,3836,"OSW EQUIPMENT & REPAIR, LLC",,Trailer,UNITED STATES (USA)
1Z9164,17623,IMPERIAL STRUCTURES LLC,,Trailer,UNITED STATES (USA)
1Z9167,3541,OSBORN SHEET METAL LLC,,Trailer,UNITED STATES (USA)
1Z9168,1584,"OLD DOMINION BRUSH COMPANY, INC.",,Trailer,UNITED STATES (USA)
1Z9170,10350,ORANGE COUNTY CHOPPERS,,Motorcycle,UNITED STATES (USA)
1Z9171,8993,ZAMORA SALES AND SERVICE,,Trailer,UNITED STATES (USA)
1Z9173,9894,JEFFERY L AMES DBA INNOVATIVE TRAILER MFG,,Trailer,UNITED STATES (USA)
1Z9175,4940,IBS SYSTEMS,,Trailer,UNITED STATES (USA)
1Z9181,5293,INDIANA CUSTOM CARGO INC,,Trailer,UNITED STATES (USA)
1Z9182,8293,OTTO'S CUSTOM TRAILERS,,Trailer,UNITED STATES (USA)
1Z9185,5288,INDCOM SERVICES INC,,Trailer,UNITED STATES (USA)
1Z9187,17471,ZZ TRAILERS,,Trailer,UNITED STATES (USA)
1Z9188,5952,ODDI CYCLES,,Motorcycle,UNITED STATES (USA)
1Z9191,8291,OTTERBACHER TRAILERS,,Trailer,UNITED STATES (USA)
1Z9196,10719,"Z Z CHOPS, LLC",,Motorcycle,UNITED STATES (USA)
1Z9198,3973,QWS TRAILER INC,,Trailer,UNITED STATES (USA)
1Z9199,13146,"INNOVATIVE MOVING FLOOR TRAILERS, LTD.",,Trailer,
1Z9200,6490,"2101, LLC DBA INTERCONTINENTAL TRUCK BODY",,Trailer,UNITED STATES (USA)
1Z9201,12489,INTEGRITY TRAILERS,,Trailer,UNITED STATES (USA)
1Z9205,5450,"TMC GROUP, INC",,Trailer,UNITED STATES (USA)
1Z9207,2179,C&S CYCLE & LEATHER INC DBA INDIAN MOTORCYCLE BRIT,,Motorcycle,UNITED STATES (USA)
1Z9208,3914,"QUADRA MFG, INC. DBA QUADRA ENGINEERING",,Trailer,UNITED STATES (USA)
1Z9209,4802,"IRONHORSE TRAILERS, INC.",,Trailer,UNITED STATES (USA)
1Z9211,13215,INDUSTRIAL MANUFACTURING SOLUTIONS INC,,Trailer,UNITED STATES (USA)
1Z9212,1811,ILLINOIS TRAILER SALES,,Trailer,UNITED STATES (USA)
1Z9215,5754,"OUTLANDER TRAILERS, LLC",,Trailer,UNITED STATES (USA)
1Z9216,1045,OPTIMA BUS CORP,,Bus,UNITED STATES (USA)
1Z9217,2546,ZAP!,,Low Speed Vehicle (LSV),UNITED STATES (USA)
1Z9220,4330,INFINITY TRAILER SALES,,Trailer,UNITED STATES (USA)
1Z9222,1397,"INDUSTRIAL TRAILER MANUFACTURING, INC.",,Trailer,UNITED STATES (USA)
1Z9225,10249,INDEPENDENT CYCLE WORKS INC.,,Motorcycle,UNITED STATES (USA)
1Z9230,10685,OUTLAW CUSTOM CHOPPERS,,Motorcycle,UNITED STATES (USA)
1Z9232,8629,OUTLAW CUSTOMS,,Motorcycle,UNITED STATES (USA)
1Z9233,9899,"IRON HORSE BBQ, INCORPORATED",,Trailer,UNITED STATES (USA)
1Z9235,16514,INLAND EMPIRE CHOPPERS,,Motorcycle,UNITED STATES (USA)
1Z9236,8767,"OCEAN CHOPPERS MANUFACTURING, INC.",,Motorcycle,UNITED STATES (USA)
1Z9243,1412,"OUTKAST KUSTOM CYCLES, INC.",,Motorcycle,UNITED STATES (USA)
1Z9246,9709,"INVENTORS CLASSICAL ELECTRIC VEHICLES, LLC",,Low Speed Vehicle (LSV),UNITED STATES (USA)
1Z9247,8892,INDIAN LARRY LEGACY,,Motorcycle,UNITED STATES (USA)
1Z9249,9662,OHIO FLUID PRODUCTS COMPANY,,Trailer,UNITED STATES (USA)
1Z9250,9713,OAKLAND COUNTY CHOPPERS LLC,,Motorcycle,UNITED STATES (USA)
1Z9251,9708,QUEENS MOTOR COMPANY,,Motorcycle,UNITED STATES (USA)
1Z9254,9429,IRON MIKE CYCLES LLC,,Motorcycle,UNITED STATES (USA)
1Z9256,6851,INFAMOUS MOTORCYCLE COMPANY,,Motorcycle,UNITED STATES (USA)
1Z9257,9437,"OPEN ROAD MOTORCYCLES, INC.",,Motorcycle,UNITED STATES (USA)
1Z9258,11283,OVERLAND TANK INC.,,Trailer,UNITED STATES (USA)
1Z9259,10430,"INLAND VENTURE, INC.",,Trailer,UNITED STATES (USA)
1Z9263,9785,ISLAND CHOPPERS,,Motorcycle,UNITED STATES (USA)
1Z9264,10878,INSANE CUSTOM CYCLE,,Motorcycle,UNITED STATES (USA)
1Z9265,9541,"INSANE CYCLE DESIGNS, INC.",,Motorcycle,UNITED STATES (USA)
1Z9266,10257,INDEPENDENT CYCLE EAST,,Motorcycle,UNITED STATES (USA)
1Z9267,10252,"EXTRA LABOR FORCE, INC. DBA ZZ TRAILER, INC.",,Trailer,UNITED STATES (USA)
1Z9269,9984,OLD TOWN CHOPPERS,,Motorcycle,UNITED STATES (USA)
1Z9270,9778,INDUSTRIAL STRUCTURES INC.,,Trailer,UNITED STATES (USA)
1Z9272,9769,ITASCA THUNDER INC.,,Motorcycle,UNITED STATES (USA)
1Z9273,9842,IVERSON MANUFACTURING,,Trailer,UNITED STATES (USA)
1Z9274,12330,"INTREPID CYCLES, INC.",,Motorcycle,UNITED STATES (USA)
1Z9275,10449,INTENSE CREATIONS,,Motorcycle,UNITED STATES (USA)
1Z9276,20975,"102 IRONWORKS, INC.",,Trailer,UNITED STATES (USA)
1Z9278,11358,"IMPERIALITE, INC.",,Trailer,UNITED STATES (USA)
1Z9279,10009,OWENS CARGO INC.,,Trailer,UNITED STATES (USA)
1Z9280,9508,OUTKAST CUSTOM TRAILER,,Trailer,UNITED STATES (USA)
1Z9281,5830,"INTERMOUNTAIN TRUCK REBUILDERS, INC.",,Trailer,UNITED STATES (USA)
1Z9282,11602,"IDEAL TRAILERS, LLP",,Trailer,UNITED STATES (USA)
1Z9283,1175,O3 INDUSTRIES LLC,,Trailer,
1Z9285,11786,OZARK CUSTOM TRAILERS,,Trailer,UNITED STATES (USA)
1Z9288,9512,OLD GLORY TRAILERS,,Trailer,UNITED STATES (USA)
1Z9289,9349,IRVING EQUIPMENT LLC,,Trailer,UNITED STATES (USA)
1Z9292,11388,"OSCHOOL CHOPPERS, LLC",,Motorcycle,UNITED STATES (USA)
1Z9293,12366,STEELFAB  MFG LLC,,Trailer,UNITED STATES (USA)
1Z9295,11386,"INDIANHEAD TRUCK & BODY CO., INC.",,Trailer,UNITED STATES (USA)
1Z9299,4280,A+ NORTH AURORA AUTO BODY & PAINT,,Motorcycle,UNITED STATES (USA)
1Z9303,1179,58TH STREET CUSTOMS,,Motorcycle,UNITED STATES (USA)
1Z9304,9684,OUTLAW INC.,,Motorcycle,UNITED STATES (USA)
1Z9305,10311,OLIVER TRAVEL TRAILERS,,Trailer,UNITED STATES (USA)
1Z9306,10310,"OYLER CUSTOM CYCLES, INC.",,Motorcycle,UNITED STATES (USA)
1Z9307,9936,IDAHO TOTE DOLLY INC.,,Trailer,UNITED STATES (USA)
1Z9308,1176,280 TRAILERS LLC,,Trailer,UNITED STATES (USA)
1Z9311,5844,"QUALITY INDUSTRIAL CONSTRUCTION, LLC",,Trailer,UNITED STATES (USA)
1Z9312,6806,INNOVATIVE STRUCTURE & DESIGN,,Trailer,UNITED STATES (USA)
1Z9319,10778,QUALITY MANUFACTURING CORPORATION,,Trailer,UNITED STATES (USA)
1Z9321,1352,IMPACT HYDRAULIC,,Trailer,UNITED STATES (USA)
1Z9322,1324,QUALITY REBUILT AUTOS & MANUFACTURING LLC,,Trailer,UNITED STATES (USA)
1Z9328,8512,ORLANDO METAL FABRICATION,,Trailer,UNITED STATES (USA)
1Z9331,9123,"O'NEAL TRAILERS, LLC",,Trailer,UNITED STATES (USA)
1Z9332,11877,OSHKOSH SPECIALTY VEHICLES LLC,,Trailer,UNITED STATES (USA)
1Z9334,10001,IBI LLC,,Trailer,UNITED STATES (USA)
1Z9335,9151,"ISLAND TOPSOIL, LLC",,Trailer,UNITED STATES (USA)
1Z9336,10002,Z FABRICATION WILDFIRE PITS AND SMOKERS,,Trailer,UNITED STATES (USA)
1Z9341,8496,OAKLEY WELDCRAFT LLC,,Trailer,UNITED STATES (USA)
1Z9342,9370,O.C.O. PRESSURE CONTROL,,Trailer,UNITED STATES (USA)
1Z9343,9378,"INSTA-GATOR CHOPPERS, LLC",,Motorcycle,UNITED STATES (USA)
1Z9348,8159,PROLINE PRODUCTS LLC,,Trailer,UNITED STATES (USA)
1Z9352,6416,IMAGINATIVE MANUFACTURING INC.,,Low Speed Vehicle (LSV),UNITED STATES (USA)
1Z9353,12065,ORCHARD HILL WELDING LLC,,Trailer,UNITED STATES (USA)
1Z9354,7724,Z ELECTRIC VEHICLE CORPORATION,,Motorcycle,UNITED STATES (USA)
1Z9356,7875,"QUALITY MACHINE COMPANY, INC.",,Trailer,UNITED STATES (USA)
1Z9358,12148,Z3 SUPPLY LLC,,Trailer,UNITED STATES (USA)
1Z9359,12165,"OLYMPUS TECHNOLOGIES, INC.",,Trailer,UNITED STATES (USA)
1Z9361,7233,DISPLAY COMPANY,,Trailer,UNITED STATES (USA)
1Z9362,6844,CUSTOM QUALITY CONCESSION & BBQ TRAILERS INC,,Trailer,UNITED STATES (USA)
1Z9364,6043,"STREET GOLF CARTS, LLC",,Low Speed Vehicle (LSV),UNITED STATES (USA)
1Z9366,1177,"3D CUSTOM ALUMINUM, LLC",,Trailer,UNITED STATES (USA)
1Z9368,11904,OILFIELD REPAIR SPECIALISTS LTD.,,Trailer,UNITED STATES (USA)
1Z9369,13467,"ON-SITE FLEET SERVICES, INC.",,Trailer,UNITED STATES (USA)
1Z9370,1477,IDENTITY MOTORS MANUFACTURING & ASSEMBLY,,Motorcycle,UNITED STATES (USA)
1Z9371,6721,OLD FIELD MOTORCYCLE MFG.,,Motorcycle,UNITED STATES (USA)
1Z9372,7528,INNOVATIVE BIKER INC.,,Motorcycle,UNITED STATES (USA)
1Z9374,1492,INTECH TRAILERS INC.,,Trailer,UNITED STATES (USA)
1Z9377,6383,"IMPRESSIVE MOTORSPORTS, LLC",,Motorcycle,UNITED STATES (USA)
1Z9378,1565,OLSON OWSLEY ENTERPRISES LLC DBA KOKOPELLI TRAILERS,,Trailer,UNITED STATES (USA)
1Z9379,11628,ONKEN'S INC.,,Trailer,UNITED STATES (USA)
1Z9380,7228,"QUANTUM LEAP ENGINEERED PRODUCTS, LLC",,Trailer,UNITED STATES (USA)
1Z9383,7102,IDEAL MANUFACTURING INC.,,Trailer,UNITED STATES (USA)
1Z9384,7230,"ORTEQ ENERGY SERVICES, LLC",,Trailer,UNITED STATES (USA)
1Z9385,7457,"ICE HOUSES, INC. OF HILL CITY",,Trailer,UNITED KINGDOM (UK)
1Z9388,1697,ZIMCO MANUFACTURING,,Trailer,UNITED KINGDOM (UK)
1Z9389,1699,"OHALEE, INC.",,Trailer,UNITED STATES (USA)
1Z9391,7071,IRISH HILL CHOPPERS,,Motorcycle,UNITED STATES (USA)
1Z9397,1711,ORCHARD MACHINERY CORPORATION,,Trailer,UNITED STATES (USA)
1Z9398,1719,"INTEGRITY SALES & SERVICE, INC.",,Trailer,UNITED STATES (USA)
1Z9399,7108,INDUSTRIAL ENGINEERING COMPANY,,Trailer,UNITED STATES (USA)
1Z9404,1650,OREION MOTORS LLC,,Low Speed Vehicle (LSV),UNITED STATES (USA)
1Z9406,7249,INFERN-O-THERM CORP.,,Trailer,UNITED STATES (USA)
1Z9407,7944,"OX INDUSTRIAL, LLC",,Trailer,UNITED STATES (USA)
1Z9408,7940,ITALIAN CHOPPERS LLC,,Motorcycle,UNITED STATES (USA)
1Z9409,7282,QUALITECH FABRICATIONS L.L.C.,,Trailer,UNITED STATES (USA)
1Z9410,7290,ZIMMERMAN TRAILER LLC,,Trailer,UNITED STATES (USA)
1Z9412,11954,"OP TANK TRAILERS, LLC",,Trailer,UNITED STATES (USA)
1Z9413,13475,"QUITMAN TANK SOLUTIONS, LLC",,Trailer,UNITED STATES (USA)
1Z9417,12118,"IOWA TRAILER MFR. CO., LLC DBA ITM",,Trailer,UNITED STATES (USA)
1Z9418,6520,IRON OUTFITTER,,Trailer,UNITED STATES (USA)
1Z9420,20428,INFINITTI TRAILERS,,Trailer,UNITED STATES (USA)
1Z9422,6274,"QUALITY TRAILER MANUFACTURY, INC.",,Trailer,UNITED STATES (USA)
1Z9425,16322,OCTANE TRAILERS LLC,,Trailer,UNITED STATES (USA)
1Z9426,12104,INNOVATIVE PRODUCTS INC.,,Trailer,UNITED STATES (USA)
1Z9427,7183,"INDEPENDENT PROTECTION COMPANY, INC.",,Trailer,UNITED STATES (USA)
1Z9429,12098,INDUSTRIAL MAINTENANCE AND FABRICATING INC.,,Trailer,UNITED STATES (USA)
1Z9430,9885,"IMPERIAL INDUSTRIES, INC.",,Trailer,UNITED STATES (USA)
1Z9432,6352,OAK & IRON CO.,,Trailer,UNITED STATES (USA)
1Z9436,6360,INTEGRITY METAL FAB LLC,,Trailer,UNITED STATES (USA)
1Z9437,14964,"INDUSTRIAL SYSTEMS, INC.",,Trailer,UNITED STATES (USA)
1Z9438,6558,"QUALITY WELDING & FABRICATION, INC.",,Trailer,UNITED STATES (USA)
1Z9446,1517,OREGON TRAILER LLC,,Trailer,UNITED STATES (USA)
1Z9448,1529,"IOWA STEEL FABRICATORS, LLC",,Trailer,UNITED STATES (USA)
1Z9450,6759,"INTUITIVE CONTROL SYSTEMS, LLC",,Trailer,UNITED STATES (USA)
1Z9453,1656,"OLD SCHOOL MOTORCYCLE COMPANY, LLC",,Motorcycle,UNITED STATES (USA)
1Z9454,1660,ZAMR.A.C SYSTEM INC.,,Motorcycle,UNITED STATES (USA)
1Z9458,15063,ISLAND CART RENTALS AND SALES,,Low Speed Vehicle (LSV),UNITED STATES (USA)
1Z9462,1178,3T MFG.,,Trailer,UNITED STATES (USA)
1Z9464,17540,OP4 LLC,,Trailer,UNITED STATES (USA)
1Z9466,6747,"OUTBACK SPECIALTIES, LLC",,Trailer,UNITED STATES (USA)
1Z9467,16427,"ODULAIR, LLC",,Trailer,UNITED STATES (USA)
1Z9469,7788,"OMJC SIGNAL, INC.",,Trailer,UNITED STATES (USA)
1Z9471,6599,ZAKS CUSTOM PITS,,Trailer,UNITED STATES (USA)
1Z9472,6601,"QUALITY PRODUCT SOLUTIONS, LLC",,Trailer,UNITED STATES (USA)
1Z9475,6789,QUALITY TRAILERS INC,,Trailer,UNITED STATES (USA)
1Z9477,6952,QUIXOTE MM LLC,,Trailer,UNITED STATES (USA)
1Z9479,13997,INKA OUTDOOR LLC,,Trailer,UNITED STATES (USA)
1Z9483,11844,ZANETTI TRAILER MANUFACTURING,,Trailer,UNITED STATES (USA)
1Z9485,13401,OUTBREAK CUSTOMZ,,Motorcycle,UNITED STATES (USA)
1Z9486,12021,"INDUSTRIAL MACHINE AND KITTING SVCS, LLC",,Trailer,UNITED STATES (USA)
1Z9487,14854,801 TRAILER MANUFACTURING,,Trailer,UNITED STATES (USA)
1Z9488,13606,OK SCHOONERS LLC,,Trailer,UNITED STATES (USA)
1Z9489,24802,INFINITY MANUFACTURING INC.,,Trailer,UNITED STATES (USA)
1Z9490,12011,"QMC CRANES, LLC",,Trailer,UNITED STATES (USA)
1Z9493,13790,OH DEER AUTO BODY LLC,,Trailer,UNITED STATES (USA)
1Z9495,13724,IRONMAN TRAILER COMPANY,,Trailer,UNITED STATES (USA)
1Z9496,14659,OKIE BUILT TRAILERS LLC,,Trailer,UNITED STATES (USA)
1Z9499,13619,QUICKLOADZ MANUFACTURING,,Trailer,UNITED STATES (USA)
1Z9502,13578,OFF THE HOOK TRAILERS CORP,,Trailer,UNITED STATES (USA)
1Z9503,13861,SUMMIT EXPEDITION TRAILERS LLC,,Trailer,UNITED STATES (USA)
1Z9508,14646,IRON MEN INDUSTRIES INC,,Trailer,UNITED STATES (USA)
1Z9510,14679,"ZERO4OUTDOORS, LLC",,Trailer,UNITED STATES (USA)
1Z9512,14825,INDIGAN,,Motorcycle,UNITED STATES (USA)
1Z9513,4948,"IDEAL INDUSTRIES, INC.",,Trailer,UNITED STATES (USA)
1Z9514,14919,"OUTER BANKS BEACH BUGGIES, LLC",,Low Speed Vehicle (LSV),UNITED STATES (USA)
1Z9515,14952,OUTLAW FAB & CONSULTING LLC,,Trailer,UNITED STATES (USA)
1Z9516,15724,R.C.M. MOTORCYCLE USA INC.,,Motorcycle,UNITED STATES (USA)
1Z9520,15634,INTELLI-CORE LLC,,Trailer,UNITED STATES (USA)
1Z9521,15126,"1/OFF KUSTOMS, LLC",,Motorcycle,UNITED STATES (USA)
1Z9523,15711,55 GRILLS INC,,Trailer,UNITED STATES (USA)
1Z9524,15877,"IRON DOG, INC.",,Trailer,UNITED STATES (USA)
1Z9525,16499,"IN2GO INDUSTRIES, LLC",,Motorcycle,UNITED STATES (USA)
1Z9526,15732,INLAND EMPIRE TRAILERS,,Trailer,UNITED STATES (USA)
1Z9527,15885,ZARK IRON WORKS LLC,,Trailer,UNITED STATES (USA)
1Z9530,16233,ORANGE EV LLC,,Truck,UNITED STATES (USA)
1Z9531,15997,O.Z.Z.CHOPPERS,,Motorcycle,UNITED STATES (USA)
1Z9534,17648,"INDUSTRIAL VIDEO & CONTROL CO, LLC",,Trailer,UNITED STATES (USA)
1Z9535,21432,ON THE WATER INNOVATIONS LLC,,Trailer,
1Z9536,16314,"OW EXCEL OILFIELD EQUIPMENTS, INC.",,Trailer,UNITED STATES (USA)
1Z9537,13782,"J.A.R. CAPITAL GROUP, INC.",,Trailer,UNITED STATES (USA)
1Z9538,16345,"ADVENTURE RENTALS, LLC",,Trailer,UNITED STATES (USA)
1Z9540,16511,IDEAL WELDING,,Trailer,UNITED STATES (USA)
1Z9543,16501,INVEROM CORP,,Low Speed Vehicle (LSV),UNITED STATES (USA)
1Z9544,16599,ON-SITE SERVICES MID MICHIGAN,,Trailer,UNITED STATES (USA)
1Z9545,16655,OCS MARINE INC,,Trailer,UNITED STATES (USA)
1Z9548,17134,OREGON FOOD TRUCKS LLC,,Trailer,UNITED STATES (USA)
1Z9550,16924,"4M FARM & TRAILER SALES, LLC",,Trailer,UNITED STATES (USA)
1Z9551,17011,ICON EV LLC,,Low Speed Vehicle (LSV),UNITED STATES (USA)
1Z9552,17212,"BOREAS CAMPERS, INC",,Trailer,UNITED STATES (USA)
1Z9553,17386,5R RANCH TRAILERS,,Trailer,UNITED STATES (USA)
1Z9554,17432,"IRON BORN MANUFACTURING, INC",,Trailer,UNITED STATES (USA)
1Z9560,18840,"INTERNATIONAL AUTOMATED SYSTEMS, INC",,Trailer,UNITED STATES (USA)
1Z9562,18244,ZION'S TINY HOMES LLC,,Trailer,UNITED STATES (USA)
1Z9564,20133,INDIGO GALVANIZED TRAILERS,,Trailer,UNITED STATES (USA)
1Z9565,18426,INDIGO RIVER TINY HOMES LLC,,Trailer,UNITED STATES (USA)
1Z9566,18524,INTERMOUNTAIN DRILLING SUPPLY,,Trailer,UNITED STATES (USA)
1Z9569,18605,INFINITY TRAILERS OF FLORIDA LLC,,Trailer,UNITED STATES (USA)
1Z9570,18702,INGLEWOOD CUSTOM AND SERVICE CENTER LLC,,Trailer,UNITED STATES (USA)
1Z9571,18660,OREGON CORRECTIONS ENTERPRISES,,Trailer,UNITED STATES (USA)
1Z9574,18788,3C CATTLE FEEDERS INC.,,Trailer,UNITED STATES (USA)
1Z9577,18790,MOUNTAIN TRADES LLC,,Trailer,UNITED STATES (USA)
1Z9581,19117,ZIGGY LSV INC. (FORMERLY ZIGGY INC.),,Low Speed Vehicle (LSV),UNITED STATES (USA)
1Z9584,19352,3 CUSTOM SOLUTIONS (DBA) 3CS RANCH LLC,,Trailer,UNITED STATES (USA)
1Z9585,19051,QUE'N STEW'N & BREW'N INC.,,Trailer,UNITED STATES (USA)
1Z9586,19125,357 GOLF CARTS,,Low Speed Vehicle (LSV),UNITED STATES (USA)
1Z9589,19310,5JS WELDING,,Trailer,UNITED STATES (USA)
1Z9591,19322,SOLARA EV LLC,,Low Speed Vehicle (LSV),UNITED STATES (USA)
1Z9593,1529,"IOWA STEEL FABRICATORS, LLC",,Trailer,UNITED STATES (USA)
1Z9596,20038,OVERKILL CAMPERS LLC,,Trailer,UNITED STATES (USA)
1Z9597,19535,ON1DESIGN LLC,,Trailer,UNITED STATES (USA)
1Z9598,21893,"OPTIMUS INDUSTRIES, LLC",,Trailer,
1Z9599,12011,"QMC CRANES, LLC",,Trailer,UNITED STATES (USA)
1Z9600,19552,OVO,,Motorcycle,UNITED STATES (USA)
1Z9601,19584,ZTECH INDUSTRIES,,Trailer,UNITED STATES (USA)
1Z9604,19602,OUTBOUND TRAILER LLC,,Trailer,UNITED STATES (USA)
1Z9605,19657,5M TRAILERS,,Trailer,UNITED STATES (USA)
1Z9606,19813,OSCO PRODUCTS LLC,,Trailer,UNITED STATES (USA)
1Z9607,19753,"ICE MANUFACTURING, INC.",,Trailer,UNITED STATES (USA)
1Z9608,19736,"INTERNATIONAL HOUSING CONCEPTS, INC.",,Trailer,UNITED STATES (USA)
1Z9611,19969,OVERSTREET'S WELDING AND FABRICATION,,Trailer,UNITED STATES (USA)
1Z9612,19875,"70 EAST CUSTOM CARTS, LLC",,Low Speed Vehicle (LSV),UNITED STATES (USA)
1Z9613,19881,OPEN ROAD OUTFITTERS INC.,,Trailer,UNITED STATES (USA)
1Z9615,19953,QC CART CRAFT LLC,,Low Speed Vehicle (LSV),UNITED STATES (USA)
1Z9616,19895,QUALITY TELECOM CONSULTANTS INC.,,Trailer,UNITED STATES (USA)
1Z9617,19955,OWNBILLBOARDS,,Trailer,UNITED STATES (USA)
1Z9618,19954,INDEPENDENT MOTORCYCLES LLC,,Motorcycle,UNITED STATES (USA)
1Z9620,19997,"INDESTRUCTIBLE DESIGN, INC",,Motorcycle,UNITED STATES (USA)
1Z9622,18905,TINY BOX PRODUCTIONS LLC,,Trailer,UNITED STATES (USA)
1Z9623,20114,7 SONS MANUFACTURING INC.,,Trailer,UNITED STATES (USA)
1Z9624,20149,"IRONSTRONG METAL FABRICATION, INC.",,Trailer,UNITED STATES (USA)
1Z9626,20245,ONE WAY AUTO,,Trailer,UNITED STATES (USA)
1Z9629,20176,"1200 FEET LIMITED, DBA KRIN USA",,Trailer,UNITED STATES (USA)
1Z9631,20222,Z POWERBOATS LLC,,Trailer,UNITED STATES (USA)
1Z9632,20390,OZICONCEPT USA CORP.,,Trailer,UNITED STATES (USA)
1Z9634,20437,ZION OFF-ROAD LLC,,Trailer,UNITED STATES (USA)
1Z9636,20521,QUANTUM XCEL EMOTORS LLC,,Motorcycle,UNITED STATES (USA)
1Z9637,20353,"I-35 TRAILERS, LLC",,Trailer,UNITED STATES (USA)
1Z9638,20559,"7 X TORC, LLC DBA 7 X OFF ROAD",,Trailer,UNITED STATES (USA)
1Z9639,20573,IRON WAGON LLC,,Trailer,UNITED STATES (USA)
1Z9640,20723,IPC INDUSTRIES,,Low Speed Vehicle (LSV),UNITED STATES (USA)
1Z9641,20683,ZERIMAR TRAILERS,,Trailer,UNITED STATES (USA)
1Z9642,20776,ZIMAR-T,,Trailer,UNITED STATES (USA)
1Z9643,20902,IN PLACE TECHNOLOGY INC.,,Trailer,UNITED STATES (USA)
1Z9644,20705,ZEUS TRAILERS AND MORE,,Trailer,UNITED STATES (USA)
1Z9646,20815,OPERATION TINY HOME,,Trailer,UNITED STATES (USA)
1Z9649,20734,INTERNATIONAL RV MANUFACTURING LLC,,Trailer,
1Z9650,20918,"IES, LLC",,Trailer,UNITED STATES (USA)
1Z9651,21004,702 TRAILER'S & WELDING LLC,,Trailer,
1Z9652,20819,OREGON TRUSS,,Trailer,UNITED STATES (USA)
1Z9653,21488,FOUR DEGREE TRAILER COMPANY,,Trailer,UNITED STATES (USA)
1Z9654,20886,OBIE TRAILERS LLC,,Trailer,UNITED STATES (USA)
1Z9656,20943,INFINITY TRAILERS LLC,,Trailer,UNITED STATES (USA)
1Z9657,20951,"IMPERIAL DESIGNS, LLC",,Trailer,UNITED STATES (USA)
1Z9660,22537,OLYMPUS TECHNOLOGIES INC.,,Trailer,UNITED STATES (USA)
1Z9661,21094,"24/7 ONSITE CAMERAS, INC.",,Trailer,
1Z9664,21177,OBX CUSTOMS LLC,,Low Speed Vehicle (LSV),UNITED STATES (USA)
1Z9665,21245,6B LLC,,Trailer,
1Z9666,21294,36 FEET LLC,,Trailer,UNITED STATES (USA)
1Z9667,21345,INDIANKENTUCK LUMBER CO.,,Trailer,
1Z9668,21348,ITZ NC INC.,,Trailer,
1Z9669,21241,IKONIQ,,Trailer,
1Z9670,21248,"IEV FACTORY, INC.",,Truck,UNITED STATES (USA)
1Z9672,21318,2585 ORO DAM LLC DBA BUTTE METAL FABRICATION AND DESIGN,,Trailer,
1Z9673,21324,ZERBE MANUFACTURING,,Trailer,
1Z9675,21417,QUARTERWIN FARMS LLC,,Trailer,UNITED STATES (USA)
1Z9676,21490,OUT OF BOUNDS TRAILERS,,Trailer,
1Z9677,21590,ZEUS ELECTRIC CHASSIS INC.,,Incomplete Vehicle,UNITED STATES (USA)
1Z9678,21561,CENTURY DELIVERIES,,Trailer,
1Z9679,21572,4 BOSS TRAILER MANUFACTURING,,Trailer,
1Z9680,21608,"IROK TRAILERS, INC.",,Trailer,
1Z9681,21988,818 CHOPPERS,,Trailer,UNITED STATES (USA)
1Z9682,21988,818 CHOPPERS,,Motorcycle,UNITED STATES (USA)
1Z9683,21673,"ZG TRAILERS, LLC",,Trailer,UNITED STATES (USA)
1Z9684,21704,O & R WELDING SA,,Trailer,
1Z9688,23146,"ODYSSEY DESIGN AND MANUFACTURING, INC.",,Trailer,
1Z9689,21681,1488 TRAILERS,,Trailer,
1Z9691,21837,ODYSSEY TRAILERS LLC,,Trailer,
1Z9692,5951,OCHOCO MANUFACTURING CORP.,,Trailer,
1Z9694,21846,IRONCLAD FABRICATION LLC,,Trailer,
1Z9695,22993,ZYBERGRAPH,,Trailer,
1Z9696,21978,"I-LOAD, LLC",,Trailer,
1Z9697,22381,IBARRA'S FOOD TRUCK BUILDERS LLC,,Trailer,
1Z9698,22118,ILITE,,Truck,UNITED STATES (USA)
1Z9699,22263,INSPIRE RVS LLC,,Trailer,
1Z9701,22216,"413 CABINS, LLC",,Trailer,
1Z9702,24108,TRICARGO LLC,,Trailer,UNITED STATES (USA)
1Z9704,22429,GULF COAST TRAILERS,,Trailer,
1Z9706,22307,OUTLAW TRAILERS LLC,,Trailer,UNITED STATES (USA)
1Z9707,22448,IRONSIDE FABRICATORS LLC,,Trailer,UNITED STATES (USA)
1Z9709,22373,ODYSSEY TEARDROPS LLC,,Trailer,UNITED STATES (USA)
1Z9714,22084,ICONIC AUTOMOTIVE BRANDS LLC,,Multipurpose Passenger Vehicle (MPV),UNITED STATES (USA)
1Z9715,23301,"OFFSITEK, LLC",,Trailer,UNITED STATES (USA)
1Z9716,22378,643 ENTERPRISE,,Trailer,
1Z9717,22502,I4 E-CARTS LLC,,Low Speed Vehicle (LSV),
1Z9720,22635,INSIGHT PRODUCTS,,Trailer,
1Z9725,22820,"INDUSTRIAL TOOLZ, INC.",,Trailer,
1Z9726,22688,OFF ROAD CAPABLE TRAILERS LLC,,Trailer,
1Z9728,22749,360 CUSTOM TRAILER & SOLUTIONS LLC,,Trailer,
1Z9730,23002,IRON HORSE CUSTOMS LLC,,Motorcycle,
1Z9731,20902,IN PLACE TECHNOLOGY INC.,,Low Speed Vehicle (LSV),UNITED STATES (USA)
1Z9732,23036,"ON-SITE INDUSTRIAL PRODUCTS, LLC",,Trailer,UNITED STATES (USA)
1Z9734,23437,137 INDUSTRIES INC.,,Trailer,
1Z9735,23180,"#1 ALPINE CUSTOMS, LLC",,Trailer,UNITED STATES (USA)
1Z9737,18795,ONBOARD DYNAMICS LLC,,Trailer,UNITED STATES (USA)
1Z9738,23212,INDY STEEL TRAILERS LLC,,Trailer,
1Z9739,23254,"3W MANUFACTURING, LLC",,Trailer,
1Z9740,23270,IRON STITCH WELDING & FABRICATION,,Trailer,UNITED STATES (USA)
1Z9741,23281,7 ENERGY LLC,,Trailer,
1Z9743,23310,ONSITE COMPANIES,,Trailer,UNITED STATES (USA)
1Z9744,13619,QUICKLOADZ MANUFACTURING,,Truck,UNITED STATES (USA)
1Z9745,23340,ZEBRA E-CARTS CORP,,Low Speed Vehicle (LSV),
1Z9746,23351,IDEAL WELDING SOLUTIONS,,Trailer,UNITED STATES (USA)
1Z9747,23356,Z TRAILERS LLC,,Trailer,UNITED STATES (USA)
1Z9748,23387,2 GOLDEN EAGLES,,Trailer,UNITED STATES (USA)
1Z9750,21608,"IROK TRAILERS, INC.",,Trailer,
1Z9751,23403,IRON BLACKBIRD CYCLES,,Motorcycle,UNITED STATES (USA)
1Z9757,23651,OVERLAND VEHICLE SYSTEMS LLC,,Trailer,UNITED STATES (USA)
1Z9758,23715,5G MODULAR MT LLC,,Trailer,UNITED STATES (USA)
1Z9759,13619,QUICKLOADZ MANUFACTURING,,Incomplete Vehicle,UNITED STATES (USA)
1Z9761,23874,INTEGRITY SERVICE PROVIDERS,,Trailer,UNITED STATES (USA)
1Z9762,23925,"OVERLAND SERVICES, LLC",,Trailer,
1Z9763,23983,OCEAN BREEZE TRAILERS INC,,Trailer,
1Z9765,23999,62 DEGREE NORTH CUSTOMS,,Trailer,UNITED STATES (USA)
1Z9768,23774,O'GUINN ATR TRAILERS,,Trailer,UNITED STATES (USA)
1Z9770,24030,ZION HORSE LLC,,Trailer,UNITED STATES (USA)
1Z9775,24375,Z-MODULAR LLC,,Trailer,
1Z9776,24573,O.G. LIVING LLC,,Trailer,
1Z9777,24401,321TRAILERS LLC,,Trailer,UNITED STATES (USA)
1Z9778,24328,STREVELER FAB AND MACHINE,,Trailer,UNITED STATES (USA)
1Z9780,24578,IRONMANN INDUSTRIES,,Trailer,
1Z9782,24801,OLD SCHOOL YAMAHA TRAILERS,,Trailer,
1Z9783,24992,ZEUS FORCE LLC,,Trailer,
1Z9784,24750,ONYX MOTORS INC,,Motorcycle,UNITED STATES (USA)
1Z9787,25351,IZZY METAL CORP,,Trailer,
1Z9788,25549,OKOBEE OUTDOORS LLC,,Trailer,
1Z9790,25355,OCONTO MACHINE LLC,,Trailer,
1Z9794,25802,ISLAND RIDES EV LLC,,Low Speed Vehicle (LSV),
1Z9795,25904,IRON PEAK CAMPERS,,Trailer,UNITED STATES (USA)
1Z9MS1,3741,QUALITY MODULAR STRUCTURE,,Trailer,UNITED STATES (USA)
1ZE,17411,"EZ LOADER ADJUSTABLE BOAT TRAILERS, INC.","STARCRAFT, EZL MODEL, ALUMINUM MODEL, SPECIALTY MODELS (EZL), SMOKERCRAFT, OEM, CUSTOM WELDED FRAME, RAM OEM TRAILER, EZ LOADER WIDTH SERIES",Trailer,UNITED STATES (USA)
1ZF,16169,INTERNATIONAL TRAILER CORPORATION,INTERNATIONAL TRAILER,Trailer,UNITED STATES (USA)
1ZG,15463,DAMERON MANUFACTURING CORPORATION,DAMERON,Trailer,UNITED STATES (USA)
1ZJ,9373,"WATER-LAND MANUFACTURING & SUPPLY, LLC",CONTINENTAL TRAILERS,Trailer,UNITED STATES (USA)
1ZL,15222,"LHT INDUSTRIES, INC",LHT INDUSTRIES,Trailer,UNITED STATES (USA)
1ZV,978,"AUTO ALLIANCE INTERNATIONAL, USA",FORD,Passenger Car,UNITED STATES (USA)
1ZW,978,"AUTO ALLIANCE INTERNATIONAL, USA",MERCURY,Passenger Car,UNITED STATES (USA)
20D,18919,"HISUN MOTORS CORP.,USA","HISUN MOTORS CORP.,USA",Off-Road Vehicle,
20E,22638,TUT CORPORATION,TUT,Off-Road Vehicle,
2A2,995,FCA CANADA INC.,CHRYSLER,Incomplete Vehicle,CANADA
2A3,995,FCA CANADA INC.,CHRYSLER,Passenger Car,CANADA
2A4,995,FCA CANADA INC.,CHRYSLER,Multipurpose Passenger Vehicle (MPV),UNITED STATES (USA)
2A6,995,FCA CANADA INC.,CHRYSLER,Incomplete Vehicle,CANADA
2A7,995,FCA CANADA INC.,CHRYSLER,Truck,CANADA
2A8,995,FCA CANADA INC.,CHRYSLER,Multipurpose Passenger Vehicle (MPV),CANADA
2A9023,10911,WALTRON TRAILERS INC.,,Trailer,CANADA
2A9037,18283,ASPEN TRAILER COMPANY LTD.,,Trailer,CANADA
2A9053,16109,KALYN SIEBERT INC,,Trailer,CANADA
2A9114,20836,ABS REMORQUES INC.,,Trailer,
2A9125,15757,ASPEN CUSTOM TRAILERS,,Trailer,CANADA
2A9138,15890,RAJA TRAILER & EQUIPMENT SALES LTD.,,Trailer,CANADA
2A9165,18965,ALBERTA FLARES ENERGY SERVICES LTD.,,Trailer,CANADA
2A9167,10553,ADMIRAL DRIVE SYSTEMS INC.,,Trailer,UNITED STATES (USA)
2A9177,6190,AGB (ATELIER GERARD BEAULIEU INC.),,Trailer,CANADA
2A9191,21898,ALLARD MOTOR WORKS INC.,,Passenger Car,
2A9198,6071,THE LION ELECTRIC COMPANY,,Bus,CANADA
2A9209,22784,ALL-EQUIP REPAIR & SERVICE LTD.,,Trailer,
2A9214,19092,A&A STEEL ENTERPRISES LTD.,,Trailer,CANADA
2A9217,6071,THE LION ELECTRIC COMPANY,,Incomplete Vehicle,CANADA
2A9218,20871,ARMADILLO TRAILER MFG. LTD.,,Trailer,CANADA
2A9219,20934,ARKTO CAMPERS LTD.,,Trailer,CANADA
2AE,5072,ADVANCE TANK PRODUCTION,ADVANCE,Trailer,CANADA
2AP,5072,ADVANCE TANK PRODUCTION,ADVANCE,Trailer,CANADA
2AY,13331,"HINO MOTORS CANADA, LTD",HINO,Incomplete Vehicle,CANADA
2AZ,13331,"HINO MOTORS CANADA, LTD",HINO,Truck,CANADA
2B1,11634,DAIMLERCHRYSLER COMMERCIAL BUSES NORTH AMERICA (CANADA),ORION BUS,Bus,CANADA
2B2,995,FCA CANADA INC.,DODGE,Incomplete Vehicle,CANADA
2B3,995,FCA CANADA INC.,DODGE,Passenger Car,CANADA
2B4,995,FCA CANADA INC.,DODGE,Multipurpose Passenger Vehicle (MPV),CANADA
2B5,995,FCA CANADA INC.,"DODGE, CHRYSLER",Bus,CANADA
2B6,995,FCA CANADA INC.,DODGE,Incomplete Vehicle,CANADA
2B7,995,FCA CANADA INC.,DODGE,Truck,CANADA
2B8,995,FCA CANADA INC.,DODGE,Multipurpose Passenger Vehicle (MPV),CANADA
2B9001,16509,B.W.S. MANUFACTURING LTD.,,Trailer,CANADA
2B9006,6351,BIGFOOT INDUSTRIES (2010) INC.,,Trailer,UNITED STATES (USA)
2B9007,2009,BEDARD TANKERS INC,,Trailer,UNITED STATES (USA)
2B9028,15282,"ONTARIO BUS INDUSTRIES, INC",,Trailer,CANADA
2B9062,17259,BICKNELL RACING PRODUCTS,,Trailer,CANADA
2B9064,12656,BERKELMANS WELDING AND MFG INC,,Trailer,CANADA
2B9092,12282,BALLARD POWER SYSTEMS INC,,Bus,UNITED STATES (USA)
2B9096,4593,BK DEVELOPMENT LTD,,Trailer,CANADA
2B9110,1920,BLACK LIGHTNING ALUMINUM TRAILERS LTD,,Trailer,CANADA
2B9124,1134,BOMBARDIER RECREATIONAL PRODUCTS INC,,Trailer,CANADA
2B9283,19003,9299-5000 QUÉBEC INC.,,Trailer,CANADA
2B9301,23439,"BLACK HORSE FORESTRY TRAILERS, INC.",,Trailer,CANADA
2B9305,24978,BEACHMAN MOTOR COMPANY LTD.,,Motorcycle,
2B9306,25516,2519580 ONTARIO LIMITED,,Trailer,CANADA
2B9640,10415,BUILT RIGHT UTILITY BODIES LTD.,,Trailer,CANADA
2BA,11634,DAIMLERCHRYSLER COMMERCIAL BUSES NORTH AMERICA (CANADA),ORION BUS,Multipurpose Passenger Vehicle (MPV),CANADA
2BC,4479,AMERICAN MOTORS CORP.,JEEP,Multipurpose Passenger Vehicle (MPV),UNITED STATES (USA)
2BD,16196,AMERICAN MOTOR OF CANADA,JEEP,Incomplete Vehicle,CANADA
2BV,1134,BOMBARDIER RECREATIONAL PRODUCTS INC,CAN-AM,Motorcycle,
2BW,1134,BOMBARDIER RECREATIONAL PRODUCTS INC,CAN-AM,Off-Road Vehicle,
2BX,1134,BOMBARDIER RECREATIONAL PRODUCTS INC,"CAN-AM, SPYDER",Motorcycle,CANADA
2BY,12627,BRANDT INDUSTRIES CANADA LTD.,BRANDT,Trailer,CANADA
2BZ,1134,BOMBARDIER RECREATIONAL PRODUCTS INC,CAN-AM,Trailer,CANADA
2C0,13535,CAMI AUTOMOTIVE INC,GMC,Truck,CANADA
2C1,984,GENERAL MOTORS LLC,"CHEVROLET, GEO",Passenger Car,UNITED STATES (USA)
2C2,984,GENERAL MOTORS LLC,PONTIAC,Passenger Car,UNITED STATES (USA)
2C3,995,FCA CANADA INC.,"DODGE, CHRYSLER, FIAT, LANCIA",Passenger Car,CANADA
2C4,995,FCA CANADA INC.,"DODGE, CHRYSLER, VOLKSWAGEN, JEEP, FIAT, RAM, LANCIA",Multipurpose Passenger Vehicle (MPV),CANADA
2C6,995,FCA CANADA INC.,"DODGE, CHRYSLER, VOLKSWAGEN, JEEP, FIAT, RAM, LANCIA",Truck,CANADA
2C7,995,FCA CANADA INC.,"DODGE, CHRYSLER, VOLKSWAGEN, JEEP, FIAT, RAM, LANCIA, PONTIAC",Incomplete Vehicle,CANADA
2C8,995,FCA CANADA INC.,CHRYSLER,Multipurpose Passenger Vehicle (MPV),CANADA
2C9005,10775,"CUSCO FABRICATORS, INC. AKA WASTEQUIP CUSCO INC.",,Trailer,CANADA
2C9057,17640,LES SOUDURES CHAGNON LTEE,,Trailer,CANADA
2C9075,12994,COMPTANK CORPORATION,,Trailer,CANADA
2C9081,5682,CUSTOM BUILT AG. INDUSTRIES LTD.,,Trailer,CANADA
2C9086,12845,CANCADE COMPANY LIMITED,,Trailer,UNITED STATES (USA)
2C9145,14151,CAMPAGNA CANADA INC.,,Motorcycle,CANADA
2C9151,2810,NORMAND CO. LTD,,Trailer,CANADA
2C9155,2213,CHAMELEON TRANSPORTATION SYSTEMS IN,,Trailer,CANADA
2C9161,12669,COURTNEY BERG INDUSTRIES LTD,,Trailer,CANADA
2C9169,17434,CARE INDUSTRIES LTD.,,Trailer,CANADA
2C9173,5267,CROWN ENERGY TECHNOLOGIES INC,,Trailer,CANADA
2C9178,1407,CONVEY-ALL INDUSTRIES INC.,,Trailer,CANADA
2C9183,12176,5274398 MANITOBA LTD,,Trailer,
2C9184,17434,CARE INDUSTRIES LTD.,,Truck,CANADA
2C9197,7858,CANADIAN ELECTRIC VEHICLES LTD.,,Low Speed Vehicle (LSV),CANADA
2C9201,14151,CAMPAGNA CANADA INC.,,Motorcycle,CANADA
2C9207,14844,"CAM-CONCEPT, INC.",,Trailer,CANADA
2C9212,7784,ICON MANUFACTURING,,Trailer,CANADA
2C9218,19097,CORAL OILFIELD SERVICES INC.,,Trailer,CANADA
2C9318,21626,CANADIAN LOAD DIVIDER DOLLIES INC.,,Trailer,
2C9331,22355,12832429 CANADA INC.,,Trailer,
2C9333,23811,15203341 CANADA INC,,Trailer,
2C9342,24951,CONQUEST EQUIPMENT INC,,Trailer,CANADA
2CA,995,FCA CANADA INC.,CHRYSLER,Multipurpose Passenger Vehicle (MPV),CANADA
2CC,13535,CAMI AUTOMOTIVE INC,"CHEVROLET, AMERICAN MOTORS",Multipurpose Passenger Vehicle (MPV),CANADA
2CG,984,GENERAL MOTORS LLC,PONTIAC,Multipurpose Passenger Vehicle (MPV),UNITED STATES (USA)
2CK,984,GENERAL MOTORS LLC,"GMC, PONTIAC, GEO",Multipurpose Passenger Vehicle (MPV),UNITED STATES (USA)
2CM,19169,AMERICAN MOTORS (CANADA) INC,AMERICAN MOTORS,Passenger Car,CANADA
2CN,984,GENERAL MOTORS LLC,"CHEVROLET, GEO",Multipurpose Passenger Vehicle (MPV),UNITED STATES (USA)
2CP,10561,CANADA TRAILERS MANUFACTURING LIMITED,CANADA TRAILERS MANUFACTURING,Trailer,CANADA
2CT,984,GENERAL MOTORS LLC,GMC,Multipurpose Passenger Vehicle (MPV),UNITED STATES (USA)
2CU,3234,"TRAILTECH, A DIVISION OF CUSTOM BUILT AG. INDUSTRIES LTD.",TRAILTECH TRAILERS,Trailer,CANADA
2D2,995,FCA CANADA INC.,DODGE,Incomplete Vehicle,CANADA
2D3,995,FCA CANADA INC.,DODGE,Truck,CANADA
2D4,995,FCA CANADA INC.,DODGE,Multipurpose Passenger Vehicle (MPV),CANADA
2D5,995,FCA CANADA INC.,DODGE,Bus,CANADA
2D6,995,FCA CANADA INC.,DODGE,Incomplete Vehicle,CANADA
2D7,995,FCA CANADA INC.,DODGE,Truck,CANADA
2D8,995,FCA CANADA INC.,DODGE,Multipurpose Passenger Vehicle (MPV),CANADA
2D9004,21113,DELOUPE INC,,Trailer,CANADA
2D9007,1572,DURABODY INDUSTRIES LIMITED,,Trailer,CANADA
2D9053,1797,DEX UNLIMITED INC,,Trailer,CANADA
2D9071,17618,DGC TRAILER MANUFACTURING,,Trailer,CANADA
2D9088,13321,DOUBLE S ENTERPRISES,,Trailer,CANADA
2D9100,5237,DRYAIR 2000 INC,,Trailer,CANADA
2D9121,23588,DOYLE MANUFACTURING,,Trailer,CANADA
2D9128,19286,DROPLET DESIGN LTD.,,Trailer,CANADA
2D9132,24864,IZA DESIGN AND MFG,,Trailer,
2DA,5553,DOUBLE A TRAILER & CONTRACTING INC,DOUBLE A TRAILERS,Trailer,CANADA
2DD,21814,IDEAL CARGO INC,IDEAL CARGO INC.,Trailer,CANADA
2DE,16743,DOEPKER INDUSTRIES LTD.,"SCONA, DOEPKER INDUSTRIES",Trailer,CANADA
2DG,21812,ARMORTECK INC.,ARMORTECK,Trailer,
2DM,11199,DI-MOND TRAILERS INC.,"DI-MOND TRAILERS, INC.",Trailer,CANADA
2DN,10459,DYNASTY ELECTRIC CAR CORPORATION,DYNASTY ELECTRIC CAR,Low Speed Vehicle (LSV),CANADA
2DR,5237,DRYAIR 2000 INC,DRYAIR 2000 INC.,Trailer,CANADA
2E3,995,FCA CANADA INC.,EAGLE,Passenger Car,CANADA
2E4,995,FCA CANADA INC.,LANCIA,Multipurpose Passenger Vehicle (MPV),
2E9050,17496,EXPRESS CUSTOM MFG. INC.,,Trailer,CANADA
2E9068,15617,ESCAPE TRAILER INDUSTRIES LTD.,,Trailer,CANADA
2E9080,16852,ELECTRA MECCANICA VEHICLES CORPORATION,,Motorcycle,CANADA
2E9083,25807,EASY KLEEN PRESSURE SYSTEMS LTD.,,Trailer,CANADA
2E9088,17496,EXPRESS CUSTOM MFG. INC.,,Trailer,
2E9090,24901,EXPRESS CUSTOM MANUFACTURING (2024) LTD.,,Trailer,
2E9092,24022,EXCEL TENT TRAILERS LTD.,,Trailer,
2EA,12936,"FLEETWOOD ENTERPRISES, INC.",FLEETWOOD ENTERPRISES (TERRY),Trailer,CANADA
2EC,12936,"FLEETWOOD ENTERPRISES, INC.",FLEETWOOD ENTERPRISES (PROWLER),Trailer,CANADA
2ED,12936,"FLEETWOOD ENTERPRISES, INC.",FLEETWOOD ENTERPRISES (WILDNERNESS),Trailer,CANADA
2EE,12936,"FLEETWOOD ENTERPRISES, INC.",FLEETWOOD ENTERPRISES (AVION),Trailer,CANADA
2EF,12936,"FLEETWOOD ENTERPRISES, INC.",FLEETWOOD ENTERPRISES (MALLARD),Trailer,CANADA
2EG,12936,"FLEETWOOD ENTERPRISES, INC.",FLEETWOOD ENTERPRISES (SAVANNA),Trailer,CANADA
2EH,12936,"FLEETWOOD ENTERPRISES, INC.",FLEETWOOD ENTERPRISES (PARK MODELS),Trailer,CANADA
2EJ,12936,"FLEETWOOD ENTERPRISES, INC.",FLEETWOOD ENTERPRISES (CARIBOU),Trailer,CANADA
2EK,12936,"FLEETWOOD ENTERPRISES, INC.",FLEETWOOD ENTERPRISES (ELKHORN),Trailer,CANADA
2EL,12936,"FLEETWOOD ENTERPRISES, INC.","FLEETWOOD ENTERPRISES, INC. (ANGLER)",Trailer,CANADA
2EM,12936,"FLEETWOOD ENTERPRISES, INC.","FLEETWOOD ENTERPRISES, INC. (WESTPORT)",Trailer,CANADA
2EP,22988,ELJO INDUSTRIES INC.,ELJO INDUSTRIES INC.,Trailer,
2EV,1180,9013-7233 QUEBEC INC.,TREKKER,Trailer,
2EW,15834,"ERWIN HYMER GROUP NORTH AMERICA, INC","HYMER, ERIBA",Trailer,UNITED STATES (USA)
2EZ,16852,ELECTRA MECCANICA VEHICLES CORPORATION,ELECTRA MECCANICA VEHICLES CORP.,Motorcycle,CANADA
2F9045,3766,REMORQUES JMS INC.,,Trailer,CANADA
2F9055,5361,FIBRO CONCEPT INC,,Trailer,CANADA
2F9068,12441,G.R.P FIBERGLASS LIMITED,,Trailer,UNITED STATES (USA)
2F9073,9631,FIFTIES TRAILERS INC.,,Trailer,CANADA
2F9100,17811,FUSION PRODUCTION SYSTEMS INC.,,Trailer,CANADA
2F9103,19267,FLEX REEL TRAILERS INC,,Trailer,CANADA
2FA,977,"FORD MOTOR COMPANY OF CANADA, LTD.",FORD,Passenger Car,CANADA
2FB,977,"FORD MOTOR COMPANY OF CANADA, LTD.",FORD,Bus,UNITED STATES (USA)
2FC,977,"FORD MOTOR COMPANY OF CANADA, LTD.",FORD,Incomplete Vehicle,CANADA
2FD,977,"FORD MOTOR COMPANY OF CANADA, LTD.",FORD,Incomplete Vehicle,CANADA
2FG,4867,FABRI-REMORQUE INC,FABRI-REMORQUE INC.,Trailer,CANADA
2FH,7560,ZENN MOTOR COMPANY LIMITED,ZENN,Low Speed Vehicle (LSV),CANADA
2FM,977,"FORD MOTOR COMPANY OF CANADA, LTD.",FORD,Multipurpose Passenger Vehicle (MPV),CANADA
2FT,977,"FORD MOTOR COMPANY OF CANADA, LTD.",FORD,Truck,CANADA
2FU,5443,FREIGHTLINER  CORPORATION,FREIGHTLINER,Truck,CANADA
2FV,5443,FREIGHTLINER  CORPORATION,FREIGHTLINER,Incomplete Vehicle,CANADA
2FW,2496,STERLING TRUCKS (DAIMLER DIVISION),STERLING TRUCK,Truck,UNITED STATES (USA)
2FY,19107,NEW FLYER INDUSTRIES CANADA ULC,NEW FLYER,Bus,CANADA
2FZ,2496,STERLING TRUCKS (DAIMLER DIVISION),STERLING TRUCK,Incomplete Vehicle,UNITED STATES (USA)
2G0,984,GENERAL MOTORS LLC,GMC,Bus,CANADA
2G1,984,GENERAL MOTORS LLC,CHEVROLET,Passenger Car,CANADA
2G2,984,GENERAL MOTORS LLC,PONTIAC,Passenger Car,UNITED STATES (USA)
2G3,984,GENERAL MOTORS LLC,OLDSMOBILE,Passenger Car,UNITED STATES (USA)
2G4,984,GENERAL MOTORS LLC,BUICK,Passenger Car,CANADA
2G5,984,GENERAL MOTORS LLC,"CHEVROLET, BRIGHTDROP",Truck,CANADA
2G6,984,GENERAL MOTORS LLC,CADILLAC,Passenger Car,CANADA
2G7,984,GENERAL MOTORS LLC,PONTIAC,Passenger Car,CANADA
2G8,984,GENERAL MOTORS LLC,CHEVROLET,Multipurpose Passenger Vehicle (MPV),CANADA
2G9086,11172,FCM-GROUP,,Trailer,CANADA
2G9098,14861,GRANDE WEST TRANSPORTATION INTERNATIONAL LTD.,,Bus,CANADA
2G9100,15649,"GEA FARM TECHNOLOGIES CANADA, INC.",,Trailer,CANADA
2G9103,20509,OFF GRID TRAILERS GENERAL PARTNERSHIP,,Trailer,CANADA
2G9105,23919,2598309 ONTARIO LIMITED,,Trailer,CANADA
2GA,984,GENERAL MOTORS LLC,CHEVROLET,Bus,CANADA
2GB,984,GENERAL MOTORS LLC,CHEVROLET,Incomplete Vehicle,CANADA
2GC,984,GENERAL MOTORS LLC,CHEVROLET,Truck,UNITED STATES (USA)
2GD,984,GENERAL MOTORS LLC,GMC,Incomplete Vehicle,CANADA
2GE,984,GENERAL MOTORS LLC,CADILLAC,Incomplete Vehicle,CANADA
2GH,984,GENERAL MOTORS LLC,GMC,Bus,CANADA
2GJ,984,GENERAL MOTORS LLC,GMC,Bus,CANADA
2GK,984,GENERAL MOTORS LLC,GMC,Multipurpose Passenger Vehicle (MPV),CANADA
2GL,1846,GENERAL COACH,GENERAL COACH,Trailer,UNITED STATES (USA)
2GN,984,GENERAL MOTORS LLC,CHEVROLET,Multipurpose Passenger Vehicle (MPV),CANADA
2GR,13486,GLENDALE RV,GLENDALE RV,Trailer,CANADA
2GT,984,GENERAL MOTORS LLC,GMC,Truck,UNITED STATES (USA)
2GX,6351,BIGFOOT INDUSTRIES (2010) INC.,BIGFOOT INDUSTRIES (2010) INC.,Trailer,CANADA
2H9003,21369,HIGHLINER TRAILERS LTD,,Trailer,
2H9048,12633,HI-TECH FABRICATORS INC,,Trailer,CANADA
2H9071,16219,HEARTLAND TRAILERS OF BC,,Trailer,UNITED STATES (USA)
2H9080,17620,1469466 ONTARIO LIMITED CYCLE HAULER,,Trailer,CANADA
2H9092,11619,HARVEST SERVICES (1995) LTD,,Trailer,CANADA
2H9096,14742,CAMBLI GROUP INC.,,Trailer,CANADA
2H9097,13930,HEAT DESIGN EQUIPMENT INC.,,Trailer,CANADA
2HG,990,"HONDA OF CANADA MFG., A DIVISION OF HONDA CANADA INC.",HONDA,Passenger Car,CANADA
2HH,990,"HONDA OF CANADA MFG., A DIVISION OF HONDA CANADA INC.",ACURA,Passenger Car,CANADA
2HJ,990,"HONDA OF CANADA MFG., A DIVISION OF HONDA CANADA INC.",HONDA,Truck,CANADA
2HK,990,"HONDA OF CANADA MFG., A DIVISION OF HONDA CANADA INC.",HONDA,Multipurpose Passenger Vehicle (MPV),CANADA
2HN,990,"HONDA OF CANADA MFG., A DIVISION OF HONDA CANADA INC.",ACURA,Multipurpose Passenger Vehicle (MPV),CANADA
2HP,1074,"NAVISTAR CANADA, INC.","NAVISTAR, CATERPILLAR, IC BUS, WORKHORSE, INTERNATIONAL",Truck,CANADA
2HS,1074,"NAVISTAR CANADA, INC.","NAVISTAR, CATERPILLAR, IC BUS, WORKHORSE, INTERNATIONAL",Truck,CANADA
2HT,1074,"NAVISTAR CANADA, INC.","NAVISTAR, CATERPILLAR, IC BUS, WORKHORSE, INTERNATIONAL",Incomplete Vehicle,CANADA
2HU,990,"HONDA OF CANADA MFG., A DIVISION OF HONDA CANADA INC.",ACURA,Truck,CANADA
2HV,1074,"NAVISTAR CANADA, INC.","NAVISTAR, CATERPILLAR, IC BUS, WORKHORSE, INTERNATIONAL",Incomplete Vehicle,CANADA
2HZ,12557,HUNTER TECHNOLOGY INC.,HUNTER TECHNOLOGY INC,Trailer,CANADA
2J4,995,FCA CANADA INC.,JEEP,Multipurpose Passenger Vehicle (MPV),CANADA
2J5,995,FCA CANADA INC.,JEEP,Bus,CANADA
2J6,995,FCA CANADA INC.,JEEP,Incomplete Vehicle,CANADA
2J9011,16279,J & J TRAILERS MANUFACTURERS AND SALES INC.,,Trailer,CANADA
2J9023,23482,JAMCO TRAILERS DIVISION OF MACLELLAN WELDING LTD.,,Trailer,
2J9038,3655,JUNIOR MOTORCYCLE MANUFACTURING INC.,,Motorcycle,CANADA
2J9057,13675,J BOND & SONS LTD.,,Trailer,CANADA
2JA,11819,CJAY TRAILERS INC.,CJAY TRAILERS INC.,Trailer,UNITED STATES (USA)
2JB,22966,BEARCO TRAILERS INC.,BEARCO,Trailer,CANADA
2JC,5614,J-CRAFT OF CANADA LTD,J-CRAFT OF CANADA LTD.,Trailer,CANADA
2K9013,18321,PAUL KROHNERT MANUFACTURING LIMITED,,Trailer,CANADA
2K9035,16573,TITAN TRAILERS INC.,,Trailer,CANADA
2K9050,17443,SOUDURE KERR INC.,,Trailer,UNITED STATES (USA)
2K9062,2797,KRUZER MOTORCYCLE TRAILERS,,Trailer,UNITED STATES (USA)
2K9064,20363,KSM INC.,,Truck,CANADA
2K9072,16212,K-LINE TRAILERS LTD.,,Trailer,UNITED STATES (USA)
2K9073,19269,KSAD INC. O/A KANGAROO TRAILERS,,Trailer,CANADA
2K9075,19623,KINETIC CUSTOM TRAILERS LTD.,,Trailer,CANADA
2K9080,15221,KCP CONCRETE PUMPS LTD.,,Trailer,
2L1,977,"FORD MOTOR COMPANY OF CANADA, LTD.",LINCOLN,Incomplete Vehicle,CANADA
2L9012,15215,LADNER MANUFACTURING LTD,,Trailer,CANADA
2L9069,7893,LEES LEISURE INDUSTRIES LIMITED,,Trailer,UNITED STATES (USA)
2L9100,3510,THE LI'L ICE CREAM SHOP LTD.,,Trailer,CANADA
2L9107,5205,AUTO DECOR MATANE INC.,,Trailer,UNITED STATES (USA)
2L9110,6110,ROULOTTES PROLITE INC.,,Trailer,CANADA
2L9119,5414,FRACO PRODUCTS LTD,,Trailer,CANADA
2L9139,7525,LITO GREEN MOTION INC.,,Motorcycle,CANADA
2L9162,22760,LE CARROSSIER RIVE-SUD INC.,,Incomplete Vehicle,
2LA,6071,THE LION ELECTRIC COMPANY,LION,Incomplete Vehicle,CANADA
2LB,6071,THE LION ELECTRIC COMPANY,LION,Bus,CANADA
2LC,3216,LES REMORQUES JELANO INC,LES REMORQUES LAROCHE,Trailer,CANADA
2LD,2310,TRIPLE E CANADA LTD.,TRIPLE E INDUSTRIES,Trailer,CANADA
2LE,20065,REMORQUES APOGEE INC.,APOGEE TRAILERS,Trailer,CANADA
2LJ,977,"FORD MOTOR COMPANY OF CANADA, LTD.",LINCOLN,Incomplete Vehicle,CANADA
2LM,977,"FORD MOTOR COMPANY OF CANADA, LTD.",LINCOLN,Multipurpose Passenger Vehicle (MPV),CANADA
2LN,977,"FORD MOTOR COMPANY OF CANADA, LTD.",LINCOLN,Passenger Car,CANADA
2M1,3247,MACK CANADA INC.,MACK,Truck,CANADA
2M2,3247,MACK CANADA INC.,MACK,Incomplete Vehicle,CANADA
2M3,3247,MACK CANADA INC.,MACK,Incomplete Vehicle,CANADA
2M5,5771,THE CANAM MANAC GROUP INC,MANAC,Trailer,CANADA
2M9004,15238,MARATHON EQUIPMENT LTD,,Trailer,CANADA
2M9018,6028,MIDLAND MANUFACTURING LIMITED,,Trailer,CANADA
2M9056,8303,MCBRIDE TRAILERS INC.,,Trailer,CANADA
2M9058,14430,MOTOR COACH INDUSTRIES LIMITED,,Bus,CANADA
2M9116,2017,CONCEPTION METAVIC INC.,,Trailer,UNITED STATES (USA)
2M9131,4063,MOBILIFT INC,,Trailer,CANADA
2M9135,9423,"MAISONS SRM BLONDEAU HOMES, INC.",,Trailer,CANADA
2M9137,13560,PINNACLE INDUSTRIAL SERVICES INC.,,Trailer,CANADA
2M9147,4178,M & M DEVELOPMENT LTD.,,Trailer,CANADA
2M9151,5989,MAJESTIK TRAILERS,,Trailer,CANADA
2M9153,2903,MUST TECHNOLOGIES LTD,,Trailer,CANADA
2M9166,23099,MILLROAD MANUFACTURING & SALES INC.,,Trailer,
2M9182,1196,2231545 ONTARIO INC. DBA MATRIXX SPECIALIZED TRAILERS,,Trailer,
2M9189,22326,6186433 MB LTD / IRONMEN INDUSTRIES,,Trailer,
2M9193,16360,MUSKOKA TRAILER MANUFACTURING,,Trailer,CANADA
2M9197,22814,METAL VALLEY MANUFACTURING,,Trailer,
2M9200,21072,AM MACHINERY INC.,,Trailer,CANADA
2M9202,19689,MISSION OVERLAND TRAILERS CORPORATION,,Trailer,CANADA
2M9209,22871,METALIGNA MODULAR INC.,,Trailer,CANADA
2ME,977,"FORD MOTOR COMPANY OF CANADA, LTD.",MERCURY,Passenger Car,CANADA
2MG,14430,MOTOR COACH INDUSTRIES LIMITED,MOTOR COACH INDUSTRIES,Bus,CANADA
2MH,977,"FORD MOTOR COMPANY OF CANADA, LTD.",MERCURY,Incomplete Vehicle,CANADA
2MR,977,"FORD MOTOR COMPANY OF CANADA, LTD.",MERCURY,Multipurpose Passenger Vehicle (MPV),CANADA
2MS,23965,2055495 ONTARIO LTD.,MISKA TRAILER FACTORY,Trailer,CANADA
2MW,18618,MARLON RECREATIONAL PRODUCTS LTD,MARLON RECREATIONAL PRODUCTS LTD.,Trailer,CANADA
2MX,9428,MAXI ROULE INC,MAXI ROULE INC,Trailer,CANADA
2N9017,3593,NORBERT'S MANUFACTURING LTD,,Trailer,CANADA
2N9038,11809,NORTHERN LITE MFG LTD,,Trailer,UNITED STATES (USA)
2N9045,19494,STAGELINE MOBILE STAGE INC,,Trailer,CANADA
2N9069,3591,"NORAC SYSTEMS INTERNATIONAL , INC",,Trailer,CANADA
2N9090,19417,NEUSTAR MANUFACTURING INC.,,Trailer,CANADA
2N9096,25067,NORTHERN TOWERS INDUSTRIES INC.,,Trailer,CANADA
2N9110,25618,NORSTAR INDUSTRIES LTD,,Trailer,CANADA
2ND,24317,NORDTEK TRAILERS INC,NORDTEK TRAILERS INC,Trailer,
2NE,2912,N&N REMORQUES INC.,N & N REMORQUE INC,Trailer,CANADA
2NK,1032,KENWORTH TRUCK COMPANY,KENWORTH,Incomplete Vehicle,CANADA
2NP,1033,PETERBILT MOTORS COMPANY,PETERBILT,Incomplete Vehicle,CANADA
2NV,14596,NOVA BUS INC.,NOVABUS,Bus,CANADA
2P3,995,FCA CANADA INC.,PLYMOUTH,Passenger Car,CANADA
2P4,995,FCA CANADA INC.,PLYMOUTH,Multipurpose Passenger Vehicle (MPV),CANADA
2P5,995,FCA CANADA INC.,PLYMOUTH,Bus,CANADA
2P6,995,FCA CANADA INC.,PLYMOUTH,Incomplete Vehicle,CANADA
2P7,995,FCA CANADA INC.,PLYMOUTH,Truck,CANADA
2P9001,13545,"VOLVO GROUP CANADA, INC",,Bus,CANADA
2P9004,7145,T & M MFG. INC. (FORMERLY PRINCETON MACHINE),,Trailer,CANADA
2P9009,8906,PRO-PAR (1978) INC.,,Trailer,CANADA
2P9015,5981,MAGNUM TRAILER & EQUIPMENT INC,,Trailer,CANADA
2P9027,14742,CAMBLI GROUP INC.,,Trailer,CANADA
2P9036,8351,PHIL LAROCHELLE EQUIPMENT INC,,Trailer,CANADA
2P9039,9784,PULVERISATEUR MS/ MS SPRAYER,,Trailer,CANADA
2P9059,3286,PARON INDUSTRIES INC,,Trailer,CANADA
2P9079,2381,SPAR ROOFING & METAL SUPPLIES LTD,,Trailer,UNITED STATES (USA)
2P9085,8361,PHOENIX ROTARY EQUIPMENT LTD,,Trailer,CANADA
2P9088,12107,PAR NADO INC.,,Trailer,
2P9096,16002,PACESETTER MANUFACTURING INC.,,Trailer,CANADA
2P9099,22193,PRITCHARD METALFAB,,Trailer,CANADA
2P9110,13545,"VOLVO GROUP CANADA, INC",,Incomplete Vehicle,CANADA
2P9112,23333,PASCAL INTERNATIONAL INC.,,Trailer,
2P9118,24977,PHIBER MANUFACTURING INC,,Trailer,
2P9119,2358,PLEASURE-WAY INDUSTRIES LTD.,,Trailer,
2PC,13545,"VOLVO GROUP CANADA, INC",PREVOST,Bus,CANADA
2PE,3449,PEAK MANUFACTURING INC.,PEAK MANUFACTURING INC.,Trailer,CANADA
2PL,1707,PEERLESS LIMITED,SCONA,Trailer,CANADA
2R9011,4384,RAGLAN INDUSTRIES INC,,Trailer,CANADA
2R9144,15890,RAJA TRAILER & EQUIPMENT SALES LTD.,,Trailer,CANADA
2R9625,13483,RAINBOW TRAILERS INC,,Trailer,CANADA
2R9670,15854,REMORQUES SAVAGE INC.,,Trailer,
2R9672,3356,RAYFAB INC.,,Trailer,CANADA
2R9678,5267,CROWN ENERGY TECHNOLOGIES INC,,Truck,CANADA
2R9690,1303,IRONTECH RIG REPAIR & MANUFACTURES INC.,,Trailer,CANADA
2R9699,21121,REMORQUES CFT INC. / CFT TRAILERS INC.,,Trailer,CANADA
2R9706,19091,9149-0847 QUEBEC INC,,Trailer,CANADA
2R9708,21520,TENCO INC.,,Truck,
2R9710,16000,RTD MANUFACTURING INC.,,Trailer,CANADA
2R9730,24616,REMORQUES PACKET INC.,,Trailer,
2RA,3885,ROAD RUNNER TRAILERS MANUFACTURING (1994) LTD,ROAD RUNNER,Trailer,CANADA
2RD,10697,REBELL INNOVATION INC.,REBELL INNOVATION,Trailer,CANADA
2RE,21193,REMEQ INC,REMEQ,Trailer,CANADA
2RG,19091,9149-0847 QUEBEC INC,GATOR,Trailer,CANADA
2RH,22763,ENBECK ALUMINUM PRODUCTS INC.,ROTOFAB INC,Trailer,
2RN,17503,REMORQUES ACTION AIR TRAILERS INTERNATIONAL INC.,REMORQUES ACTION AIR TRAILERS INTERNATIONAL INC.,Trailer,CANADA
2RY,17423,K-TRAIL INC.,K-TRAIL,Trailer,CANADA
2S2,1048,"SUZUKI MOTOR OF AMERICA, INC",SUZUKI,Passenger Car,JAPAN
2S3,1048,"SUZUKI MOTOR OF AMERICA, INC",SUZUKI,Multipurpose Passenger Vehicle (MPV),
2S9009,18330,SCAMPER CANADA LTD.,,Trailer,UNITED STATES (USA)
2S9010,22862,BROCK LEMKO INC,,Trailer,
2S9023,16005,SOUTHLAND TRAILER CORP.,,Trailer,CANADA
2S9058,2324,SPECIALTY STEEL INCORPORATED,,Trailer,CANADA
2S9109,2925,SASKARC INDUSTRIES,,Trailer,CANADA
2S9123,8071,STAR-TRANS EQUIPMENT MANUFACTURING INC.,,Trailer,CANADA
2S9131,5733,SEA-BOW INTERNATIONAL INC,,Trailer,CANADA
2S9132,1410,SIGNALISATION VER-MAC INC.,,Trailer,CANADA
2S9134,13822,TROUT RIVER INDUSTRIES,,Trailer,CANADA
2S9135,9789,AG SHIELD MANUFACTURING,,Trailer,CANADA
2S9177,20869,3 STAR MFG LTD,,Trailer,CANADA
2S9184,21115,SUNLITE TRAILERS INC.,,Trailer,CANADA
2SA,8181,STARCRAFT RV,STARCRAFT,Trailer,CANADA
2SF,16005,SOUTHLAND TRAILER CORP.,STC,Trailer,CANADA
2SG,1410,SIGNALISATION VER-MAC INC.,VER-MAC,Trailer,CANADA
2SH,24579,"VANGUARD REFRIGERATED TRAILER CO.,LTD.","VANGUARD REFRIGERATED TRAILER CO.,LTD.",Trailer,
2SJ,20959,SILVERMOUNTAIN TRAILERS & EQUIPMENT LTD.,SILVERMOUNTAIN TRAILERS,Trailer,CANADA
2SL,20869,3 STAR MFG LTD,OASIS TRAILER MANUFACTURING LTD,Trailer,
2SS,15837,WESTBROOK GREENHOUSE SYSTEMS LTD,"LINAMAR CONSUMER PRODUCTS, WESTBROOK GREENHOUSE SYSTEMS LTD., STIRLING",Trailer,CANADA
2SW,10656,1652344 ONTARIO LIMITED,SNOWBEAR,Trailer,CANADA
2T1,1085,TOYOTA MOTOR MANUFACTURING CANADA,TOYOTA,Passenger Car,CANADA
2T2,1085,TOYOTA MOTOR MANUFACTURING CANADA,LEXUS,Multipurpose Passenger Vehicle (MPV),CANADA
2T3,1085,TOYOTA MOTOR MANUFACTURING CANADA,TOYOTA,Multipurpose Passenger Vehicle (MPV),CANADA
2T9011,9438,THRU-WAY TRAILERS CENTRE LIMITED,,Trailer,CANADA
2T9016,16749,TY-CROP MANUFACTURING LTD.,,Trailer,CANADA
2T9089,2855,TANKCON FRP INC,,Trailer,CANADA
2T9116,9029,WILLTEN MFG. CORP.,,Trailer,CANADA
2T9124,3266,THOMSON PROJECTS LTD.,,Trailer,CANADA
2T9131,22262,TRAILERMAN TRAILERS LIMITED,,Trailer,
2T9148,17239,TRAILER-PRO INC,,Trailer,CANADA
2T9149,17532,TRAILERS NIAGARA MANUFACTURING,,Trailer,
2T9196,14421,TUFF BUILT PRODUCTS INC.,,Trailer,CANADA
2T9205,23961,TURBOCRISTAL INC.,,Trailer,
2T9206,2310,TRIPLE E CANADA LTD.,,Trailer,CANADA
2T9218,24758,TYCROP TRAILERS INC,,Trailer,CANADA
2TL,19927,TREMCAR INC.,TREMCAR,Trailer,CANADA
2TM,2947,"TEMISKO, INC.",TEMISKO,Trailer,CANADA
2TU,13841,TRI-STAR INDUSTRIES LIMITED,MOTOR COACH INDUSTRIES,Bus,CANADA
2TV,16573,TITAN TRAILERS INC.,TITAN TRAILERS INC.,Trailer,CANADA
2TX,7938,INNOVATIVE TRAILER DESIGN INDUSTRIES INC.,INNOVATIVE TRAILER DESIGN INDUSTRIES,Trailer,CANADA
2TZ,23041,TRIUMPH TRAILERS CANADA,TRIUMPH TRAILERS,Trailer,
2V4,995,FCA CANADA INC.,VOLKSWAGEN,Multipurpose Passenger Vehicle (MPV),CANADA
2V8,1478,"CHRYSLER GROUP LLC(USA),CHRYSLER CANADA, CHRYSLER DE MEXICO",VOLKSWAGEN,Multipurpose Passenger Vehicle (MPV),CANADA
2V9031,21331,VIDA TOWABLES INC.,,Trailer,CANADA
2VM,4187,MAX-ATLAS EQUIPMENT INTERNATIONAL INC.,MAX-ATLAS,Trailer,CANADA
2W9001,10140,"WALINGA, INC.",,Trailer,CANADA
2W9013,20824,MAXFIELD LP,,Trailer,CANADA
2W9044,982,WESTWARD INDUSTRIES LTD.,,Motorcycle,CANADA
2W9075,10324,WALSH'S AUTO & FABRICATION,,Trailer,CANADA
2W9080,16192,WCW WALKLATE,,Trailer,UNITED STATES (USA)
2W9081,10328,WARMAN'S WELDING LTD.,,Trailer,CANADA
2W9087,22914,LES ÉQUIPEMENTS WOODY INC.,,Trailer,CANADA
2W9093,20728,"WOLF INNOVATIONS, INC.",,Trailer,CANADA
2W9099,982,WESTWARD INDUSTRIES LTD.,,Low Speed Vehicle (LSV),CANADA
2WE,11248,WESTERN STAR TRUCKS INC,WESTERN STAR,Truck,CANADA
2WK,11248,WESTERN STAR TRUCKS INC,WESTERN STAR,Truck,CANADA
2WL,11248,WESTERN STAR TRUCKS INC,WESTERN STAR,Incomplete Vehicle,CANADA
2WM,11248,WESTERN STAR TRUCKS INC,WESTERN STAR,Incomplete Vehicle,CANADA
2WV,24403,WEBERLANE MFG. (1990) CO.,WEBERLANE MANUFACTURING,Trailer,
2XB,16509,B.W.S. MANUFACTURING LTD.,BWS TRAILER,Trailer,
2XK,1032,KENWORTH TRUCK COMPANY,KENWORTH,Truck,CANADA
2XM,1478,"CHRYSLER GROUP LLC(USA),CHRYSLER CANADA, CHRYSLER DE MEXICO",EAGLE,Passenger Car,CANADA
2XP,1033,PETERBILT MOTORS COMPANY,PETERBILT,Truck,CANADA
349002,17003,REDERICK METAL INDUSTRIES CORP. S.A,,Trailer,UNITED STATES (USA)
359001,22932,GRIPIN SRL,,Trailer,
389004,5428,FREDY RUIZ MARTINEZ,,Trailer,PUERTO RICO
389006,10211,"XTREME CHOPPERS, INC.",,Motorcycle,PUERTO RICO
389018,16022,THE TRAILER SHOP PUERTO RICO,,Trailer,PUERTO RICO
389020,20126,THUNDER BLADE MFG LLC.,,Trailer,PUERTO RICO
3A0,18727,"TALLERES MARTINEZ, SOCIEDAD ANONIMA DE CAPITAL VARIABLE",MARTINEZ,Trailer,MEXICO
3A1,14244,"MANUFACTURAS INDUSTRIALES GAMI, S.A. DE C.V","MANUFACTURAS INDUSTRIALES GAMI, S.A.DE C.V",Trailer,MEXICO
3A2,1002,CHRYSLER DE MEXICO TOLUCA,CHRYSLER,Incomplete Vehicle,MEXICO
3A3,1002,CHRYSLER DE MEXICO TOLUCA,CHRYSLER,Truck,MEXICO
3A4,1002,CHRYSLER DE MEXICO TOLUCA,CHRYSLER,Multipurpose Passenger Vehicle (MPV),MEXICO
3A6,1002,CHRYSLER DE MEXICO TOLUCA,CHRYSLER,Incomplete Vehicle,MEXICO
3A7,1002,CHRYSLER DE MEXICO TOLUCA,CHRYSLER,Truck,MEXICO
3A8,1002,CHRYSLER DE MEXICO TOLUCA,CHRYSLER,Multipurpose Passenger Vehicle (MPV),MEXICO
3A9005,16785,ALVAREZ - TALLER DE TORNOS Y SOLDADURA,,Trailer,MEXICO
3A9019,14103,"INDUSTRIAS PRO ACERO MONTERREY, S.A. DE C.V.",,Trailer,MEXICO
3A9050,6083,ANTONIO FRANCISCO MARTINEZ GONZALEZ DBA REMOLQUES Y CARROCERIA MARGO,,Trailer,MEXICO
3A9057,4815,IVEMSA,,Trailer,MEXICO
3A9074,22598,INDUSTRIAS FLORES Y ASOCIADOS S.A. DE C.V.,,Trailer,MEXICO
3A9080,4331,INGENIERIA EN TRANSFORMACIONES METALICAS,,Trailer,UNITED STATES (USA)
3A9116,14451,"OLYMPIC TRAILERES & TRUCKBEDS, SA DE CV",,Trailer,MEXICO
3A9150,20962,IMPULSORA INDUSTRIAL DEL RIO S.A. DE C.V.,,Trailer,MEXICO
3A9165,22743,INDUSTRIAS ARMADORAS IARSA,,Trailer,MEXICO
3A9168,6305,"INTEGRADORA MAQUIRENT, S.A. DE C.V.",,Trailer,MEXICO
3A9205,12266,"INGENIERIA Y MAQUINARIA DE GUADALUPE, S.A. DE C.V.",,Trailer,MEXICO
3A9209,22248,ALBERTO DIAZ MUÑOZ,,Trailer,MEXICO
3A9216,7658,INDUSTRIAS MET GRI SA DE CV,,Trailer,MEXICO
3A9217,1258,AMERICAN MANUFACTURING SUPPORT DE MEXICO S.A. DE C.V.,,Trailer,MEXICO
3A9220,14284,"AUTOTANQUES Y TOLVAS TROY, S.A. DE C.V.",,Trailer,MEXICO
3A9249,20034,INTERNATIONAL EPIZEN S.A. DE C.V.,,Trailer,MEXICO
3A9258,18384,IKA TRAILERS S.A. DE C.V.,,Trailer,MEXICO
3A9259,22866,ABRAHAM MENDOZA ZAPATA,,Trailer,MEXICO
3A9261,14983,"IZA DESIGN & MANUFACTURING, S.A DE C.V",,Trailer,MEXICO
3A9266,15540,ED TRAILERS,,Trailer,MEXICO
3A9267,21281,JELMAX TRAILERS,,Trailer,
3A9290,20377,IRON LITE TRAILERS,,Trailer,MEXICO
3A9292,19230,INDUSTRIA REAL S.A. DE C.V.,,Trailer,UNITED STATES (USA)
3A9293,19356,"AMC APARATOS MECANICOS DE CALIDAD, S.A. DE C.V.",,Trailer,MEXICO
3A9296,23597,ALEJANDRO ARENAS,,Trailer,
3A9309,21054,OVIDIO MORALES AVENA,,Trailer,MEXICO
3A9311,22807,IPSE LOCOMOTIVE SA DE CV,,Trailer,MEXICO
3A9316,22266,"OLISANTI, S.A. DE C.V.",,Trailer,MEXICO
3A9318,23798,OPERADORA Y TRANSFORMADORA VIG SA DE CV,,Trailer,MEXICO
3A9319,21865,QUSEM DEL NORTE,,Trailer,MEXICO
3A9323,23166,ARVI TRAILERS SA DE CV,,Trailer,
3A9324,23960,"ACHA TRAILERS & INOX, S.A. DE C.V.",,Trailer,MEXICO
3A9329,25728,"ACEROS Y PERFILES LL, S.A. DE C.V.",,Trailer,MEXICO
3AB,12850,DINA AUTOBUSES,DINA AUTOBUSES,Bus,MEXICO
3AE,17047,"TRAILERS DE MONTERREY, S.A.",RAMIREZ,Trailer,MEXICO
3AK,23472,DAIMLER VEHÍCULOS COMERCIALES MÉXICO S. DE R.L. DE C.V.,FREIGHTLINER,Truck,MEXICO
3AL,23472,DAIMLER VEHÍCULOS COMERCIALES MÉXICO S. DE R.L. DE C.V.,FREIGHTLINER,Incomplete Vehicle,MEXICO
3AM,21505,"INDUSTRIAS KUZZY DE MEXICO, S.A DE C.V.",KUZZY,Trailer,
3AU,8699,MULTIQUIP INC.,"MQ POWER, MULTIQUIP",Trailer,MEXICO
3AW,14859,FRUEHAUF DE MEXICO S.A. DE C.V.,"AMERICAN TRAILERS, FRUEHUAF, SMART TRAILERS, FDM, EAST",Trailer,MEXICO
3B2,1002,CHRYSLER DE MEXICO TOLUCA,DODGE,Incomplete Vehicle,MEXICO
3B3,1002,CHRYSLER DE MEXICO TOLUCA,"DODGE, CHRYSLER",Passenger Car,
3B4,1002,CHRYSLER DE MEXICO TOLUCA,DODGE,Multipurpose Passenger Vehicle (MPV),MEXICO
3B5,1002,CHRYSLER DE MEXICO TOLUCA,DODGE,Bus,MEXICO
3B6,1002,CHRYSLER DE MEXICO TOLUCA,DODGE,Incomplete Vehicle,MEXICO
3B7,1002,CHRYSLER DE MEXICO TOLUCA,DODGE,Truck,MEXICO
3B8,1002,CHRYSLER DE MEXICO TOLUCA,DODGE,Multipurpose Passenger Vehicle (MPV),MEXICO
3B9001,13033,BAJA STEEL INC.,,Trailer,UNITED STATES (USA)
3B9007,11798,BULK TANK INTERNATIONAL S DE RL DE CV,,Trailer,UNITED STATES (USA)
3B9008,4632,BUSHMASTER OF MEXICO S.A. DE C.V.,,Trailer,MEXICO
3B9021,14249,BOSCHER INDUSTRIAS S.A. DE C.V.,,Trailer,MEXICO
3B9022,14474,BIG LOWBOY S DE RL DE CV,,Trailer,MEXICO
3B9028,22408,"BEAVER TRAILERS DE MEXICO, S.A. DE C.V.",,Trailer,MEXICO
3BD,14956,"STRICK TRAILERS, LLC",STRICK COMMERCIAL TRAILER,Trailer,MEXICO
3BH,23472,DAIMLER VEHÍCULOS COMERCIALES MÉXICO S. DE R.L. DE C.V.,"FREIGHTLINER, WESTERN STAR",Truck,MEXICO
3BJ,23472,DAIMLER VEHÍCULOS COMERCIALES MÉXICO S. DE R.L. DE C.V.,"FREIGHTLINER, WESTERN STAR",Incomplete Vehicle,MEXICO
3BK,1032,KENWORTH TRUCK COMPANY,KENWORTH,Incomplete Vehicle,MEXICO
3BM,1126,"MOTOR COACH INDUSTRIES, INC.",MOTOR COACH INDUSTRIES,Bus,MEXICO
3BP,1033,PETERBILT MOTORS COMPANY,PETERBILT,Incomplete Vehicle,MEXICO
3BT,11674,WEST TEXAS DOLLIES INC.,WEST TEXAS DOLLIES INC.,Trailer,UNITED STATES (USA)
3BY,7900,CARROCERIAS DE LUCIO S.A. DE C.V.,CARROCERIAS DE LUCIO,Trailer,MEXICO
3BZ,13368,"GRUPO REMOLQUES DEL NORTE, S.A. DE C.V.",GRUPO REMOLQUES DEL NORTE,Trailer,MEXICO
3C3,1002,CHRYSLER DE MEXICO TOLUCA,"DODGE, CHRYSLER, FIAT, LANCIA",Passenger Car,MEXICO
3C4,1002,CHRYSLER DE MEXICO TOLUCA,"DODGE, CHRYSLER, VOLKSWAGEN, JEEP, FIAT, RAM, LANCIA",Multipurpose Passenger Vehicle (MPV),MEXICO
3C6,1002,CHRYSLER DE MEXICO TOLUCA,"DODGE, CHRYSLER, VOLKSWAGEN, JEEP, FIAT, RAM, LANCIA",Truck,MEXICO
3C7,1002,CHRYSLER DE MEXICO TOLUCA,"DODGE, CHRYSLER, VOLKSWAGEN, JEEP, FIAT, RAM, LANCIA",Incomplete Vehicle,MEXICO
3C8,1002,CHRYSLER DE MEXICO TOLUCA,CHRYSLER,Multipurpose Passenger Vehicle (MPV),MEXICO
3C9039,11177,CARROCERIAS GALLEGOS S.A. DE C.V.,,Trailer,MEXICO
3C9115,21362,"CARROCERIAS CORPUS CHRISTI, S.A. DE C.V.",,Trailer,MEXICO
3C9116,10677,CARGA FACIL S. A. DE C.V.,,Trailer,MEXICO
3C9127,14911,"TRAILERS CONCAR DE MEXICO, S. DE R.L. DE C.V.",,Trailer,MEXICO
3C9142,20610,"CAJAS Y REMOLQUES MUÑOZ, SA DE CV",,Trailer,
3C9143,9825,CALCROSS S DE R.L DE C.V.,,Trailer,MEXICO
3C9164,22523,CECZA INDUSTRIAS SA,,Trailer,
3C9192,23117,"CARROCERIAS TRACTO MEXICO, S.A. DE C.V.",,Trailer,MEXICO
3C9218,16523,CUSITEC SA DE CV,,Trailer,MEXICO
3C9223,23043,"CARROCERIAS KAMIXO, S.A. DE C.V.",,Trailer,MEXICO
3C9230,19096,COMERCIALIZADORA ROSTAM S.A. DE C.V.,,Trailer,MEXICO
3C9243,21044,CONSTRUCTORA ALDIMA S. DE R.L. DE C.V.,,Trailer,MEXICO
3C9248,21970,COSMI SERVICIOS DE MANTENIMIENTO S.A. DE C.V.,,Trailer,MEXICO
3C9249,21819,CONSORCIO INDUSTRIAL DE MANUFACTURAS SJ DE FRONTERA S.A. DE C.V.,,Trailer,
3C9260,24168,CONQUEST MANUFACTURING S.A. DE C.V.,,Trailer,MEXICO
3C9262,25301,COMERCIO Y FABRICACION EAGLEMEX SA DE CV,,Trailer,
3CA,1002,CHRYSLER DE MEXICO TOLUCA,CHRYSLER,Multipurpose Passenger Vehicle (MPV),MEXICO
3CE,14597,"VOLVO GROUP MEXICO, S.A. DE C.V.",VOLVO,Bus,MEXICO
3CG,1168,KTMMEX SA. DE CV.,KTMMEX,Motorcycle,UNITED STATES (USA)
3CV,20774,"PJ TRAILERS COMPANY, S.A. DE C.V.","PJ TRAILERS COMPANY, S.A. DE C.V.",Trailer,MEXICO
3CW,8516,FIVE STAR TRAILERS S.A. DE C.V.,FIVE STAR TRAILERS,Trailer,
3CX,11589,"TALLERES LOZANO, S.A. DE C.V.","LOZANO TRAILER, KRONE TRAILER",Trailer,UNITED STATES (USA)
3CZ,992,"HONDA DE MEXICO, S.A. DE C.V.",HONDA,Multipurpose Passenger Vehicle (MPV),MEXICO
3D2,1002,CHRYSLER DE MEXICO TOLUCA,DODGE,Incomplete Vehicle,MEXICO
3D3,1002,CHRYSLER DE MEXICO TOLUCA,DODGE,Truck,MEXICO
3D4,1002,CHRYSLER DE MEXICO TOLUCA,DODGE,Multipurpose Passenger Vehicle (MPV),MEXICO
3D5,1002,CHRYSLER DE MEXICO TOLUCA,DODGE,Bus,MEXICO
3D6,1002,CHRYSLER DE MEXICO TOLUCA,DODGE,Incomplete Vehicle,MEXICO
3D7,1002,CHRYSLER DE MEXICO TOLUCA,DODGE,Truck,MEXICO
3D8,1002,CHRYSLER DE MEXICO TOLUCA,DODGE,Multipurpose Passenger Vehicle (MPV),MEXICO
3D9026,19098,DOLLIES Y REMOLQUES MEXICO S.  DE R.L. DE C.V.,,Trailer,MEXICO
3D9028,20235,"DYNAMIC MANUFACTURING SOLUTIONS, S. DE R.L. DE C.V.",,Trailer,MEXICO
3D9031,22432,DAISY MARINA CASTRO,,Trailer,
3D9032,24485,DISENADORES DE INGENIERIA Y CONSTRUCCION DEL NORESTE S.A. DE C.V.,,Trailer,
3D9033,25387,DESARROLLO Y FABRICACION DE ACERO S.A. DE C.V.,,Trailer,
3D9034,25411,DANTE RODRIGUEZ SOTELO,,Trailer,MEXICO
3D9035,25238,"DUSTRAIL, S.A. DE C.V.",,Trailer,
3DB,6440,IMPLEMENTOS BANENS SA DE CV,BANENS,Trailer,MEXICO
3DC,17435,"ADEMES Y MAQUINARIA DE CUAUHTEMOC, S.A. DE C.V.",AMACSA,Trailer,MEXICO
3DG,11177,CARROCERIAS GALLEGOS S.A. DE C.V.,C.GALLEGOS,Trailer,MEXICO
3DH,992,"HONDA DE MEXICO, S.A. DE C.V.",HONDA,Multipurpose Passenger Vehicle (MPV),MEXICO
3E1,11798,BULK TANK INTERNATIONAL S DE RL DE CV,"BULK TANK INTERNATIONAL, WABASH, BULK, PROGRESS, WABASH TANKS",Trailer,MEXICO
3E3,1002,CHRYSLER DE MEXICO TOLUCA,EAGLE,Passenger Car,MEXICO
3E4,1002,CHRYSLER DE MEXICO TOLUCA,FIAT,Multipurpose Passenger Vehicle (MPV),
3E9001,18125,"E.C.S.A. ENSAMBLADORA CACANILLA, S.A. DE C.V.",,Trailer,UNITED STATES (USA)
3E9003,12419,"ENVASES DE ACERO, S.A. DE C.V.",,Trailer,MEXICO
3E9021,19152,ENRIQUE VILLEGAS ROMERO,,Trailer,MEXICO
3E9030,11579,REMOLQUES ENMAR,,Trailer,MEXICO
3E9034,7905,EXA INDUSTRIAL S.A. DE C.V.,,Trailer,
3E9048,14857,"EMPRESAS Y EQUIPOS INDUSTRIALES, S.A. DE C.V.",,Trailer,MEXICO
3E9072,23981,EDGAR MANUEL RODRIGUEZ VILLARREAL,,Trailer,
3E9073,24853,EVELYN MONSERRATH SANCHEZ ZAPATA,,Trailer,MEXICO
3E9074,25018,EDUARDO JAVIER SANMIGUEL SALOMON,,Trailer,
3EB,12936,"FLEETWOOD ENTERPRISES, INC.",FLEETWOOD ENTERPRISES,Trailer,UNITED STATES (USA)
3EL,18817,COMERCIALIZADORA NIMMKA SA DE CV,"ATRO, NIMMKA",Trailer,MEXICO
3ES,23071,LOAD TRAIL MX S.A. DE C.V.,LOAD TRAIL MX S.A. DE C.V.,Trailer,MEXICO
3EU,22286,NORSTAR TRAILERS MEXICO S DE RL DE CV,NORSTAR TRAILERS MEXICO S DE RL DE CV,Trailer,
3EV,17123,RAWMAXX S.A. DE C.V.,RAWMAXX,Trailer,MEXICO
3EW,20791,BERNHARD NEUFELD LOEWEN,HORIZON TRAILERS,Trailer,MEXICO
3EY,21120,"GG TRAILERS, SA DE CV",GG TRAILERS,Trailer,MEXICO
3EZ,20857,SUSANA FAST KLASSEN,INDUSTRIAS AMERICA,Trailer,
3F5,21362,"CARROCERIAS CORPUS CHRISTI, S.A. DE C.V.",CORPUS TRAILERS,Trailer,
3F6,14190,DAIMLER CHRYSLER DE MEXICO SA DE CV,STERLING TRUCK,Truck,MEXICO
3F7,21503,ASCEND INDUSTRIES S.A. DE C.V.,AI TRAILERS,Trailer,MEXICO
3F8,14842,"PRO FAB US, S.A. DE C.V.",DURAHAUL,Trailer,MEXICO
3F9001,7967,FABRICACION Y COMERCIALIZACION PENA S.A. DE C.V. DBA PENA,,Trailer,
3F9033,21823,FRANCISCO YANES PUIGBO,,Trailer,MEXICO
3F9060,18507,F&S FABRICATION AND WELDING SOLUTIONS S.A DE C.V.,,Trailer,MEXICO
3F9061,21096,FABRICACIONES Y SERVICIOS DE MEXICO SA DE CV (FASEMEX/LIDDELL),,Trailer,
3F9063,20237,FRANZ PENNER OLFERT DBA INDUSTRIAS METALICAS PENNER'S,,Trailer,MEXICO
3F9066,20837,FUD TRAILERS MARTINEZ S.A. DE C.V.,,Trailer,MEXICO
3F9067,23623,FORTE INFRAESTRUCTURA S.A. DE C.V.,,Trailer,MEXICO
3F9071,24825,F.L.T. TRAILERS,,Trailer,
3FA,979,"FORD MOTOR COMPANY, MEXICO",FORD,Passenger Car,MEXICO
3FB,979,"FORD MOTOR COMPANY, MEXICO",FORD,Bus,MEXICO
3FC,979,"FORD MOTOR COMPANY, MEXICO",FORD,Incomplete Vehicle,MEXICO
3FD,979,"FORD MOTOR COMPANY, MEXICO",FORD,Incomplete Vehicle,MEXICO
3FE,979,"FORD MOTOR COMPANY, MEXICO",FORD,Incomplete Vehicle,MEXICO
3FF,5443,FREIGHTLINER  CORPORATION,FREIGHTLINER,Incomplete Vehicle,MEXICO
3FH,21881,"HUNTER TRAILERS, S.A. DE C.V.",HUNTER TRAILERS,Trailer,
3FJ,21879,EAST TEXAS TRAILERS S.A. DE C.V.,EAST TEXAS TRAILERS S.A. DE C.V.,Trailer,
3FM,979,"FORD MOTOR COMPANY, MEXICO",FORD,Multipurpose Passenger Vehicle (MPV),MEXICO
3FN,985,"BLUE DIAMOND TRUCK, S. DE R. L. DE C. V.",FORD,Truck,UNITED STATES (USA)
3FR,985,"BLUE DIAMOND TRUCK, S. DE R. L. DE C. V.",FORD,Incomplete Vehicle,
3FT,979,"FORD MOTOR COMPANY, MEXICO",FORD,Truck,MEXICO
3FX,24496,"FEHR BROS. INDUSTRIES, S. DE R.L DE C.V.",APEX TRAILERS,Trailer,MEXICO
3FZ,15203,MAXXIM INDUSTRIES II S. DE R.L DE C.V.,MAXXIM,Trailer,MEXICO
3G0,984,GENERAL MOTORS LLC,"HOLDEN, SAAB",Multipurpose Passenger Vehicle (MPV),MEXICO
3G1,984,GENERAL MOTORS LLC,CHEVROLET,Passenger Car,MEXICO
3G2,984,GENERAL MOTORS LLC,PONTIAC,Passenger Car,UNITED STATES (USA)
3G3,984,GENERAL MOTORS LLC,OLDSMOBILE,Passenger Car,UNITED STATES (USA)
3G4,984,GENERAL MOTORS LLC,BUICK,Passenger Car,UNITED STATES (USA)
3G5,984,GENERAL MOTORS LLC,BUICK,Multipurpose Passenger Vehicle (MPV),UNITED STATES (USA)
3G7,984,GENERAL MOTORS LLC,PONTIAC,Multipurpose Passenger Vehicle (MPV),UNITED STATES (USA)
3G9031,14726,"GRECER, SA DE CV",,Trailer,MEXICO
3G9034,21825,GERHARD BLATZ BULHER DBA REMOLQUES DEL CORREDR,,Trailer,MEXICO
3G9052,19032,GRAHER  CONSTRUCTORA INDUSTRIAL S.A. DE C.V.,,Trailer,MEXICO
3G9055,20064,REMOLSA REMOLQUES SALDUA,,Trailer,MEXICO
3G9056,20590,GRUPO INDOLSA S. DE R.L. M.I.,,Trailer,MEXICO
3G9057,21202,GRUPO ZAETA DEL BOSQUE S.P.R. DE R.L. DE C.V.,,Trailer,MEXICO
3G9060,20874,GRUPO AGUIRRE LUNA Y ASOCIADOS SA DE CV,,Trailer,MEXICO
3G9061,21953,GERARDO RODRIGUEZ BENAVIDES,,Trailer,MEXICO
3G9073,23959,"GRUPO GELSA FABRICACION Y DISTRIBUCION, S.A. DE C.V.",,Trailer,MEXICO
3GB,984,GENERAL MOTORS LLC,CHEVROLET,Incomplete Vehicle,MEXICO
3GC,984,GENERAL MOTORS LLC,CHEVROLET,Truck,MEXICO
3GD,984,GENERAL MOTORS LLC,"GMC, SAAB",Incomplete Vehicle,MEXICO
3GG,984,GENERAL MOTORS LLC,CADILLAC,Truck,MEXICO
3GH,18926,GRUPO INDUSTRIAL TRES ESTRELLAS,GRUPO INDUSTRIAL TRES ESTRELLAS,Trailer,MEXICO
3GJ,21454,HECTOR ALEJANDRO MENCHACA GUAJARDO,HM TRAILAS Y REMOLQUES,Trailer,
3GK,984,GENERAL MOTORS LLC,GMC,Multipurpose Passenger Vehicle (MPV),UNITED STATES (USA)
3GM,984,GENERAL MOTORS LLC,CHEVROLET,Multipurpose Passenger Vehicle (MPV),UNITED STATES (USA)
3GN,984,GENERAL MOTORS LLC,CHEVROLET,Multipurpose Passenger Vehicle (MPV),MEXICO
3GP,984,GENERAL MOTORS LLC,HONDA,Multipurpose Passenger Vehicle (MPV),MEXICO
3GR,22794,GERHARD PETERS NEUDORF,"SILVER ARMOR, BUCKSHOT TRAILERS",Trailer,
3GS,984,GENERAL MOTORS LLC,SATURN,Multipurpose Passenger Vehicle (MPV),UNITED STATES (USA)
3GT,984,GENERAL MOTORS LLC,GMC,Truck,MEXICO
3GV,25306,PETER FRIESEN LOEWEN,IMPLEMENTOS AGRICOLAS DOS ESTELLAS,Trailer,
3GY,984,GENERAL MOTORS LLC,CADILLAC,Multipurpose Passenger Vehicle (MPV),MEXICO
3H1,992,"HONDA DE MEXICO, S.A. DE C.V.",HONDA,Motorcycle,MEXICO
3H3,14282,"HYUNDAI DE MEXICO, S.A. DE C.V.",HYUNDAI TRANSLEAD TRAILERS,Trailer,MEXICO
3H4,5564,"HEIL TRAILER INTERNATIONAL, LLC","HEIL TRAILER INTERNATIONAL, J&L",Trailer,MEXICO
3H5,22044,HELENA SUDERMAN NEUDROF Y/O FABRICA DE TUBOS Y REMOLQUES EL AGUILA 602,REMOLQUES EL AGUILA 602,Trailer,
3H6,6179,"POLAR TANK TRAILER, LLC",POLAR TANK TRAILER,Trailer,MEXICO
3H7,21966,HORIZON TRAILERS MEXICO S DE RL DE CV,HORIZON TRAILERS,Trailer,MEXICO
3H9008,8990,REMOLQUES DI-KAR,,Trailer,MEXICO
3H9015,19693,HORACIO CARRANZA FLORES,,Trailer,MEXICO
3H9019,21826,HANIA ELIZA GUERRA HADDAD,,Trailer,
3H9023,23479,HIROHITO MARQUEZ BUSTAMANTE,,Trailer,MEXICO
3HA,985,"BLUE DIAMOND TRUCK, S. DE R. L. DE C. V.","NAVISTAR, CATERPILLAR, IC BUS, WORKHORSE, INTERNATIONAL",Incomplete Vehicle,MEXICO
3HB,985,"BLUE DIAMOND TRUCK, S. DE R. L. DE C. V.","NAVISTAR, CATERPILLAR, IC BUS, WORKHORSE, INTERNATIONAL",Incomplete Vehicle,MEXICO
3HC,985,"BLUE DIAMOND TRUCK, S. DE R. L. DE C. V.","NAVISTAR, CATERPILLAR, IC BUS, WORKHORSE, INTERNATIONAL",Truck,MEXICO
3HD,992,"HONDA DE MEXICO, S.A. DE C.V.","HONDA, ACURA",Multipurpose Passenger Vehicle (MPV),MEXICO
3HF,24799,"TORO COMPANY DE MEXICO, S. DE R.L. DE C.V","TORO WORKMAN, SPARTAN INTIMIDATOR",Motorcycle,MEXICO
3HG,992,"HONDA DE MEXICO, S.A. DE C.V.",HONDA,Passenger Car,MEXICO
3HK,21038,TALLERES BARRERA S.A. DE C.V.,BARRERA,Trailer,MEXICO
3HR,1028,"INTERNATIONAL MOTORS, LLC","NAVISTAR, CATERPILLAR, IC BUS, WORKHORSE, INTERNATIONAL",Truck,MEXICO
3HS,1028,"INTERNATIONAL MOTORS, LLC","NAVISTAR, CATERPILLAR, IC BUS, WORKHORSE, INTERNATIONAL",Truck,MEXICO
3HT,1028,"INTERNATIONAL MOTORS, LLC","NAVISTAR, CATERPILLAR, IC BUS, WORKHORSE, INTERNATIONAL",Incomplete Vehicle,MEXICO
3HU,25050,ORANGE X TRAILERS S.A DE C.V,ORANGE X,Trailer,MEXICO
3HV,1028,"INTERNATIONAL MOTORS, LLC","NAVISTAR, CATERPILLAR, IC BUS, WORKHORSE, INTERNATIONAL",Incomplete Vehicle,MEXICO
3J4,1002,CHRYSLER DE MEXICO TOLUCA,JEEP,Multipurpose Passenger Vehicle (MPV),MEXICO
3J5,1002,CHRYSLER DE MEXICO TOLUCA,JEEP,Bus,MEXICO
3J6,1002,CHRYSLER DE MEXICO TOLUCA,JEEP,Incomplete Vehicle,MEXICO
3J9001,16578,JESUS ALBERTO RENTERIA ARMENDARIZ,,Trailer,UNITED STATES (USA)
3J9049,7369,JOHAN BLATZ BUHLER,,Trailer,MEXICO
3J9057,21361,JAVIER TIJERINA MENCHACA,,Trailer,
3J9059,6795,JOSE ANTONIO MEDINA PEGRAM,,Trailer,MEXICO
3J9090,21550,JUAN ADOLFO CANTU RODRIGUEZ,,Trailer,
3J9091,21443,JJ REMOLQUES EN RENTA SA DE CV,,Trailer,
3J9094,21050,JOSE GUADALUPE DE LA CRUZ FUERTE,,Trailer,MEXICO
3J9095,21544,JOSE ANTONIO GRANADOS SAUCEDO,,Trailer,MEXICO
3J9103,25019,JESUS GARZA LUMBRERAS,,Trailer,
3J9106,25234,JESUS EMMANUEL SIERRA SILVA,,Trailer,
3JB,24129,"BRP MEXICO, S.A. DE C.V.",CAN-AM,Motorcycle,MEXICO
3JC,24149,"BRP QUERETARO, S.A. DE C.V.",CAN-AM,Motorcycle,MEXICO
3JD,23848,JFA TRAILERS,JFA TRAILERS,Trailer,MEXICO
3JH,25689,CORPORACION HEIL TRAILER DE MEXICO S. DE R. L. DE C. V.,ADVANCE,Trailer,MEXICO
3K9003,7364,KATHARINA LOEWEN LOEWEN DBA TALLER FEHR,,Trailer,MEXICO
3K9004,21442,"KPE COMERCIALIZADORA AGROPECUARIA DEL NOROESTE, S.A. DE C.V.",,Trailer,MEXICO
3KM,21364,KIA MEXICO S.A. DE C.V.,"HYUNDAI, KIA",Multipurpose Passenger Vehicle (MPV),MEXICO
3KP,21364,KIA MEXICO S.A. DE C.V.,"HYUNDAI, KIA",Passenger Car,MEXICO
3L9033,22577,LOGISTICA Y TRANSPORTES LOINEX S.A. DE C.V.,,Trailer,MEXICO
3L9036,24739,LAURA LETICIA ZAMORA GONZALEZ,,Trailer,
3LH,15540,ED TRAILERS,ED TRAILERS,Trailer,
3LN,979,"FORD MOTOR COMPANY, MEXICO",LINCOLN,Passenger Car,MEXICO
3LT,23045,"LT MANUFACTURING, S DE RL DE CV",LAMAR,Trailer,
3M7,7658,INDUSTRIAS MET GRI SA DE CV,INDUSTRIAS MET GRI,Trailer,MEXICO
3M9001,4730,CARROCERIAS PRECONSTRUIDAS S A (MAGNABUS SA DE CV),,Trailer,MEXICO
3M9009,7868,MANUFACTURAS HERCULES S.A.DE C.V.,,Trailer,MEXICO
3M9014,22812,MAQUILAS Y REMOLQUES DE QUERETARO SA DE CV,,Trailer,MEXICO
3M9054,14341,MC.GUBER,,Trailer,MEXICO
3M9076,21108,MARTIN ZAMORA GONZALEZ,,Trailer,MEXICO
3M9082,15205,MICHAEL LOEWEN REIMER DBA LOMAR INDUSTRY,,Trailer,MEXICO
3M9084,15203,MAXXIM INDUSTRIES II S. DE R.L DE C.V.,,Trailer,MEXICO
3M9087,18528,MEGA TRANSPORTACIONES S DE RL DE CV,,Trailer,MEXICO
3M9093,22001,MM CARROCERIAS S.A. DE C.V.,,Trailer,
3M9099,20833,MFG TRAILERS Y TANKES BARAK S.A DE C.V,,Trailer,MEXICO
3M9102,22977,"MAQUINAS Y CARROCERIAS DE LA PIEDAD, S.A. DE C.V.",,Trailer,MEXICO
3MA,979,"FORD MOTOR COMPANY, MEXICO",MERCURY,Passenger Car,MEXICO
3MD,1083,MAZDA MOTOR MANUFACTURING DE MEXICO S.A. DE C.V.,MAZDA,Passenger Car,MEXICO
3ME,979,"FORD MOTOR COMPANY, MEXICO",MERCURY,Passenger Car,MEXICO
3MF,966,BMW AG,BMW,Passenger Car,GERMANY
3MV,1083,MAZDA MOTOR MANUFACTURING DE MEXICO S.A. DE C.V.,MAZDA,Multipurpose Passenger Vehicle (MPV),MEXICO
3MW,966,BMW AG,BMW,Passenger Car,GERMANY
3MY,1083,MAZDA MOTOR MANUFACTURING DE MEXICO S.A. DE C.V.,TOYOTA,Passenger Car,MEXICO
3MZ,1083,MAZDA MOTOR MANUFACTURING DE MEXICO S.A. DE C.V.,MAZDA,Passenger Car,MEXICO
3N1,999,"NISSAN MEXICANA, S.A. DE C.V.","NISSAN, INFINITI",Passenger Car,MEXICO
3N6,999,"NISSAN MEXICANA, S.A. DE C.V.","CHEVROLET, NISSAN, INFINITI",Truck,MEXICO
3N8,999,"NISSAN MEXICANA, S.A. DE C.V.",NISSAN,Multipurpose Passenger Vehicle (MPV),MEXICO
3N9001,17100,NACIONAL DE CARROCERIAS SA DE CV,,Trailer,MEXICO
3N9005,7299,"NORTH AMERICAN TRAILER, S.A. DE C.V.",,Trailer,UNITED STATES (USA)
3N9018,25276,NADISER S.A. DE C.V.,,Trailer,
3NE,1132,POLARIS INDUSTRIES INC.,POLARIS,Motorcycle,MEXICO
3NG,22309,METALIUM INDUSTRIES S. DE R.L. DE C.V.,METALIUM INDUSTRIES,Trailer,MEXICO
3NK,15763,KENWORTH MEXICANA SA DE CV,KENWORTH,Incomplete Vehicle,MEXICO
3NM,15763,KENWORTH MEXICANA SA DE CV,KENWORTH,Truck,
3NS,1132,POLARIS INDUSTRIES INC.,POLARIS,Motorcycle,MEXICO
3NT,23483,IVAN NEUFELD TEICHROEB,IRON STAR(IVAN NEUFELD TEICHROEB),Trailer,
3P3,1002,CHRYSLER DE MEXICO TOLUCA,PLYMOUTH,Passenger Car,MEXICO
3P4,1002,CHRYSLER DE MEXICO TOLUCA,PLYMOUTH,Multipurpose Passenger Vehicle (MPV),MEXICO
3P5,1002,CHRYSLER DE MEXICO TOLUCA,PLYMOUTH,Bus,MEXICO
3P6,1002,CHRYSLER DE MEXICO TOLUCA,PLYMOUTH,Incomplete Vehicle,MEXICO
3P7,1002,CHRYSLER DE MEXICO TOLUCA,PLYMOUTH,Truck,MEXICO
3P9000,11213,OPERBUS S.A. DE C.V.,,Trailer,UNITED STATES (USA)
3P9026,14211,"PRODUCTOS Y SERVICIOS REGGER, S.A. DE C.V.",,Trailer,MEXICO
3P9033,14286,PROFAB MEX SA. DE CV.,,Trailer,MEXICO
3P9034,6355,PURO REMOLQUE S.A. DE C.V.,,Trailer,MEXICO
3P9037,17688,PETER BLATZ KRAHN,,Trailer,MEXICO
3P9038,14842,"PRO FAB US, S.A. DE C.V.",,Trailer,MEXICO
3P9043,20937,PETERS MANUFACTURING S.A. DE C.V.,,Trailer,
3P9046,21032,PROFOOD AND WHEELS,,Trailer,MEXICO
3P9047,21408,CAMEX BY PROMOTORA INDUSTRIAL DE  DESARRLLO S.A. DE C.V.,,Trailer,
3PB,11213,OPERBUS S.A. DE C.V.,OPERBUS S.A DE C.V.,Trailer,
3PC,997,"NISSAN NORTH AMERICA, INC.","NISSAN, INFINITI",Multipurpose Passenger Vehicle (MPV),MEXICO
3PE,11213,OPERBUS S.A. DE C.V.,OPERBUS S.A DE C.V.,Trailer,
3PM,24319,"PRODUCTORA DE MATERIALES TECNICOS, S.A. DE C.V.",PROMATEC,Trailer,MEXICO
3PT,14103,"INDUSTRIAS PRO ACERO MONTERREY, S.A. DE C.V.",CARMEX,Trailer,MEXICO
3R9001,7295,"RETESA REMOLQUES, TANQUES Y EQUIPOS, S.A. DE C.V.",,Trailer,MEXICO
3R9014,22748,"REMOLQUES Y ADAPTACIONES MONTERREY, SA DE CV",,Trailer,
3R9038,13800,REMOLQUES NARIZON,,Trailer,MEXICO
3R9050,21507,REMOLQUES JARSA S.A. DE C.V.,,Trailer,
3R9075,14260,RICCO TRAILERS S.A. DE C.V.,,Trailer,MEXICO
3R9116,22909,JEGA TRAILERS DE MEXICO SA DE CV,,Trailer,MEXICO
3R9173,11852,"REDMAN MANUFACTURAS, S.A. DE C.V.",,Trailer,MEXICO
3R9178,21382,RODOLFO ANTONIO PULIDO BARAJAS,,Trailer,
3R9191,22547,REMOLQUES FUERTEC S. DE R.L. DE C.V.,,Trailer,MEXICO
3R9202,17123,RAWMAXX S.A. DE C.V.,,Trailer,MEXICO
3R9218,23047,"REFACCIONES Y REMOLQUES VENPOL, S.A. DE C.V.",,Trailer,MEXICO
3R9225,23543,CORVEL FOOD TRAILERS,,Trailer,MEXICO
3R9227,23498,RS UNIVERSAL MANUFACTURA,,Trailer,
3R9233,25903,ANGEL RUBEN AGUILAR ENRIQUEZ,,Trailer,
3RC,24318,REMOLQUES Y CARROCERIAS CRUZ S.A. DE C.V.,ZURC TRAILERS,Trailer,MEXICO
3S9019,18572,JOSE RAMIRO BARRERA AGUIRRE,,Trailer,MEXICO
3S9032,20881,SR NURDIN JULIAN RAMIREZ,,Trailer,MEXICO
3S9078,6321,STRUK AUTO TRANSPORTE SA DE CV,,Trailer,MEXICO
3S9088,14209,"SILOS Y TANQUES GONZALEZ, S.A. DE C.V.",,Trailer,MEXICO
3S9092,7512,SEMIREMOLQUES EL PUMA S.A. DE. C.V.,,Trailer,UNITED STATES (USA)
3S9097,14898,"SEMIREMOLQUES EL PAISANO, S.A. DE C.V.",,Trailer,UNITED STATES (USA)
3S9100,22067,SULTANA CARROCERIAS S.A. DE C.V.,,Trailer,
3S9103,20829,SUSANA NEUFELD KNELSEN DBA NEKS,,Trailer,MEXICO
3S9104,15098,SERVICIOS INDUSTRIALES GONZALEZ S.A. DE C.V.,,Trailer,MEXICO
3S9115,19944,SOLALSA S. DE R.L. DE C.V.,,Trailer,MEXICO
3S9118,20857,SUSANA FAST KLASSEN,,Trailer,
3S9120,21965,SPECIALIZED TRAILERS SA DE CV,,Trailer,MEXICO
3S9121,20944,SERVICIOS Y MANUFACTURAS AHGO SA DE CV,,Trailer,MEXICO
3S9123,23631,SUMACORTEC S.A. DE C.V.,,Trailer,
3S9124,22291,SANDRA DAVALOS SANCHEZ,,Trailer,
3S9127,23100,"SERVICIOS DE FABRICACION LEM, S. DE R.L. DE C.V.",,Trailer,MEXICO
3S9129,14328,"SVIFFLUG, S. DE R.L. DE C.V.",,Trailer,MEXICO
3S9132,22884,SONIA GUADALUPE RENDON MIRELES,,Trailer,MEXICO
3S9133,23343,STEEL X METAL TRANSFORMATION S DE RL MI,,Trailer,MEXICO
3S9134,23566,ST REMOLQUES S.A. DE C.V.,,Trailer,MEXICO
3S9136,23972,SINER AG,,Trailer,MEXICO
3SD,2496,STERLING TRUCKS (DAIMLER DIVISION),STERLING TRUCK,Truck,MEXICO
3T1,14248,TRAILERS Y TANQUES DE ALUMINIO S.A. DE C.V.,"TYTAL, TYTANK",Trailer,MEXICO
3T9014,6066,"TALLERES DE LA GARZA, S.A. DE C.V.",,Trailer,MEXICO
3T9021,11589,"TALLERES LOZANO, S.A. DE C.V.",,Trailer,MEXICO
3T9026,6319,TANQUES Y EQUIPOS INDUSTRIALES S.A DE C.V.,,Trailer,MEXICO
3T9049,2303,"TRINITY INDUSTRIES, INC.",,Trailer,MEXICO
3T9054,14340,"TRACTOREMOLQUES Y ADAPTACIONES, SA DE CV",,Trailer,MEXICO
3T9055,22354,TRAYLFER S.A. DE C.V.,,Trailer,
3T9064,9736,TAVASCI REMOLQUES Y MANUFATURAS METALICAS,,Trailer,MEXICO
3T9081,14214,"TANQUES Y REMOLQUES SILMEX, S.A. DE C.V.",,Trailer,MEXICO
3T9120,20879,"TRACTOCAMIONES Y CARROCERIAS ""REMADA""",,Trailer,MEXICO
3T9138,14547,"T&R TALLERES, S.A. DE C.V.",,Trailer,MEXICO
3T9179,10736,TRAILERS TANDEMS Y MAQUINAS S.A. DE C.V.,,Trailer,UNITED STATES (USA)
3T9180,19196,TMI TRAILER MECHANIC INTERNATIONAL S.A DE C.V.,,Trailer,MEXICO
3T9200,6068,TANQUES Y REMOLQUES CENTAURO S.A. DE C.V.,,Trailer,MEXICO
3T9205,17690,TANQUES DE ACERO DEL BRAVO S.A. DE C.V.,,Trailer,MEXICO
3T9206,14210,"TANQUES Y REMOLQUES SOL, S.A. DE C.V.",,Trailer,MEXICO
3T9208,11947,TRACTO DE MONTERREY Y ASOCIADOS SA DE CV,,Trailer,MEXICO
3T9209,19290,TRANSFORMACION Y TRANSPORTE SA DE CV,,Trailer,MEXICO
3T9210,14454,TRIGO SELECT PREFABRICADOS S. DE R.L. DE C.V.,,Trailer,MEXICO
3T9227,19010,"TANQUES Y REMOLQUES GUERRA, SA DE CV",,Trailer,MEXICO
3T9251,21964,TRAILER SHOP S.A. DE C.V.,,Trailer,MEXICO
3T9252,20366,TGC MANUFACTURING SA DE CV,,Trailer,MEXICO
3T9253,21556,TARENO SA DE CV,,Trailer,
3T9254,22102,TTNMX S. DE R.L. DE C.V..,,Trailer,
3TH,22283,"INLAND TRAILER, S. DE R.L. DE C.V.",INLAND TRAILER,Trailer,MEXICO
3TK,13498,TRAIL KING INDUSTRIES,TRAIL KING INDUSTRIES,Trailer,MEXICO
3TM,1059,TOYOTA MOTOR MFG DE BAJA CALIFORNIA S DE RL DE CV,TOYOTA,Truck,MEXICO
3TY,19521,TOYOTA MOTOR MANUFACTURING DE GUANAJUATO,TOYOTA,Truck,MEXICO
3TZ,23032,"TALLERES ZUBIRIA, S.A. DE C.V.",ZUBIRIA,Trailer,MEXICO
3U9009,22555,ULTRA LEASE S. DE R.L. DE C.V.,,Trailer,MEXICO
3UT,10289,UTILITY TRAILER MANUFACTURING COMPANY,UTILITY TRAILER MANUFACTURER,Trailer,MEXICO
3V3,22888,VEQOR S.A. DE C.V.,VEQOR,Trailer,MEXICO
3V4,25481,"VOLVO GROUP OPERATIONS MEXICO, S.A. DE C.V.",VOLVO TRUCK,Truck,MEXICO
3V6,25481,"VOLVO GROUP OPERATIONS MEXICO, S.A. DE C.V.",VOLVO TRUCK,Incomplete Vehicle,MEXICO
3V9021,17971,VIMAR TRAILERS,,Trailer,MEXICO
3V9026,21052,VERONICA ALFARO SEGOVIA,,Trailer,MEXICO
3VD,15365,TECNICA AUTOMOTRIZ DEL NOROESTE SA,TANSA,Trailer,MEXICO
3VV,16478,VOLKSWAGEN DE MEXICO SA DE CV,VOLKSWAGEN,Multipurpose Passenger Vehicle (MPV),MEXICO
3VW,16478,VOLKSWAGEN DE MEXICO SA DE CV,VOLKSWAGEN,Passenger Car,MEXICO
3W1,22003,"WEST VALLEY, S.A. DE C.V.",WEST VALLEY MANUFACTURING,Trailer,
3WK,1032,KENWORTH TRUCK COMPANY,KENWORTH,Truck,MEXICO
3WM,15763,KENWORTH MEXICANA SA DE CV,KENWORTH,Truck,MEXICO
3WP,1033,PETERBILT MOTORS COMPANY,PETERBILT,Truck,MEXICO
3X1,25481,"VOLVO GROUP OPERATIONS MEXICO, S.A. DE C.V.",MACK,Truck,MEXICO
3X2,25481,"VOLVO GROUP OPERATIONS MEXICO, S.A. DE C.V.",MACK,Incomplete Vehicle,MEXICO
3XK,15763,KENWORTH MEXICANA SA DE CV,KENWORTH,Truck,MEXICO
401,18318,THE SCOTTY COMPANY,THE SCOTTY COMPANY,Trailer,UNITED STATES (USA)
405,12546,ESCORT TRAILER CORPORATION,ESCORT TRAILER CORP.,Trailer,UNITED STATES (USA)
406,17985,R AND S TRAILERS INC.,R AND S TRAILERS INC.,Trailer,UNITED STATES (USA)
407,10831,LOAD EAZ TRAILER CORPORATION,LOAD EAZ,Trailer,UNITED STATES (USA)
408,15436,AUTOMATIC EQUIPMENT MFG.,KAR-TOTE,Trailer,UNITED STATES (USA)
40B,16079,CHARLES H. BURKETT'S  AUTORAMA,BURKETT'S AUTORAMA,Trailer,UNITED STATES (USA)
40F,15360,TALBERT MANUFACTURING INC.,TALBERT,Trailer,UNITED STATES (USA)
40G,5027,B & T MANUFACTURING DBA  XTREME TRAILER,B & T MANUFACTURING DBA XTREME TRAILER,Trailer,UNITED STATES (USA)
40H,18056,"HITCHCO, INC.","HITCHCO, INC.",Trailer,UNITED STATES (USA)
40K,5193,"CAMP INDUSTRIES, INC",CAMP,Trailer,UNITED STATES (USA)
40L,5732,PACE AMERICAN OF  INDIANA  INC.,PACE AMERICAN,Trailer,UNITED STATES (USA)
40M,4750,"MOBILE TRAVELER, INC.","MOBILE TRAVELER, INC.",Trailer,UNITED STATES (USA)
40N,18135,"CHESSLINE, INC.","CHESSLINE, INC.",Trailer,UNITED STATES (USA)
40R,18218,"BOAT TRAILERS PACIFIC, INC. DBA PACIFIC TRAILERS",PACIFIC TRAILERS,Trailer,UNITED STATES (USA)
40T,17672,KRISS MFG & MACHINE INC,KRISS MFG. & MACHINE,Trailer,UNITED STATES (USA)
40Z,15461,"BILL'S WELDING SHOP, INC  DBA CUSTOM HAULER",CUSTOM HAULER,Trailer,UNITED STATES (USA)
410,4018,CAJUN GEAR,CAJUN GEAR INC,Trailer,UNITED STATES (USA)
41B,17832,MCCULLOUGH TRAILER CORPORATION,MCCULLOUGH TRAILER CORPORATION,Trailer,UNITED STATES (USA)
41C,18059,C.D. SPECTRUM INC.,C.D. SPECTRUM INC.,Trailer,UNITED STATES (USA)
41G,17914,BETHANY WELDING INC.,BETHANY WELDING INC.,Trailer,UNITED STATES (USA)
41S,4734,SUPERIOR COACHES,SUPERIOR COACHES,Truck,UNITED STATES (USA)
41U,17980,DACUS MANUFACTURING INC.,DACUS MANUFACTURING INC.,Trailer,UNITED STATES (USA)
41Y,15733,BEAR TRAILERS,BEAR TRAILER MANUFACTURING,Trailer,UNITED STATES (USA)
41Z,18327,"KUKER INDUSTRIES, INC.",THE KUKER LINE,Trailer,UNITED STATES (USA)
420,4819,"J & J MARINE SERVICES, INC.",J & J MARINE SERVICES,Trailer,UNITED STATES (USA)
421,17704,DOMINION BOATS,"RETRACT-O-CRAFT, INC.",Trailer,UNITED STATES (USA)
428,18077,KAMPLITE MFG. CORP.,KAMPLITE,Trailer,UNITED STATES (USA)
42E,4600,"ECONOLINE TRAILERS, INC.","ECONOLINE TRAILER, INC",Trailer,UNITED STATES (USA)
42F,18328,"WILDWOOD TRAVELER, INC.","WILDWOOD TRAVELER, INC.",Trailer,UNITED STATES (USA)
42K,9642,FOUR WINNS BOATS LLC,FOUR WINNS,Trailer,UNITED STATES (USA)
42N,17933,"MIDWEST TRAILERS OF SIKESTON, INC.","MIDWEST TRAILERS OF SIKESTON, INC.",Trailer,UNITED STATES (USA)
42X,1658,"JDCI ENTERPRISES, INC.",JDCI ENTERPRISES INC.,Trailer,UNITED STATES (USA)
431,1252,"CROSS COUNTRY MFG., INC.",CROSS COUNTRY,Trailer,UNITED STATES (USA)
432,17325,STROMAN INDUSTRIES LLC DBA FALCON TRAILERWORKS,FALCON TRAILERWORKS,Trailer,UNITED STATES (USA)
433,18245,KKM ENTERPRISES,KKM ENTERPRISES,Motorcycle,UNITED STATES (USA)
435,18136,"VANGUARD TRAILER, INC.","VANGUARD TRAILER, INC.",Trailer,UNITED STATES (USA)
438,18004,SIKESTON TRAILER SALES,SIKESTON TRAILER SALES,Trailer,UNITED STATES (USA)
43A,17258,CCG CORPORATION,CCG CORPORATION,Trailer,UNITED STATES (USA)
43C,2036,"CONSULIER INDUSTRIES, INC.",CONSULIER GTP,Passenger Car,UNITED STATES (USA)
43K,18085,"TRAILMASTER, INC.","TRAILMASTER, INC.",Trailer,UNITED STATES (USA)
43M,17056,MONARCH-MCLAREN,MONARCH-MCLAREN,Trailer,UNITED STATES (USA)
43N,18349,"LGS CHASSIS, INC.","LGS CHASSIS, INC.",Incomplete Vehicle,UNITED STATES (USA)
43Z,9978,"U-DUMP TRAILERS, LLC",U-DUMP TRAILERS LLC,Trailer,UNITED STATES (USA)
44F,18248,"EISCHEN MANUFACTURING CO, INC.","EISCHEN MANUFACTURING CO, INC.",Trailer,UNITED STATES (USA)
44K,5575,"HME, INC.",HME,Incomplete Vehicle,UNITED STATES (USA)
44L,11933,"JIM-GLO TRAILERS, LLC","JIM-GLO TRAILERS, TRADING AS JIMGLO TRAILERS",Trailer,UNITED STATES (USA)
44M,17329,"KING'S TRAVELER, INC","KING'S TRAVELER, INC",Trailer,UNITED STATES (USA)
44R,5872,"GLOBE TRAILER MANUFACTURING, INC.",GLOBE TRAILER MANUFACTURING,Trailer,UNITED STATES (USA)
44U,3229,TRAILERS UNLIMITED OF ARLINGTON,TRAILERS UNLIMITED OF ARLINGTON,Trailer,UNITED STATES (USA)
44V,18251,AMERICAN ROAD TRAILERS,AMERICAN ROAD TRAILERS,Trailer,UNITED STATES (USA)
44X,12856,DIVELY MFG CO INC,DIVELY MFG. CO.,Trailer,UNITED STATES (USA)
44Y,15443,METRO FAB INC,METRO FAB INC,Trailer,UNITED STATES (USA)
44Z,18227,C & S TRAILER WORLD,C & S TRAILER WORLD,Trailer,UNITED STATES (USA)
450,17069,ATLAS COPCO,ATLAS COPCO,Trailer,UNITED STATES (USA)
455,4410,ISLAND SERVICES INC. DBA A-1 HITCH AND TRAILER SALES,"A-1 HITCH & TRAILER SALES, INC.",Trailer,UNITED STATES (USA)
456,11228,WOOD-MIZER PRODUCTS INC,"WOOD-MIZER PRODUCTS, INC.",Trailer,UNITED STATES (USA)
458,22194,ARKANSAS BOATS LLC,ARKANSAS BOATS LLC,Trailer,UNITED STATES (USA)
459034,9907,"SPEED AND CUSTOM ENTERPRISES,LLC",,Motorcycle,UNITED KINGDOM (UK)
45D,17848,"SUPERTRAIL MANUFACTURING CO., INC.","SUPERTRAIL MANUFACTURING CO., INC.",Trailer,UNITED STATES (USA)
45E,2094,AMERICAN TRAVEL SYSTEMS INC.,"AMERICAN TRAVEL SYSTEMS, INC.",Trailer,UNITED STATES (USA)
45G,18336,L & L MANUFACTURING,L & L MANUFACTURING,Trailer,UNITED STATES (USA)
45J,1853,"J.Q. TEX, INC.",TRAILMASTER/VANGUARD,Trailer,UNITED STATES (USA)
45L,10944,SEALION METAL FABRICATORS,SEALION METAL FABRICATORS,Trailer,UNITED STATES (USA)
45S,17839,"SCOTTSMAN MANUFACTURING CO., INC.","SCOTTSMAN MANUFACTURING CO., INC.",Trailer,UNITED STATES (USA)
45T,17859,"TOM'S TRAILERS, INC.","TOM'S TRAILERS, INC.",Trailer,UNITED STATES (USA)
45V,7099,UTILIMASTER CORPORATION,UTILIMASTER MOTOR CORPORATION,Truck,UNITED STATES (USA)
45W,7099,UTILIMASTER CORPORATION,UTILIMASTER MOTOR CORPORATION,Incomplete Vehicle,UNITED STATES (USA)
45Z,7436,AIRSTREAM INC.,AIRSTREAM INC.,Trailer,UNITED STATES (USA)
465,17733,ROBERTS METAL MANUFACTURING COMPANY,ROBERTS METAL MANUFACTURING COMPANY,Trailer,UNITED STATES (USA)
467,17837,CARGO PLUS,CARGO PLUS,Trailer,UNITED STATES (USA)
468,18048,SPIRIT TRAILER MFG.,SPIRIT TRAILER MFG.,Trailer,UNITED STATES (USA)
46E,5498,EAZ-LIFT SPRING CORPORATION,EAZ-LIFT SPRING CORPORATION,Trailer,UNITED STATES (USA)
46F,18351,VIRONEX OF ILLINOIS INC.,VIRONEX OF ILLINOIS INC.,Incomplete Vehicle,UNITED STATES (USA)
46G,1118,GILLIG LLC,GILLIG,Incomplete Vehicle,UNITED STATES (USA)
46P,17734,PERRY'S MANUFACTURING COMPANY,PERRY'S MANUFACTURING COMPANY,Trailer,UNITED STATES (USA)
46U,16231,"ROADCLIPPER ENTERPRISES, INC.","DIAMOND C TRAILER MFG., ROADCLIPPER ENTERPRISES, INC.",Trailer,UNITED STATES (USA)
46V,17725,"TRANS NATIONAL TRAILERS, INC. T.N.T.","TRANS NATIONAL TRAILERS, INC.",Trailer,UNITED STATES (USA)
46X,17884,"RHEA'S TRAILER SALES, INC.","RHEA'S TRAILER SALES, INC.",Trailer,UNITED STATES (USA)
46Y,11258,"WESTERN WORLD, INC.","WESTERN WORLD, INC.",Trailer,UNITED STATES (USA)
472,17724,"EVANS STEEL FABRICATIONS, INC.","EVANS STEEL FABRICATIONS, INC.",Trailer,UNITED STATES (USA)
473,1290,"CRONKHITE INDUSTRIES, INC.",CRONKHITE INDUSTRIES,Trailer,UNITED STATES (USA)
475,3113,PARKWOOD HOMES,"PARKWOOD HOMES, INC.",Trailer,UNITED STATES (USA)
478,988,"AMERICAN HONDA MOTOR CO., INC.",HONDA,Motorcycle,UNITED STATES (USA)
47C,11811,DUTCHMEN MANUFACTURING INC.,DUTCHMEN MANUFACTURING,Trailer,UNITED STATES (USA)
47E,17740,"RODCO MANUFACTURING, INC.",RODCO MANUFACTURING INCORPORATED,Trailer,UNITED STATES (USA)
47G,11315,VENTURE TRAILERS INC.,VENTURE TRAILERS,Trailer,UNITED STATES (USA)
47K,18339,PULL PROVEN PRODUCTS,PULL PROVEN PRODUCTS,Trailer,UNITED STATES (USA)
47M,17769,TRAILER ENGINEERING CO.,TRAILER ENGINEERING CO.,Trailer,UNITED STATES (USA)
47N,18298,"TRAILER COMPONENTS OF FLORIDA, INC.","TRAILER COMPONENTS OF FLORIDA, INC.",Trailer,UNITED STATES (USA)
47S,12368,"REDI-HAUL TRAILERS, INC.",REDI-HAUL,Trailer,UNITED STATES (USA)
47T,18291,CROSSROADS INDUSTRIES,CROSSROADS INDUSTRIES,Trailer,UNITED STATES (USA)
47X,18020,GOLDEN EAGLE TRAILER MANUFACTURING & WELDING WORKS,GOLDEN EAGLE TRAILER MANUFACTURING & WELDING WORKS,Trailer,UNITED STATES (USA)
47Y,2149,"EMPIRE RV'S, INC.",EMPIRE RV'S INC.,Trailer,UNITED STATES (USA)
47Z,1490,PACE AMERICAN OF TEXAS INC.,PACE AMERICAN,Trailer,UNITED STATES (USA)
480,2496,STERLING TRUCKS (DAIMLER DIVISION),STERLING TRUCK,Truck,UNITED STATES (USA)
483,17743,"T&L MANUFACTURING CO., INC. TOW DOLLIE DIVISION","T&L MANUFACTURING CO., INC.",Trailer,UNITED STATES (USA)
486,17737,"THE BEEVERS, INC.","THE BEEVERS, INC.",Trailer,UNITED STATES (USA)
487,18312,POSEY LUMBER & MFG.,POSEY LUMBER & MFG.,Trailer,UNITED STATES (USA)
48A,17850,SUPERIOR ALUMINUM TRAILER MFG.,SUPERIOR ALUMINUM TRAILER MFG.,Trailer,UNITED STATES (USA)
48B,9389,"UNITED EXPRESS LINE, INC.",UNITED EXPRESSLINE,Trailer,UNITED STATES (USA)
48D,17489,"STROKER CYCLES, INC",STROKER CYCLES INC,Motorcycle,UNITED STATES (USA)
48E,18299,"TRI-QUEST, INC.","TRI-QUEST, INC.",Trailer,UNITED STATES (USA)
48G,10106,KISER WELDING,KISER WELDING,Trailer,UNITED STATES (USA)
48K,5377,"HORNET INDUSTRIES, INC.","HORNET INDUSTRIES, INC.",Trailer,UNITED STATES (USA)
48L,12995,"COMPUTER DESIGNED CHASSIS, INC.",COMPUTER DESIGNED CHASSIS INC.,Incomplete Vehicle,UNITED STATES (USA)
48M,17318,"BUILT-RITE TRAILERS, INC","BUILT-RITE TRAILERS, INC",Trailer,UNITED STATES (USA)
48S,5794,TRANSI-CORP,TRANSI-CORP,Incomplete Vehicle,UNITED STATES (USA)
48X,10839,"TRAVIS BODY & TRAILER, INC.","TRAVIS BODY & TRAILER, INC.",Trailer,UNITED STATES (USA)
48Z,5466,GARDEN STATE CHASSIS REMANUFACTURING INC,GARDEN STATE CHASSIS REMANUFACTURING INC,Trailer,UNITED STATES (USA)
491,18311,"GILPIN'S WELDING & MACHINE WORKS, INC.","GILPIN'S WELDING & MACHINE WORKS, INC.",Trailer,UNITED STATES (USA)
492,23853,MEB TRAILER SALES,MEB TRAILER SALES,Trailer,UNITED STATES (USA)
493,18358,CIRCLE H TRAILER COMPANY,CIRCLE H TRAILER COMPANY,Trailer,UNITED STATES (USA)
495,17335,"AGA GAS CENTRAL, INC","AGA GAS CENTRAL, INC",Trailer,UNITED STATES (USA)
49D,17749,WTM COMMUNICATIONS,WTM COMMUNICATIONS,Trailer,UNITED STATES (USA)
49E,10600,SKYLINE CORPORATION,SKYLINE CORPORATION,Trailer,UNITED STATES (USA)
49G,2997,"POLY-JOHN INTERNATIONAL CORP., TRAILER DIVISION","TECHNICAL MOBILE STRUCTURES, INC.",Trailer,UNITED STATES (USA)
49H,2496,STERLING TRUCKS (DAIMLER DIVISION),STERLING TRUCK,Truck,UNITED STATES (USA)
49K,17785,BUSHTEE MANUFACTURING & SALES INC.,BUSHTEE MANUFACTURING & SALES INC.,Trailer,UNITED STATES (USA)
49M,4618,MORITZ INTERNATIONAL INC.,MORITZ INC.,Trailer,UNITED STATES (USA)
49S,16019,"TRAILS WEST MANUFACTURING OF IDAHO, INC.",TRAILS WEST MANUFACTURING,Trailer,UNITED STATES (USA)
49T,3943,"CONTRACT MANUFACTURER, LLC",CM,Trailer,UNITED STATES (USA)
49Y,17267,MATHEWS MECHANICAL CONTRACTORS,MATHEWS MECHANICAL CONTRACTORS INC,Trailer,UNITED STATES (USA)
49Z,16765,QUALITY PRODUCTS,QUALITY PRODUCTS,Trailer,UNITED STATES (USA)
4A0,4507,NEAL MANUFACTURING COMPANY INC,NEAL MANUFACTURING,Trailer,UNITED STATES (USA)
4A2,5943,"M.H. EBY, INC.","M.H. EBY, INC",Trailer,UNITED STATES (USA)
4A3,1054,MITSUBISHI MOTORS NORTH AMERICA,MITSUBISHI,Passenger Car,UNITED STATES (USA)
4A4,1054,MITSUBISHI MOTORS NORTH AMERICA,MITSUBISHI,Multipurpose Passenger Vehicle (MPV),UNITED STATES (USA)
4A5,19081,CLARION MOTORS CORP,CLARION MOTORS CORP.,Trailer,UNITED STATES (USA)
4A6,16945,SAN DIEGO CUSTOM TRAILER & LIQUID TANK MFG.,SAN DIEGO CUSTOM TRAILER & LIQUID TANK MFG.,Trailer,UNITED STATES (USA)
4A7,17800,TWO-K MANUFACTURING,TWO-K MANUFACTURING,Trailer,UNITED STATES (USA)
4A8,17801,K & W LOAD STAR,K & W LOAD STAR,Trailer,UNITED STATES (USA)
4A9003,13787,ABLE INDUSTRIES,,Trailer,UNITED STATES (USA)
4A9007,13567,"ARMADILLO CAMPER KITS, INC.",,Trailer,UNITED STATES (USA)
4A9008,13644,ADVANCED TRAILER SOLUTIONS INC.,,Trailer,UNITED STATES (USA)
4A9009,15969,"ADVANCED TECHNOLOGY AUTOMOTIVE COMPANY, LLC.",,Motorcycle,UNITED STATES (USA)
4A9010,13848,AA MUFFLER AND WELDING LLC,,Trailer,UNITED STATES (USA)
4A9012,13912,AMAR MOTOR DEVELOPMENT,,Truck,UNITED STATES (USA)
4A9013,18583,"AMERICAN INFRASTRUCTURE, LLC",,Trailer,UNITED STATES (USA)
4A9014,14716,"AG DRYER SERVICES, INC.",,Trailer,UNITED STATES (USA)
4A9015,14213,"APPLIQUE TECHNOLOGIES INTERNATIONAL, LLC",,Trailer,UNITED STATES (USA)
4A9020,14968,"AWOL OUTDOORS, INC. D/B/A CAMP365",,Trailer,UNITED ARAB EMIRATES
4A9021,15001,"ATLAS LIFT TRAILERS, INC.",,Trailer,UNITED STATES (USA)
4A9022,15551,"AERO TEARDROPS, LLC",,Trailer,UNITED STATES (USA)
4A9026,18963,AUTOMATED BIOMASS SYSTEMS LLC,,Trailer,UNITED STATES (USA)
4A9031,15593,AUTO MOTION INDUSTRIES INC.,,Trailer,UNITED STATES (USA)
4A9033,15576,ATOMIC ELECTRIC VEHICLES,,Low Speed Vehicle (LSV),UNITED STATES (USA)
4A9035,15722,ANDROS ENGINEERING,,Trailer,UNITED STATES (USA)
4A9037,15719,ANYTHING GOES CYCLES LLC,,Motorcycle,UNITED STATES (USA)
4A9040,15780,AERO TRAILERS LLC,,Trailer,UNITED STATES (USA)
4A9043,15904,"APPLIED INTEGRATION TECHNOLOGIES, LLC",,Multipurpose Passenger Vehicle (MPV),UNITED STATES (USA)
4A9045,16037,"ASYLUM HARDWARE, LLC DBA TETONX",,Trailer,UNITED STATES (USA)
4A9046,16036,ACELA TRUCK COMPANY,,Truck,
4A9048,16039,"AXIS UNLIMITED, LLC.",,Trailer,UNITED STATES (USA)
4A9050,16325,AYRO INC,,Low Speed Vehicle (LSV),UNITED STATES (USA)
4A9053,16342,AIRBOAT STUFF LLC,,Trailer,UNITED STATES (USA)
4A9056,16311,"ASPIRETEC, INC.",,Trailer,UNITED STATES (USA)
4A9058,16472,AUTO-MANIA,,Trailer,UNITED STATES (USA)
4A9060,16555,ARC SALES AND SERVICE,,Trailer,UNITED STATES (USA)
4A9061,16563,AMERICAN TRAILER AND MANUFACTURING LLC,,Trailer,
4A9062,18830,AAA TRAILER SALES LLC,,Trailer,UNITED STATES (USA)
4A9064,16814,ALASKA FRONTIER FABRICATION LLC,,Trailer,UNITED STATES (USA)
4A9066,16784,ALUMATREK CUSTOM ALUMINUM TRAILERS INC,,Trailer,UNITED STATES (USA)
4A9067,17117,"ADVANCED ONSITE SERVICES, LLC",,Trailer,UNITED STATES (USA)
4A9071,17539,ALTITUDE TEARDROP COMPANY LLC,,Trailer,UNITED STATES (USA)
4A9072,17611,AVAILABLE MATERIAL HANDLING,,Trailer,UNITED STATES (USA)
4A9073,12109,"ARMOR LITE TRAILER MFG, LLC",,Trailer,UNITED STATES (USA)
4A9074,18804,"ADVANCED MARINE PERFORMANCE, LLC",,Trailer,UNITED STATES (USA)
4A9075,17745,ALUMAICE LLC,,Trailer,UNITED STATES (USA)
4A9078,17692,ALMIGHTY TRAILERS LLC.,,Trailer,UNITED STATES (USA)
4A9079,17746,ARRIBA CUEBALL TRAILER MFG L.L.C.,,Trailer,UNITED STATES (USA)
4A9080,17862,AMP'D UP TRAILERS,,Trailer,UNITED STATES (USA)
4A9081,18343,AMERICAN TRAILER MFG,,Trailer,UNITED STATES (USA)
4A9082,17865,AMERICAN MOBILE VENDING INC.,,Trailer,UNITED STATES (USA)
4A9083,20140,ALUMI TECH PRODUCTS INC,,Trailer,UNITED STATES (USA)
4A9084,18069,"AUGUST METAL WORKS, LLC",,Trailer,UNITED STATES (USA)
4A9085,18082,"AIR BURNERS, INC.",,Trailer,UNITED STATES (USA)
4A9087,17999,"ATF MFG, LLC",,Trailer,UNITED STATES (USA)
4A9088,18123,AMAZING TRAILERS INC,,Trailer,UNITED STATES (USA)
4A9089,18143,"ACCELERATED SPEED DYNAMICS, INC",,Trailer,UNITED STATES (USA)
4A9091,18268,"ACCELERATED MEDIA TECHNOLOGIES, INC",,Trailer,UNITED STATES (USA)
4A9093,18397,"AMERICAN CONTROL AND ENGINEERING SERVICE, INC.",,Trailer,UNITED STATES (USA)
4A9095,18407,ALVEY WELDING LLC,,Trailer,UNITED STATES (USA)
4A9097,18429,"ADVANTAGE TRAILER, LLC",,Trailer,UNITED STATES (USA)
4A9098,18452,ALIEN VEHICLES,,Motorcycle,UNITED STATES (USA)
4A9099,18462,AREA 51 GLOBAL LOGISTICS LLC,,Trailer,UNITED STATES (USA)
4A9101,18539,ASSAULT TRAILERS LLC,,Trailer,UNITED STATES (USA)
4A9105,18649,AAA MARINE TRAILERS LLC.,,Trailer,UNITED STATES (USA)
4A9106,18770,ALPINE TRAILERS L.L.C.,,Trailer,UNITED STATES (USA)
4A9111,18787,"ADVENTURE VENTURES, LLC",,Trailer,UNITED STATES (USA)
4A9112,18805,ASTRO HAVEN ENTERPRISES,,Trailer,UNITED STATES (USA)
4A9113,17223,ALLOY CUSTOM PRODUCTS LLC,,Trailer,UNITED STATES (USA)
4A9114,21651,AMBUSH OUTDOOR PRODUCTS,,Trailer,UNITED STATES (USA)
4A9115,18899,A & K WELDING & REPAIR,,Trailer,UNITED STATES (USA)
4A9116,18982,ARC ZONE LLC,,Trailer,UNITED STATES (USA)
4A9126,19249,ALLIED TRAILER WORKS (ATW),,Trailer,UNITED STATES (USA)
4A9128,19293,ALPHA BOATS UNLIMITED DBA OF BARBER WELDING INC.,,Trailer,UNITED STATES (USA)
4A9129,19311,ARROW TANK AND ENGINEERING CO.,,Trailer,UNITED STATES (USA)
4A9130,19320,ATLANTIC COAST EXOTICS LLC,,Low Speed Vehicle (LSV),UNITED STATES (USA)
4A9132,19469,AMW TRAILERS LLC,,Trailer,UNITED STATES (USA)
4A9133,19441,ANACONDA MANUFACTURING LLC,,Trailer,UNITED STATES (USA)
4A9134,9987,ALL ABOUT TRAILERS,,Trailer,UNITED STATES (USA)
4A9137,19471,AQUAHAWK ENERGY LLC,,Trailer,UNITED STATES (USA)
4A9138,19524,AMERICAN CARTS,,Low Speed Vehicle (LSV),UNITED STATES (USA)
4A9140,19702,A TO Z METAL WORKS,,Trailer,UNITED STATES (USA)
4A9142,24273,AMERICAN MADE QUALITY ALUMINUM TRAILERS,,Trailer,
4A9143,19638,"AERO BUILD, LLC",,Trailer,UNITED STATES (USA)
4A9144,19774,ADVANCED ENGINEERED SALES LLC,,Trailer,UNITED STATES (USA)
4A9147,16784,ALUMATREK CUSTOM ALUMINUM TRAILERS INC,,Trailer,UNITED STATES (USA)
4A9149,19754,AMERICAN VINTAGE MOTORCYCLE LLC,,Motorcycle,UNITED STATES (USA)
4A9150,19769,ACKER-BUILT,,Trailer,UNITED STATES (USA)
4A9151,21018,ADVANCED MANUFACTURING FABRICATION,,Trailer,UNITED STATES (USA)
4A9152,19795,"AUTOMATED WELLHEAD COMPRESSION, LLC",,Trailer,UNITED STATES (USA)
4A9153,19822,APM MANUFACTURING,,Trailer,UNITED STATES (USA)
4A9154,19826,ALL ROAD MANUFACTURING,,Trailer,UNITED STATES (USA)
4A9155,20966,"ARCTICMAX, LLC",,Trailer,
4A9156,19887,AMERICAN VACUUM TRAILER CORP,,Trailer,UNITED STATES (USA)
4A9157,19870,"ART'S WAY MANUFACTURING COMPANY, INC.",,Trailer,UNITED STATES (USA)
4A9158,20251,"ALL CUSTOM FABRICATIONS, INC",,Trailer,UNITED STATES (USA)
4A9160,20023,AEROTECH COATINGS LLC,,Trailer,UNITED STATES (USA)
4A9161,19994,AMERICAN NOMAD MANUFACTURING,,Trailer,UNITED STATES (USA)
4A9162,20010,ALLOY WELDING AND FABRICATING INC.,,Trailer,UNITED STATES (USA)
4A9163,20142,ALLEN'S PUMP AND RENTALS,,Trailer,UNITED STATES (USA)
4A9164,20102,A1 FOOD TRUCK DEPOT LLC,,Trailer,UNITED STATES (USA)
4A9165,20020,AUSRV INC.,,Trailer,UNITED STATES (USA)
4A9169,16036,ACELA TRUCK COMPANY,,Trailer,UNITED STATES (USA)
4A9170,20231,AMERICAN TANK,,Trailer,UNITED STATES (USA)
4A9171,20288,"AMERICA EV, INC.",,Low Speed Vehicle (LSV),UNITED STATES (USA)
4A9172,20504,ALLURE TRAILERS,,Trailer,UNITED STATES (USA)
4A9173,20335,AUTOCYCLE CORP LLC,,Motorcycle,UNITED STATES (USA)
4A9174,20315,A&D GOLF CARTS,,Low Speed Vehicle (LSV),UNITED STATES (USA)
4A9176,20385,"A&D TRAILER SALES, LLC",,Trailer,UNITED STATES (USA)
4A9177,20436,ABD EQUIPMENT & PARTS LLC,,Trailer,UNITED STATES (USA)
4A9178,20427,"ARMOR LITE OF TEXAS, LLC",,Trailer,UNITED STATES (USA)
4A9179,20642,AMERICAN SUPERSTAR TRAILERS,,Trailer,UNITED STATES (USA)
4A9181,20184,ALWAYS READY CART CARE LLC,,Low Speed Vehicle (LSV),UNITED STATES (USA)
4A9182,20653,AIR EASY LLC,,Motorcycle,UNITED STATES (USA)
4A9183,20385,"A&D TRAILER SALES, LLC",,Trailer,UNITED STATES (USA)
4A9185,20533,AMP TRAILERS MFG.,,Trailer,UNITED STATES (USA)
4A9187,20525,COEUR D'ALENE TINY HOMES,,Trailer,UNITED STATES (USA)
4A9188,20801,ALPHA FABRICATION,,Trailer,UNITED STATES (USA)
4A9189,20527,"ADVANCED FIELD SERVICES, LLC",,Trailer,UNITED STATES (USA)
4A9192,20746,AMERICAN Q-TEC INC.,,Motorcycle,UNITED STATES (USA)
4A9193,20746,AMERICAN Q-TEC INC.,,Trailer,UNITED STATES (USA)
4A9194,21571,A&R ECONOMY CARGO TRAILERS LLC,,Trailer,
4A9195,20699,AGAZU TRAILERS INC.,,Trailer,UNITED STATES (USA)
4A9196,20731,"ARMOR CARGO TRAILERS, LLC",,Trailer,UNITED STATES (USA)
4A9198,20721,AD METAL WORKS,,Trailer,UNITED STATES (USA)
4A9199,20727,A & P WELDING LLC,,Trailer,UNITED STATES (USA)
4A9200,20928,ASHLEY'S WELDING AND METAL FABRICATION,,Trailer,UNITED STATES (USA)
4A9201,20866,ALL STAR TRAILERS FABRICATION,,Trailer,UNITED STATES (USA)
4A9202,23406,ASTRA STAGES LLC,,Trailer,UNITED STATES (USA)
4A9203,20810,"ADM MANUFACTURING, LLC",,Trailer,UNITED STATES (USA)
4A9207,21380,"ABCMFG, INC.",,Trailer,
4A9209,21008,AIRY TRANSIT LLC,,Trailer,UNITED STATES (USA)
4A9210,21056,ALABAMA MOTOR WORKS LLC DBA MAGIC CITY AUTO WORKS,,Low Speed Vehicle (LSV),UNITED STATES (USA)
4A9212,21057,ACTIVEDOGS.COM LLC,,Trailer,UNITED STATES (USA)
4A9213,21082,A2Z MAINTENANCE LLC,,Trailer,UNITED STATES (USA)
4A9215,21173,ADVANCED BOAT PROTECTION,,Trailer,UNITED STATES (USA)
4A9216,21662,ALPACAMPER INC.,,Trailer,UNITED STATES (USA)
4A9219,21237,AIM HIGH POWER WASHING,,Trailer,
4A9220,21273,5 STAR TRAILERS CORP,,Trailer,
4A9222,22303,ATLANTIC MARINE TRAILERS,,Trailer,
4A9223,21328,ALL AMERICAN UTILITIES LLC,,Trailer,
4A9224,21352,AMBER WAVES INC.,,Trailer,UNITED STATES (USA)
4A9225,21395,APOGEE INDUSTRIES LLC,,Trailer,UNITED STATES (USA)
4A9226,21425,A2M2 TRAILERS,,Trailer,
4A9229,22536,ATHENS OVERLAND LLC,,Trailer,
4A9230,21355,ALASKA SEA KING LLC,,Trailer,UNITED STATES (USA)
4A9231,21515,AMBERS MOBILE PET SALONS INC,,Trailer,
4A9233,21698,ALWAYS DOING SOMETHING INC.,,Trailer,
4A9234,21668,ALL STATE TRAILER COMPANY,,Trailer,UNITED STATES (USA)
4A9235,21728,ANVIL TRAILER COMPANY,,Trailer,
4A9238,21646,ASHEBORO GOLF CARTS,,Low Speed Vehicle (LSV),UNITED STATES (USA)
4A9239,21693,AMP MARINE LLC.,,Trailer,
4A9240,21659,AIR-FLO MFG. CO. INC.,,Trailer,
4A9241,21855,ALPHA CARGO TRAILERS LLC.,,Trailer,
4A9243,21769,ACE METALWORKS LLC,,Trailer,
4A9244,21724,ANAMNESIS CORPORATION,,Trailer,UNITED STATES (USA)
4A9245,21853,ASTON METAL ART,,Trailer,UNITED STATES (USA)
4A9249,21952,AFFORDABLE FOOD CART RENTALS LLC,,Trailer,UNITED STATES (USA)
4A9250,21922,ALS WELDING & STEEL FAB,,Trailer,UNITED STATES (USA)
4A9251,21897,AMERICAN INTEGRATED SECURITY GROUP,,Trailer,
4A9252,21943,"ADVANCED METAL PRODUCTS,INC",,Trailer,
4A9254,21987,ASA TRANSPORTATION LLC,,Trailer,UNITED STATES (USA)
4A9255,22030,"AUDETTE MOTORCYCLE COMPANY, LLC",,Motorcycle,
4A9258,21962,"ALL GOOD EQUIPMENT COMPANY, LLC",,Trailer,UNITED STATES (USA)
4A9259,22108,"ADVENTURE COAST, LLC",,Trailer,UNITED STATES (USA)
4A9260,22088,ATC TRAILERS LLC,,Trailer,UNITED STATES (USA)
4A9261,22634,ALL OUT CUSTOM CYCLES,,Motorcycle,
4A9262,22229,ADDAX OVERLAND LLC,,Trailer,
4A9265,22305,ARCS AND ALLOYS,,Trailer,
4A9266,22636,ALL OUT CUSTOM TRAILERS,,Trailer,
4A9267,22335,ASHLEY'S CAROLINA CARS,,Low Speed Vehicle (LSV),
4A9268,23541,"CITIVIEW SURVEILLANCE, INC.",,Trailer,UNITED STATES (USA)
4A9270,21979,ARBUCKLE’S HOMES TO GO INC.,,Trailer,
4A9273,22459,ARCHE OLIVE COMPANY LLC.,,Trailer,
4A9275,22505,AMERICAN INDUSTRIAL MANUFACTURING,,Trailer,
4A9276,22685,ARROWHEAD TRAILERS,,Trailer,
4A9280,22776,ANDREWS METAL WORKS,,Trailer,
4A9282,22629,AMERICAS GENERATORS INC.,,Trailer,UNITED STATES (USA)
4A9283,22653,ARION TRAILERS INC,,Trailer,UNITED STATES (USA)
4A9285,22726,AMERICAN CUSTOM TRAILERS LLC,,Trailer,UNITED STATES (USA)
4A9287,22821,APEX ENERGY SERVICES LLC,,Trailer,
4A9288,22933,LEGACY EV LLC,,Low Speed Vehicle (LSV),UNITED STATES (USA)
4A9290,22960,"ABI ATTACHMENTS, INC",,Trailer,
4A9294,22996,ACP TRAILERS,,Trailer,
4A9296,23016,A.V. TRAILERS L.L.C.,,Trailer,
4A9297,23013,"AIRLITE TRAILERS, LLC",,Trailer,UNITED STATES (USA)
4A9299,23081,ALEMAN CUSTOM TRAILERS LLC,,Trailer,
4A9300,23084,AUTOMOTIVE RESTORATION SERVICES LLC,,Low Speed Vehicle (LSV),
4A9301,23124,AERO PRECISION METAL WORKS LLC,,Motorcycle,UNITED STATES (USA)
4A9302,23172,ALKO MFG CORP,,Trailer,
4A9303,24477,ACS MOBILE WELDING HAWAII LLC,,Trailer,
4A9304,23198,GULF OF AMERICA MANUFACTURING LLC,,Trailer,
4A9305,23300,ARK LA TEX RESTAURANT EQUIPPERS,,Trailer,UNITED STATES (USA)
4A9306,23328,"AABACO HOLDINGS, LTD.",,Trailer,
4A9307,23336,A&M TRAILER LLC,,Trailer,
4A9308,23849,ALL HAUL TRAILER'S,,Trailer,UNITED STATES (USA)
4A9309,23400,ALCANTAR CUSTOM TRAILERS,,Trailer,UNITED STATES (USA)
4A9311,23460,ALUMINA TRAILERS LLC,,Trailer,UNITED STATES (USA)
4A9313,23979,ADAGIO COLLECTIONS LLC,,Trailer,
4A9314,23730,ANIMAL HOUSING SOLUTIONS INC,,Trailer,
4A9315,21644,ADAPTIVE HUMANITY LLC,,Trailer,
4A9317,23781,AR PRO SERVICES LLC,,Trailer,
4A9318,24003,"AUSTIN MOTOR WORKS, INC.",,Low Speed Vehicle (LSV),
4A9319,23912,"ATLAS STEEL PRODUCTS, INC.",,Trailer,
4A9320,23930,AXIOM EQUIPMENT INC,,Trailer,UNITED STATES (USA)
4A9321,23935,"ALL AMERICAN CUSTOM REEL TRAILER & SUPPLIES, LLC",,Trailer,
4A9323,24163,AZURE PRINTED HOMES,,Trailer,UNITED STATES (USA)
4A9324,24072,ATLANTIC TRAILERS INC,,Trailer,UNITED STATES (USA)
4A9327,24180,AUTO BOUTIQUE LLC,,Low Speed Vehicle (LSV),UNITED STATES (USA)
4A9328,24253,ARCHITECTURE STEEL LLC,,Trailer,
4A9329,24261,A BETTER PRODUCT INC.,,Trailer,
4A9331,24330,"ADVANCED AG CONCEPTS, INC.",,Trailer,UNITED STATES (USA)
4A9334,24558,AAA TINY HOME CONSULTANTS LLC,,Trailer,
4A9337,24598,"ALSET ELECTRIC VEHICLES, LLC",,Low Speed Vehicle (LSV),UNITED STATES (USA)
4A9338,24426,"ABERDEEN POWER GROUP, LLC",,Trailer,UNITED STATES (USA)
4A9340,24681,AWAKEN RV LLC,,Trailer,UNITED STATES (USA)
4A9341,24845,AJ'S WELDING & MACHINE SHOP INC,,Trailer,UNITED STATES (USA)
4A9343,24934,ALPHA MODIFIED SYSTEMS LLC,,Trailer,UNITED STATES (USA)
4A9344,24991,A & V TRAILERS INC,,Trailer,UNITED STATES (USA)
4A9345,25245,AMERICAN EV LLC,,Low Speed Vehicle (LSV),UNITED STATES (USA)
4A9347,25211,AMERICAN VULCAN MANUFACTURING LLC,,Trailer,
4A9348,25472,AZTECA WELDING AND REPAIR,,Trailer,UNITED STATES (USA)
4A9349,25264,ATTABOY TRAILER SALES AND RENTALS,,Trailer,
4A9350,25311,AC SCOTT CONSTRUCTION LLC,,Trailer,
4A9351,25291,ALL GATES AZ LLC,,Trailer,
4A9358,16036,ACELA TRUCK COMPANY,,Incomplete Vehicle,
4A9360,25713,"ATLAS STEEL PRODUCTS, LLC",,Trailer,
4A9362,25815,ALPHIDIA LLC,,Trailer,UNITED STATES (USA)
4A9363,25861,AMX TRAILERS LLC,,Trailer,UNITED STATES (USA)
4AA,17805,PROMARK PRODUCTS INC.,PROMARK PRODUCTS INC.,Trailer,UNITED STATES (USA)
4AG,2794,"MIGHTYMOVER TRAILERS, INC.",MIGHTYMOVER TRAILERS INC,Trailer,UNITED STATES (USA)
4AJ,4226,JA-MAR MFG. INC.,JA-MAR MFG. INC.,Trailer,UNITED STATES (USA)
4AP,23277,HERITAGE TRAILERS LLC,HERITAGE CUSTOM TRAILERS,Trailer,UNITED STATES (USA)
4AU,16058,WILSON TRAILER MFG. INC.,EASLEY TRAILER,Trailer,UNITED STATES (USA)
4AY,17737,"THE BEEVERS, INC.","THE BEEVERS, INC.",Trailer,UNITED STATES (USA)
4B2,13143,"COMMERCIAL VEHICLES, INC.",COMMERCIAL VEHICLES CV,Trailer,UNITED STATES (USA)
4B3,994,FCA US LLC,DODGE,Passenger Car,UNITED STATES (USA)
4B7,9488,"GLOBAL MOTORSPORT GROUP, INC.",GLOBAL MOTORSPORT GROUP,Motorcycle,UNITED STATES (USA)
4B8,17900,QUALITY CRAFT CORP.,QUALITY CRAFT CORP.,Trailer,UNITED STATES (USA)
4B9001,11942,BIG TONY'S CHOPP SHOP INC.,,Motorcycle,UNITED STATES (USA)
4B9004,25570,BRUCE HIGH PERFORMANCE TRANSPORTERS,,Trailer,
4B9006,1645,BLACK JACK CHOPPERS INC.,,Motorcycle,UNITED STATES (USA)
4B9008,7650,BELL CUSTOM CYCLES LLC,,Motorcycle,UNITED STATES (USA)
4B9009,11972,BILL'S TRAILER SALES,,Trailer,UNITED STATES (USA)
4B9015,12084,BUCKEYE FIRE EQUIPMENT COMPANY,,Trailer,UNITED STATES (USA)
4B9018,18654,BARCO PUMP,,Trailer,UNITED STATES (USA)
4B9020,13797,BUILT BY KOCH L.L.C.,,Trailer,UNITED STATES (USA)
4B9021,6333,"BAY ENERGY SERVICES, INC.",,Trailer,UNITED STATES (USA)
4B9023,6489,BEST LANE ENTERPRISES INC.,,Trailer,UNITED STATES (USA)
4B9024,12228,BAY WELDING SERVICES INC.,,Trailer,UNITED STATES (USA)
4B9025,12239,BREWER AUTOMOTIVE EQUIPMENT,,Trailer,UNITED STATES (USA)
4B9026,12260,BLUERIDGE EXOTIC TRANSPORT LTD,,Trailer,UNITED STATES (USA)
4B9027,6099,BINTELLI LLC,,Motorcycle,UNITED STATES (USA)
4B9029,6122,BUCHAN INDUSTRIES LLC,,Trailer,UNITED STATES (USA)
4B9030,7990,"BLAST IT ALL MFG., INC.",,Trailer,UNITED STATES (USA)
4B9031,6035,BADASS INDUSTRIES LLC,,Motorcycle,UNITED STATES (USA)
4B9032,6035,BADASS INDUSTRIES LLC,,Trailer,UNITED STATES (USA)
4B9034,1655,"BOWLUS ROAD CHIEF, LLC",,Trailer,UNITED STATES (USA)
4B9036,6118,BLUE LINE INDUSTRIES LLC,,Low Speed Vehicle (LSV),UNITED STATES (USA)
4B9038,11992,BYD COACH & BUS LLC,,Bus,UNITED STATES (USA)
4B9041,1528,"BAHNWAGEN, LLC",,Trailer,UNITED STATES (USA)
4B9042,1667,BACK 40 SUPPLY INC.,,Trailer,UNITED STATES (USA)
4B9043,7479,BOONDOCKER TRAILERS LLC,,Trailer,UNITED STATES (USA)
4B9046,7656,BACH BUILT CHOPPERS LLC,,Motorcycle,UNITED STATES (USA)
4B9051,6050,BEAMCO INC.,,Trailer,UNITED STATES (USA)
4B9054,15004,BRAZOS TRAILER MANUFACTURING LLC,,Trailer,UNITED STATES (USA)
4B9055,13353,"BILLY GOAT INDUSTRIES, INC.",,Trailer,UNITED STATES (USA)
4B9056,15009,"BULLHEAD STEEL FABRICATORS, LLC",,Trailer,UNITED STATES (USA)
4B9057,6521,"BENNETT'S GARAGE & TOWING, INC.",,Trailer,UNITED STATES (USA)
4B9058,7378,"BRIDGE CITY CYCLES, LTD.",,Motorcycle,UNITED STATES (USA)
4B9061,7637,"BERT WALTERS AND SONS, INC.",,Trailer,UNITED STATES (USA)
4B9062,6768,BAD 2D BONE TRAILERS INC.,,Trailer,UNITED STATES (USA)
4B9065,7791,BAUGHMAN PRODUCTS,,Trailer,UNITED STATES (USA)
4B9066,16368,BRC CUSTOM COACHES & TRAILERS,,Trailer,UNITED STATES (USA)
4B9068,18562,B&K TRAILERS,,Trailer,UNITED STATES (USA)
4B9070,6055,BEYOND ROADS LLC,,Multipurpose Passenger Vehicle (MPV),UNITED STATES (USA)
4B9072,6981,BACK YARD CHOPPERS,,Motorcycle,UNITED STATES (USA)
4B9073,15113,BAMA LOW SPEED VEHICLES,,Low Speed Vehicle (LSV),UNITED STATES (USA)
4B9074,6973,"BULK TEK MANUFACTURING, INC.",,Trailer,UNITED STATES (USA)
4B9075,15868,BCI TRAILER MANUFACTURING LLC.,,Trailer,UNITED STATES (USA)
4B9076,17146,BREHMER MFG INC,,Trailer,UNITED STATES (USA)
4B9077,14120,BARNSTORM US CORP,,Motorcycle,UNITED STATES (USA)
4B9079,13635,BXR LLC,,Passenger Car,UNITED STATES (USA)
4B9082,13812,BLUM'S FAB & DESIGN,,Trailer,UNITED STATES (USA)
4B9083,11995,BUY ENTERPRISE,,Trailer,UNITED STATES (USA)
4B9084,13806,"BRAXTON TRAILERS, LLC",,Trailer,UNITED STATES (USA)
4B9085,11853,BULLDOG CARTS,,Low Speed Vehicle (LSV),UNITED STATES (USA)
4B9088,13700,"BIG RED ENGINEERING, LLC",,Trailer,UNITED STATES (USA)
4B9090,13710,BALZER INC.,,Trailer,UNITED STATES (USA)
4B9092,13928,"BRUMLEY'S WELDING, LLC",,Trailer,UNITED STATES (USA)
4B9096,20930,BARTIMAEUS BY DESIGN INC,,Trailer,UNITED STATES (USA)
4B9097,13834,B.T.L. TRAILERS,,Trailer,UNITED STATES (USA)
4B9098,13860,BUFFALO TRAILER MANUFACTURING INC.,,Trailer,UNITED STATES (USA)
4B9099,17946,BULL DAWG TRAILER COMPANY LLC,,Trailer,UNITED STATES (USA)
4B9100,13839,BLACK SCORPION OFF ROAD,,Trailer,UNITED STATES (USA)
4B9101,13855,BETTER BILT CUSTOM FABRICATION & REPAIR,,Trailer,UNITED STATES (USA)
4B9102,16505,BEAR BONES SYSTEMS LLC,,Trailer,UNITED STATES (USA)
4B9103,13991,"BLACKSMITH TRAILERS, LLC",,Trailer,UNITED STATES (USA)
4B9104,14139,BLUE RIDGE METAL WORKS INC.,,Trailer,UNITED STATES (USA)
4B9106,14212,BIMOTA SPIRIT LLC,,Motorcycle,UNITED STATES (USA)
4B9110,14778,BIG JOHN MANUFACTURING CORPORATION,,Trailer,UNITED STATES (USA)
4B9111,15134,"BROTHERS INDUSTRIAL SERVICES, LLC",,Trailer,UNITED STATES (USA)
4B9112,14885,BG CYCLES,,Motorcycle,UNITED STATES (USA)
4B9113,15109,"BARCLAY MANUFACTURING, LLC",,Trailer,UNITED STATES (USA)
4B9115,15168,BULL MANUFACTURING LLC.,,Trailer,UNITED STATES (USA)
4B9118,15570,BAD ASS TRAILER COMPANY,,Trailer,UNITED STATES (USA)
4B9120,15167,BULL CYCLES LLC,,Motorcycle,UNITED STATES (USA)
4B9123,15531,BAUSS MANUFACTURING INC.,,Trailer,UNITED STATES (USA)
4B9125,19852,"ROADRUNNER TRAILERS, LLC FORMERLY BI-STATE MANUFACTURING, LLC",,Trailer,UNITED STATES (USA)
4B9126,15559,B'S IN A POD CAMPING LLC,,Trailer,UNITED STATES (USA)
4B9128,15746,"BENTLEY WELDING, INC.",,Trailer,UNITED STATES (USA)
4B9129,13854,"B&D FABRICATION, LLC",,Trailer,UNITED STATES (USA)
4B9130,15119,"CHATTANOOGA RV TRAILERS, LLC DBA TINY HOUSE CHATTANOOGA",,Trailer,UNITED STATES (USA)
4B9131,15756,BAYSHORE ALUMINUM TRAILERS,,Trailer,UNITED STATES (USA)
4B9132,15728,BENCHMARK TOOL & MACHINE INC,,Trailer,UNITED STATES (USA)
4B9133,17127,BOONDOCK CAMPERS LLC,,Trailer,UNITED STATES (USA)
4B9136,15964,BANDIT CHOPPERS LLC,,Motorcycle,UNITED STATES (USA)
4B9137,15978,"BULLDOG STEEL FABRICATION, LLC",,Trailer,UNITED STATES (USA)
4B9140,17255,BMT MANUFACTURING LLC,,Trailer,UNITED STATES (USA)
4B9141,16337,BROWNELL BOAT TRAILERS INC.,,Trailer,UNITED STATES (USA)
4B9143,16253,BRYAN POAGE INC.,,Trailer,UNITED STATES (USA)
4B9144,21559,BNDTRAILERS LLC,,Trailer,
4B9146,16315,BLACKWATER FLEET SERVICES INC,,Passenger Car,UNITED STATES (USA)
4B9147,19810,"BUCKSTOP TRUCKWARE, INC",,Trailer,UNITED STATES (USA)
4B9148,16351,"BEAR METAL WELDING & FABRICATION, LLC",,Trailer,UNITED STATES (USA)
4B9149,21415,BUCKEYE TRAILER AND FAB CO LLC,,Trailer,
4B9151,16441,"BELLAMY'S OUTDOOR SPORTS, INC.",,Low Speed Vehicle (LSV),UNITED STATES (USA)
4B9153,15543,B&B MICRO MANUFACTURING INC,,Trailer,UNITED STATES (USA)
4B9154,21928,BT TRAILERS LLC,,Trailer,
4B9155,16565,TRI COUNTY TRAILER MFG &SALES LLC,,Trailer,UNITED STATES (USA)
4B9157,16569,BCA INDUSTRIES,,Trailer,UNITED STATES (USA)
4B9159,16706,BULLY BRAND TRAILERS,,Trailer,UNITED STATES (USA)
4B9160,16797,BROWN'S WELDING AND STEEL,,Trailer,UNITED STATES (USA)
4B9161,18682,BUILT RITE COOKERS LLC,,Trailer,UNITED STATES (USA)
4B9162,17263,BRYANT TRAILERS,,Trailer,UNITED STATES (USA)
4B9163,17113,BIGFOOT TRAILERS LLC,,Trailer,UNITED STATES (USA)
4B9164,17230,BAUTISTA WELDING & CUSTOM TRAILERS MANUFACTURING LLC,,Trailer,UNITED STATES (USA)
4B9165,17221,BLACK SERIES CAMPERS INC,,Trailer,UNITED STATES (USA)
4B9166,17458,BEVERLY TRAILER SUPPLY,,Trailer,UNITED STATES (USA)
4B9167,18479,BEAR TEARDROP TRAILERS LLC,,Trailer,UNITED STATES (USA)
4B9169,17378,R BRAUN INC,,Trailer,UNITED STATES (USA)
4B9172,17542,BNJ CONSTRUCTION,,Trailer,UNITED STATES (USA)
4B9173,18212,BALLISTIC TRAILERS LLC,,Trailer,UNITED STATES (USA)
4B9174,11992,BYD COACH & BUS LLC,,Truck,UNITED STATES (USA)
4B9176,17972,"BEAN TRAILER MANUFACTURING, LLC",,Trailer,UNITED STATES (USA)
4B9177,12610,BOSS HOSS CYCLES LLC,,Motorcycle,UNITED STATES (USA)
4B9178,17997,"BLACKWATER IRONWORKS, LLC.",,Trailer,UNITED STATES (USA)
4B9180,18176,BLUEBIRD TURF PRODUCTS LLLP,,Trailer,UNITED STATES (USA)
4B9181,18323,"BLACKJACK SERVICES, LLC",,Trailer,UNITED STATES (USA)
4B9183,18467,BLUE RIDGE EXPEDITION TRAILERS LLC,,Trailer,UNITED STATES (USA)
4B9184,18421,"BIG JOHN MANUFACTURING CO., INC",,Trailer,UNITED STATES (USA)
4B9185,18442,BLIP MOTO LLC,,Motorcycle,UNITED STATES (USA)
4B9186,18332,BLACK DIAMOND FABRICATION LLC,,Trailer,UNITED STATES (USA)
4B9188,18509,BURK'S BEST MFG LLC,,Trailer,UNITED STATES (USA)
4B9190,18475,B & S SUPPLY COMPANY LLC,,Trailer,UNITED STATES (USA)
4B9191,18555,BROADWAY WELDING INC.,,Trailer,UNITED STATES (USA)
4B9192,18579,"BONAPARTE USA, LLC",,Trailer,UNITED STATES (USA)
4B9193,19353,"BERKON INDUSTRIES, LLC",,Trailer,UNITED STATES (USA)
4B9194,18753,"BDF DESIGN, LLC",,Trailer,UNITED STATES (USA)
4B9195,20911,"BAY AREA METAL FABRICATION, LLC",,Trailer,UNITED STATES (USA)
4B9198,19187,"BARE METAL, LLC",,Trailer,UNITED STATES (USA)
4B9199,19028,BIGHORN MANUFACTURING LLC,,Trailer,UNITED STATES (USA)
4B9202,18912,BRENON CUSTOM CYCLES,,Motorcycle,UNITED STATES (USA)
4B9203,18938,BLASTRAC NA INC.,,Trailer,UNITED STATES (USA)
4B9207,18971,"BRAND M, LLC",,Trailer,UNITED STATES (USA)
4B9208,19039,"BUZ'S EQUIPMENT TRAILERS, INC",,Trailer,UNITED STATES (USA)
4B9209,19070,BLACK RIVER BOATS,,Trailer,UNITED STATES (USA)
4B9212,19161,"BRADANNA, INC.",,Trailer,UNITED STATES (USA)
4B9213,19072,BROADWIND ENERGY INC.,,Trailer,UNITED STATES (USA)
4B9214,19239,GARDEN STATE LSV,,Low Speed Vehicle (LSV),UNITED STATES (USA)
4B9217,20636,BEAR RIVER TRAILERS,,Trailer,UNITED STATES (USA)
4B9218,20007,"BRILLIANT CREATIVE CAMPERS, LLC",,Trailer,UNITED STATES (USA)
4B9220,19516,BRIESEN INDUSTRIES LLC,,Trailer,UNITED STATES (USA)
4B9221,7490,BUCKEYE TRUCK EQUIPMENT INC.,,Trailer,UNITED STATES (USA)
4B9223,19464,BRAZOS IRON WORKS,,Trailer,UNITED STATES (USA)
4B9227,19592,BCL FABRICATION LLC,,Trailer,UNITED STATES (USA)
4B9229,19721,BIG D'S TRAILER COMPANY,,Trailer,UNITED STATES (USA)
4B9230,22173,BIGHORN LLC,,Low Speed Vehicle (LSV),
4B9232,19683,BRANDYWINE VALLEY FABRICATORS,,Trailer,UNITED STATES (USA)
4B9233,19729,B AND M TRAILERS LLC,,Trailer,UNITED STATES (USA)
4B9236,19782,BI MANUFACTURING,,Trailer,UNITED STATES (USA)
4B9237,20191,BULLDOG BILT LLC,,Trailer,UNITED STATES (USA)
4B9239,6222,BUILT-RITE FORESTRY EQUIPMENT LLC,,Trailer,
4B9240,18467,BLUE RIDGE EXPEDITION TRAILERS LLC,,Trailer,UNITED STATES (USA)
4B9241,19942,BROWN & HUBERT CONTRACTING LLC,,Trailer,UNITED STATES (USA)
4B9242,19913,BACKWATER-CUSTOMS,,Trailer,UNITED STATES (USA)
4B9243,19957,BEARDS TRAILER SALES,,Trailer,UNITED STATES (USA)
4B9245,20012,"BAZZELL'S TRUCK AND CAMPER, INC",,Trailer,UNITED STATES (USA)
4B9246,19656,ELK CREEK TRAILERS,,Trailer,UNITED STATES (USA)
4B9247,20082,"BULLDOG MANUFACTURING, LLC.",,Trailer,UNITED STATES (USA)
4B9250,20098,"BUCKSHOT MFG, LLC",,Trailer,UNITED STATES (USA)
4B9251,20130,"BRADY MFG, LLC",,Trailer,UNITED STATES (USA)
4B9252,20148,BLACK VENOM PRODUCTS,,Trailer,UNITED STATES (USA)
4B9253,20151,BANDIT FABRICATION,,Trailer,UNITED STATES (USA)
4B9254,20190,BARSTOW KUSTOM MOTORCYCLES CORP.,,Motorcycle,UNITED STATES (USA)
4B9255,20223,BOTTOMLINE AUTO SOLUTIONS,,Trailer,UNITED STATES (USA)
4B9258,20253,BREAKPOINT OFFROAD INC.,,Trailer,UNITED STATES (USA)
4B9260,20396,BIG ERN TRAILERS,,Trailer,UNITED STATES (USA)
4B9263,21297,B AND L TRAILERS,,Trailer,UNITED STATES (USA)
4B9264,20410,BADAC ADVENTURE CO LLC,,Trailer,UNITED STATES (USA)
4B9265,20392,"BEP PETROLEUM & TANK, LLC",,Trailer,UNITED STATES (USA)
4B9266,20417,BI TRAILERS,,Trailer,UNITED STATES (USA)
4B9267,20732,BIG BULLY TRAILERS,,Trailer,UNITED STATES (USA)
4B9268,20412,BACKROADS OVERLAND COMPANY LLC.,,Trailer,UNITED STATES (USA)
4B9269,22224,SKINNY GUY CAMPERS LLC,,Trailer,UNITED STATES (USA)
4B9270,20393,BISON FABRICATION LLC,,Trailer,UNITED STATES (USA)
4B9271,22513,BIZNESS ON WHEELS LLC,,Trailer,UNITED STATES (USA)
4B9272,23134,BALLISTIC MOTORS,,Passenger Car,
4B9273,20606,BVH TRAILERS LLC,,Trailer,UNITED STATES (USA)
4B9274,20562,BUILT TRAILERS LLC,,Trailer,UNITED STATES (USA)
4B9275,20569,BG CUSTOM WELDING,,Trailer,UNITED STATES (USA)
4B9276,20624,BULLDOG TRAILERS,,Trailer,UNITED STATES (USA)
4B9277,20558,BRS OFFROAD NORTH AMERICA,,Trailer,
4B9278,20626,BV STEEL AND WELDING LLC,,Trailer,UNITED STATES (USA)
4B9279,20607,BCD TRAILER LLC,,Trailer,UNITED STATES (USA)
4B9283,20816,BEAM GLOBAL,,Trailer,UNITED STATES (USA)
4B9284,20964,BAKU TRAILERS LLC,,Trailer,UNITED STATES (USA)
4B9286,20374,"BOONDOCK, INC.",,Trailer,UNITED STATES (USA)
4B9287,25268,BROTHERS CARTS LLC,,Trailer,
4B9288,21068,BJ AND K RENTALS,,Trailer,UNITED STATES (USA)
4B9289,21065,BULL CREEK WELDING AND FABRICATION INC.,,Trailer,UNITED STATES (USA)
4B9291,21145,B AND L FABRICATION LLC,,Trailer,UNITED STATES (USA)
4B9296,21354,"B & W FABRICATION, LLC",,Trailer,UNITED STATES (USA)
4B9298,21739,BRAHMA TRAILER LLC,,Trailer,
4B9299,21431,BUONOCO MFR.,,Trailer,UNITED STATES (USA)
4B9302,21615,BIG SLACK OFF ROAD,,Trailer,
4B9304,21591,"BOWE METAL FABRICATION & REPAIR, INC.",,Trailer,
4B9307,21726,BIVOUAC OVERLAND LLC,,Trailer,UNITED STATES (USA)
4B9309,21691,BOTERO CARTS,,Low Speed Vehicle (LSV),
4B9311,21653,BRANDS BUILT,,Trailer,UNITED STATES (USA)
4B9314,21890,"BOSS VAC, LLC",,Trailer,UNITED STATES (USA)
4B9316,21845,"BENCHMARK, INC.",,Trailer,
4B9319,21936,BEAVERFIT USA,,Trailer,
4B9320,21946,BIG DADDY WELDZ,,Low Speed Vehicle (LSV),UNITED STATES (USA)
4B9322,21982,BLACK STAR TRAILERS,,Trailer,
4B9324,21792,BODINE WELDING & FABRICATION LLC,,Trailer,UNITED STATES (USA)
4B9325,22005,"BUCKWILD TRAILER MFG,LLC",,Trailer,
4B9326,22342,BLUE MOUNTAIN METALWORKS LLC,,Trailer,UNITED STATES (USA)
4B9327,22166,BIRD-IN-HAND PET STRUCTURES,,Trailer,
4B9330,22147,CABINPRO CONSTRUCTION LLC,,Trailer,
4B9332,22112,BLACKSERIES INTELLIGENT EQUIPMENT INC.,,Trailer,UNITED STATES (USA)
4B9333,22140,BAEZ MOTOR COMPANY,,Motorcycle,UNITED STATES (USA)
4B9334,22268,BC COMPANIES LLC,,Low Speed Vehicle (LSV),
4B9336,22512,STL INDUSTRIAL LLC,,Trailer,UNITED STATES (USA)
4B9337,22350,"BORREGO BROTHERS, INC",,Trailer,UNITED STATES (USA)
4B9339,22519,BUILT RITE TRAILERS,,Trailer,UNITED STATES (USA)
4B9341,21976,BOUNCE BACK SERVICES,,Trailer,UNITED STATES (USA)
4B9343,22375,BOKI CONCESSION TRAILERS,,Trailer,UNITED STATES (USA)
4B9344,21969,"BUTTE BUILDOUTS, LLC",,Trailer,
4B9345,22455,"BLUEWATER MARINE & DOCK SPECIALTIES, INC.",,Trailer,
4B9347,22998,BLUE BARN FOOD TRAILERS LLC,,Trailer,
4B9349,22560,BOX CANYON TRAILERS,,Trailer,UNITED STATES (USA)
4B9352,22843,BEATS TRAILERS LLC,,Trailer,UNITED STATES (USA)
4B9353,22857,BAGGETTS RETAIL TRAILER SALES,,Trailer,
4B9354,22892,BUSH TRAILER COMPANY LLC.,,Trailer,UNITED STATES (USA)
4B9355,7694,"IRONMAN CUSTOMS TRAILER MANUFACTURING, LLC",,Trailer,UNITED STATES (USA)
4B9358,22991,BSO HB PRODUCTS LLC,,Trailer,
4B9359,22969,BUILTWARE FABRICATION INC,,Trailer,
4B9360,23037,BIG ROCK TRAILERS,,Trailer,UNITED STATES (USA)
4B9361,22774,BRIDGER FABRICATION LLC,,Trailer,
4B9364,23195,BOB BISSELL TRUCKING LLC,,Trailer,
4B9365,23152,BOOGIE BIKES LLC,,Low Speed Vehicle (LSV),
4B9366,23189,BIG MO TRAILERS,,Trailer,
4B9368,23202,BW SAUNA CO,,Trailer,
4B9369,23298,BACKSTREET SURVEILLANCE INC,,Trailer,
4B9370,23350,BIG BEAR TRAILERS LLC,,Trailer,UNITED STATES (USA)
4B9372,23384,BORAH MANUFACTURING LLC,,Truck,
4B9374,23401,NEW ERA  AUTOMOTIVE INC,,Trailer,UNITED STATES (USA)
4B9375,23427,BIC UNLIMITED LLC,,Low Speed Vehicle (LSV),
4B9377,23659,BOLT EV LLC,,Low Speed Vehicle (LSV),
4B9378,23667,BREMARK INC.,,Low Speed Vehicle (LSV),UNITED STATES (USA)
4B9380,23792,BEYER SERVICES LLC,,Trailer,
4B9381,22325,BEST BUILT TRAILERS LLC,,Trailer,
4B9383,23899,BROKEREASIER INC.,,Trailer,UNITED STATES (USA)
4B9384,23929,B & B CAMPER INC,,Trailer,
4B9385,25182,BUFFALO ALUMINUM DESIGNS LLC,,Trailer,UNITED STATES (USA)
4B9386,24020,BROCKWAY MINI HOMES INC.,,Trailer,
4B9387,23921,BEARTRAILER L.L.C.,,Trailer,UNITED STATES (USA)
4B9388,24089,BAM EQUIPMENT SALES,,Trailer,UNITED STATES (USA)
4B9390,24223,BIG JOHN CORP,,Trailer,
4B9391,24214,BUCHANAN INVESTMENTS INC,,Low Speed Vehicle (LSV),UNITED STATES (USA)
4B9392,24342,BOLD TRAILER COMPANY LLC,,Trailer,UNITED STATES (USA)
4B9393,24190,BLACK MESA MANUFACTURING LLC,,Trailer,UNITED STATES (USA)
4B9394,24248,"BH MANUFACTURING, LLC",,Trailer,UNITED STATES (USA)
4B9395,24237,BISON MOTORS INC,,Truck,
4B9396,24383,BAY EQUIPMENT RENTALS,,Trailer,UNITED STATES (USA)
4B9397,24309,BACKYARD BRICK OVENS LLC,,Trailer,UNITED STATES (USA)
4B9398,24419,BOTERO INDY LLC,,Low Speed Vehicle (LSV),
4B9399,24420,BOTERO AND FINLEY INVESTMENTS,,Low Speed Vehicle (LSV),
4B9401,24591,B AND B TRAILERS OF MISSISSIPPI INC.,,Trailer,UNITED STATES (USA)
4B9402,24879,BUYERS PRODUCTS COMPANY,,Trailer,UNITED STATES (USA)
4B9405,24842,"BRONTON, LLC",,Trailer,
4B9406,24910,BLUE FIRE MOTORSPORTS,,Trailer,UNITED STATES (USA)
4B9409,24912,"BLACK STAR TRADING COMPANY, LLC",,Trailer,UNITED STATES (USA)
4B9410,25028,BACK COUNTRY CARTS,,Low Speed Vehicle (LSV),UNITED STATES (USA)
4B9411,24927,BILLS CUSTOM FAB INC.,,Trailer,
4B9413,25164,BIGFOOT DRILLING,,Trailer,
4B9414,24743,BARTER ENTERPRISES LLC,,Trailer,UNITED STATES (USA)
4B9415,20400,BETTS PLATINUM GROUP LLC.,,Trailer,UNITED STATES (USA)
4B9417,25077,BACKWATER HAULERS LLC,,Trailer,UNITED STATES (USA)
4B9419,25267,BEELINE PRODUCTS,,Trailer,
4B9421,25297,BLUE COLLAR PRODUCTS BY DESIGN LLC,,Trailer,
4B9422,25379,BRIKAR TRAILERS,,Trailer,
4B9423,19434,BETA FUELING SYSTEMS,,Trailer,
4B9425,25392,BLAISON HOMES LLC,,Trailer,UNITED STATES (USA)
4B9426,25511,B2 PARTNERS LLC,,Trailer,UNITED STATES (USA)
4B9428,25714,BBAC LLC,,Trailer,
4B9429,25884,BUCKEYE CUSTOM TRAILERS LLC,,Trailer,UNITED STATES (USA)
4BA,9191,TOW RITE MGF. CO. INC.,TOW RITE MFG,Trailer,UNITED STATES (USA)
4BE,16813,NATIONAL MANUFACTURING COMPANY,NATIONAL MANUFACTURING COMPANY,Trailer,UNITED STATES (USA)
4BF,4144,RB MANUFACTURING LLC,RB FABRICATION LLC,Trailer,UNITED STATES (USA)
4BJ,11084,"WELCHEL ENTERPRISES, L.L.C.","WELCHEL ENTERPRISES, L.L.C. DBA CHEROKEE",Trailer,UNITED STATES (USA)
4BL,18141,IRON MASTER MFG.,IRON MASTER MFG.,Trailer,UNITED STATES (USA)
4BP,18179,"MARK LINE INDUSTRIES OF PENNSYLVANIA, INC.","MARK LINE INDUSTRIES OF PENNSYLVANIA, INC.",Trailer,UNITED STATES (USA)
4BV,10600,SKYLINE CORPORATION,SKYLINE CORPORATION,Trailer,UNITED STATES (USA)
4C0,12746,"HOLT TRAILER MFG. & SALES, LLC",HOLT TRAILER MFG. & SALES,Trailer,UNITED STATES (USA)
4C2,17923,MDX PLASTICS INC,"SLEEK CRAFT, INC.",Trailer,UNITED STATES (USA)
4C3,994,FCA US LLC,CHRYSLER,Passenger Car,UNITED STATES (USA)
4C4,17894,CLASSIC WELDING,CLASSIC WELDING,Trailer,UNITED STATES (USA)
4C6,17312,"REINKE MANUFACTURING COMPANY, INC","REINKE MANUFACTURING COMPANY, INC",Trailer,UNITED STATES (USA)
4C9002,10399,CAROLINA SERVICES,,Trailer,UNITED STATES (USA)
4C9003,9960,CAROLINA CHOPPERS,,Motorcycle,UNITED KINGDOM (UK)
4C9006,11171,"CHOPPER CITY USA, LLC",,Motorcycle,UNITED STATES (USA)
4C9008,1275,"COWBOY TRAILER SALES, INC.",,Trailer,UNITED STATES (USA)
4C9009,5267,CROWN ENERGY TECHNOLOGIES INC,,Trailer,CANADA
4C9012,17463,CET TRAILERS,,Trailer,UNITED STATES (USA)
4C9013,9915,COASTLINE TRAILER MFG.,,Trailer,UNITED STATES (USA)
4C9014,9377,COOL AMPHIBIOUS MANUFACTURER INTERNATIONAL LLC,,Multipurpose Passenger Vehicle (MPV),UNITED STATES (USA)
4C9015,9949,THE CYCLE EXCHANGE LLC,,Motorcycle,UNITED STATES (USA)
4C9016,17167,CUSTOM IRON WORKZ,,Motorcycle,UNITED STATES (USA)
4C9017,1215,CUSTOM COMPONENTS AND STRUCTURES INC.,,Trailer,UNITED STATES (USA)
4C9018,10663,JEFFREY VENTURES,,Motorcycle,UNITED STATES (USA)
4C9019,9264,CAROLINA BOATS & CARS,,Trailer,UNITED STATES (USA)
4C9020,9196,CHUBBS STEEL SALES INC,,Trailer,UNITED STATES (USA)
4C9021,7697,CALIFORNIA PERFORMANCE IRON INC.,,Motorcycle,UNITED STATES (USA)
4C9022,16024,"CW WELDING AND FABRICATION, LLC",,Trailer,UNITED STATES (USA)
4C9023,11280,"CHARLOTTE CUSTOM CYCLES, LLC",,Motorcycle,UNITED STATES (USA)
4C9026,9280,C & C ENT. CUSTOMS,,Motorcycle,UNITED STATES (USA)
4C9027,13373,CLACKACRAFT DRIFT BOATS,,Trailer,UNITED STATES (USA)
4C9028,13346,"C & P ENGINEERING AND MANUFACTURING CO., INC.",,Trailer,UNITED STATES (USA)
4C9029,9770,CAD INDUSTRIES,,Trailer,UNITED STATES (USA)
4C9030,10440,CLEAN-TECH,,Low Speed Vehicle (LSV),UNITED STATES (USA)
4C9032,10623,"CIKIRA RV, LLC",,Trailer,UNITED STATES (USA)
4C9034,20658,CALIFORNIA MOTORS LLC,,Passenger Car,UNITED STATES (USA)
4C9036,10861,"COMMON SENSE COTTON SYSTEMS, INC.",,Trailer,UNITED STATES (USA)
4C9041,10870,CHANDLER ORIGINALS INC.,,Motorcycle,UNITED STATES (USA)
4C9042,10064,CHOPPERS EAST,,Motorcycle,UNITED STATES (USA)
4C9043,8717,CAMPERS CHOICE INC.,,Trailer,UNITED STATES (USA)
4C9044,1280,"CHAMPION TRAILER WORKS, INC",,Trailer,UNITED STATES (USA)
4C9045,8712,"COFFEY MFG., LLC",,Trailer,UNITED STATES (USA)
4C9047,11802,CANAJOHARIE CUSTOMS,,Trailer,UNITED STATES (USA)
4C9048,10012,COONYZ CUSTOMZ,,Motorcycle,UNITED STATES (USA)
4C9049,6900,CONCEPT PRODUCTS CORPORATION,,Trailer,UNITED STATES (USA)
4C9051,9768,CDS CORP.,,Trailer,UNITED STATES (USA)
4C9052,1213,CUSTOM CHOPPERS BY OTIS,,Motorcycle,UNITED STATES (USA)
4C9053,5866,"CLARK'S WELDING, INC.",,Trailer,UNITED STATES (USA)
4C9054,8912,"CHESTER COUNTY CUSTOMS, LLC",,Motorcycle,UNITED STATES (USA)
4C9056,10713,COASTLINE MANUFACTURING INC.,,Motorcycle,UNITED STATES (USA)
4C9057,10041,"CUSTOM AMUSEMENT PRODUCTS COMPANY, INC.",,Trailer,UNITED STATES (USA)
4C9058,1221,"CUSTOM ENGINEERED PRODUCTS, LLC",,Trailer,UNITED STATES (USA)
4C9059,10494,CHANDLER CUSTOM CYCLES,,Motorcycle,UNITED STATES (USA)
4C9060,1248,COUNTY LINE CHOPPERS INC.`,,Motorcycle,UNITED STATES (USA)
4C9061,9583,"C-ALL MFG, INC.",,Trailer,UNITED STATES (USA)
4C9062,9838,CAROLINA TRIKES & MINIS,,Motorcycle,UNITED STATES (USA)
4C9063,1260,"CORNERSTONE MANUFACTURING, LLC",,Trailer,UNITED STATES (USA)
4C9064,10694,CENTRAL FLORIDA CHOPPERS,,Motorcycle,UNITED STATES (USA)
4C9065,11288,CC TRIKES & CUSTOM BIKES,,Motorcycle,UNITED STATES (USA)
4C9066,10503,"CHAD FULLER CONSTRUCTION, INC.",,Trailer,UNITED STATES (USA)
4C9067,10480,"CONTREE SPRAYER AND EQUIPMENT COMPANY, LLC",,Trailer,UNITED STATES (USA)
4C9068,10484,CHOPPER WORKS CYCLES,,Motorcycle,UNITED STATES (USA)
4C9070,1237,CYTEC TRAILERS,,Trailer,UNITED STATES (USA)
4C9071,1250,"CORAS TRAILER MANUFACTURING, INC.",,Trailer,UNITED STATES (USA)
4C9072,10031,"CHRISTEN BROTHERS, INC.",,Trailer,UNITED STATES (USA)
4C9073,11828,"CHARLOTTE COUNTY CUSTOM CYCLES, INC.",,Motorcycle,UNITED STATES (USA)
4C9076,11361,CHANCE TRAILER MANUFACTURING & SALES,,Trailer,UNITED STATES (USA)
4C9078,11588,"CARIBBEAN, INC.",,Trailer,UNITED STATES (USA)
4C9079,10711,COCHISE CUSTOM CYCLES,,Motorcycle,UNITED STATES (USA)
4C9080,10509,COYOTE MFG. LLC,,Trailer,UNITED STATES (USA)
4C9081,8486,COMFORTS OF HOME SERVICES INC,,Trailer,UNITED STATES (USA)
4C9082,11165,"CIRCUS CITY CUSTOM CYCLES, INC.",,Motorcycle,UNITED STATES (USA)
4C9083,9142,CHOP SHOP CUSTOMS,,Motorcycle,UNITED STATES (USA)
4C9086,10220,C-HAWK TRAILERS,,Trailer,UNITED STATES (USA)
4C9087,4279,"CHALLENGER TRAILERS, LLC",,Trailer,UNITED STATES (USA)
4C9089,1264,CORRATTI CHOPPERS,,Motorcycle,UNITED STATES (USA)
4C9090,1234,COUNTRYSIDE WELDING,,Trailer,UNITED STATES (USA)
4C9091,1308,CSC MOTORCYCLES INC.,,Motorcycle,UNITED STATES (USA)
4C9092,8445,"CAROLINA EQUIPMENT & SUPPLY CO., INC.",,Trailer,UNITED STATES (USA)
4C9094,9502,"CUMBERLAND COUNTY CUSTOM CYCLES, LLC",,Motorcycle,UNITED STATES (USA)
4C9095,9490,COMPANION TRAILERS INC.,,Trailer,UNITED STATES (USA)
4C9096,9336,"COLLA TRAILERS, LLC",,Trailer,UNITED STATES (USA)
4C9099,9731,"COLFAX TRAILER & REPAIR, LLC",,Trailer,UNITED STATES (USA)
4C9100,10238,CAPSTONE COMMERCE CO. AND EGENOLF ENTERPRISE INC.,,Trailer,UNITED STATES (USA)
4C9102,9507,"CHUY'S C-5 TRAILER, INC.",,Trailer,UNITED STATES (USA)
4C9103,11329,"CALLAHAN CUSTOM CHOPPERS, INC.",,Motorcycle,UNITED STATES (USA)
4C9105,1220,"CUSTOM DESIGN, INC.",,Trailer,UNITED STATES (USA)
4C9106,1267,COUNTRY PRIDE TRAILERS,,Trailer,UNITED STATES (USA)
4C9107,9086,"CMD POWERSYSTEMS, INC.",,Trailer,UNITED STATES (USA)
4C9109,11381,"COASTAL INDUSTRIES, INC.",,Trailer,UNITED STATES (USA)
4C9110,9751,"CHOPPER ALLEY, LLC",,Motorcycle,UNITED STATES (USA)
4C9111,11289,"CURRY CUSTOMS, LLC",,Motorcycle,UNITED STATES (USA)
4C9112,11380,"COMPAIR USA, INC.",,Trailer,UNITED STATES (USA)
4C9113,10748,CART COMPANY,,Low Speed Vehicle (LSV),UNITED STATES (USA)
4C9115,1209,CREEP CYCLE WORKS INC.,,Motorcycle,UNITED STATES (USA)
4C9117,1222,"CUSTOM EXPANSION FABRICATORS, INC.",,Trailer,UNITED STATES (USA)
4C9118,10933,CAR-TEX TRAILER COMPANY INC.,,Trailer,UNITED STATES (USA)
4C9119,1214,"CUSTOM CHOPPER WERKS, INC.",,Motorcycle,UNITED STATES (USA)
4C9120,10752,"CERBERUS TRIKES, LLC",,Motorcycle,UNITED STATES (USA)
4C9121,1203,CRAZY DAGO CUSTOMS,,Motorcycle,UNITED STATES (USA)
4C9123,9454,"COLLIERS CUSTOM CYCLES, INC.",,Motorcycle,UNITED STATES (USA)
4C9124,1281,"CRESCENT MANUFACTURING, INC.",,Trailer,UNITED STATES (USA)
4C9127,8878,"COMPLIANCE ASSURANCE ASSOCIATES, INC. OF TN.",,Trailer,UNITED STATES (USA)
4C9128,10970,CASTLEROCK MOTORCYCLES,,Motorcycle,UNITED STATES (USA)
4C9131,10557,COMMANDER SCRV LLC.,,Trailer,UNITED STATES (USA)
4C9135,10317,"C AND C TOOLING, INC.",,Trailer,UNITED STATES (USA)
4C9136,11148,"CHURCHILL HOLDINGS, INC.",,Trailer,UNITED STATES (USA)
4C9142,5833,"CRAIG WELDING & MFG., INC.",,Trailer,UNITED STATES (USA)
4C9143,7584,COLE CUSTOMS,,Motorcycle,UNITED STATES (USA)
4C9145,9127,CAROLINA GROWLER INC,,Trailer,UNITED STATES (USA)
4C9146,10323,C.C. IRONWORKS LLC,,Trailer,UNITED STATES (USA)
4C9147,1116,"COLLINS WELDING, INC.",,Trailer,UNITED STATES (USA)
4C9149,1206,CREATE-A-CUSTOM CYCLE LLC,,Motorcycle,UNITED STATES (USA)
4C9151,8509,"CHOPS AND BOBBERS, LLC",,Motorcycle,UNITED STATES (USA)
4C9152,1026,COACHWORKS HOLDINGS INC,,Multipurpose Passenger Vehicle (MPV),UNITED STATES (USA)
4C9153,1026,COACHWORKS HOLDINGS INC,,Bus,UNITED STATES (USA)
4C9154,1026,COACHWORKS HOLDINGS INC,,Incomplete Vehicle,UNITED STATES (USA)
4C9155,1225,"CUSTOM FIRE APPARATUS, INC.",,Trailer,UNITED STATES (USA)
4C9156,1348,"CM&W, LLC",,Trailer,UNITED STATES (USA)
4C9158,9759,"CT FABRICATION, LLC",,Trailer,UNITED STATES (USA)
4C9160,1668,COOL CITY CUSTOMS LLC,,Motorcycle,UNITED STATES (USA)
4C9162,8535,CLEASBY CONVEYORS,,Trailer,UNITED STATES (USA)
4C9165,1297,CROP MASTER TRAILERS INC.,,Trailer,UNITED STATES (USA)
4C9167,8922,CDK MOBILE SYSTEMS INC.,,Trailer,UNITED STATES (USA)
4C9169,8680,"CTM CUSTOMS, LLC",,Motorcycle,UNITED STATES (USA)
4C9170,8935,"CATA-MARINE, INC.",,Trailer,UNITED STATES (USA)
4C9171,9120,"CRYOTECH, LLC",,Trailer,UNITED STATES (USA)
4C9174,7701,CALHOME INC.,,Trailer,UNITED STATES (USA)
4C9175,6735,CATTLE COUNTRY EQUIPMENT,,Trailer,UNITED STATES (USA)
4C9176,1208,CREATIVE SPORTS SUPPLY LLC,,Trailer,UNITED STATES (USA)
4C9177,1230,CUSTOM SERVICES,,Motorcycle,UNITED STATES (USA)
4C9179,9377,COOL AMPHIBIOUS MANUFACTURER INTERNATIONAL LLC,,Motorcycle,UNITED STATES (USA)
4C9180,7733,"C & W INDUSTRIES, LLC",,Trailer,UNITED STATES (USA)
4C9181,6224,"CUSTOM FARM AND RANCH SUPPLY, LLC",,Trailer,UNITED STATES (USA)
4C9183,7740,CLC,,Motorcycle,UNITED STATES (USA)
4C9187,6213,CRIMINAL CUSTOMS INC,,Motorcycle,UNITED STATES (USA)
4C9188,19274,THINGS DONE CYCLES,,Motorcycle,UNITED STATES (USA)
4C9191,1294,CROOKED RIVER CHOPPERS INC.,,Motorcycle,UNITED STATES (USA)
4C9193,6438,"COOKSHACK, INC.",,Trailer,UNITED STATES (USA)
4C9194,12032,"CENTRALIA MACHINE & FAB, INC.",,Trailer,UNITED STATES (USA)
4C9196,7264,CAMPA INTERNATIONAL INC. DBA CAMPA USA,,Trailer,UNITED STATES (USA)
4C9197,7000,"COMPLETE FLEET SERVICES, INC",,Trailer,UNITED STATES (USA)
4C9199,1226,"CUSTOM MARINE COMPONENTS, INC.",,Trailer,UNITED STATES (USA)
4C9200,7012,"CAR REPLICA TRAILERS, LLC",,Trailer,UNITED STATES (USA)
4C9201,6642,"CENTRAL STAR MANUFACTURING, LLC",,Trailer,UNITED STATES (USA)
4C9202,12041,"C W WELDING, LLC",,Trailer,UNITED STATES (USA)
4C9203,6476,CNC TRAILERS & FABRICATION,,Trailer,UNITED STATES (USA)
4C9204,8673,CEE-JAY TOOL COMPANY,,Trailer,UNITED STATES (USA)
4C9205,1285,CRIMINAL CHOPPERS OF AZ,,Motorcycle,UNITED STATES (USA)
4C9207,1119,CHAMPION TRIKE MANUFACTURING INC.,,Motorcycle,UNITED STATES (USA)
4C9208,8951,DHS SYSTEMS LLC,,Trailer,UNITED STATES (USA)
4C9211,6652,COMPASS NORTH,,Trailer,UNITED STATES (USA)
4C9213,7928,"TC DEVELOPMENT & DESIGN, INC.",,Trailer,UNITED STATES (USA)
4C9214,11865,CAROLINA HITCH & TRUCK ACCESSORIES,,Trailer,UNITED STATES (USA)
4C9215,7054,"CALIFORNIA TRAILER WORKS, INC.",,Trailer,UNITED STATES (USA)
4C9218,21947,CUSTOM MOBILE SAUNAS LLC,,Trailer,UNITED STATES (USA)
4C9219,7884,CRUSTBUSTER SPEED KING INC.,,Trailer,UNITED STATES (USA)
4C9220,11878,"TARELITE TRAILER, LLC",,Trailer,UNITED STATES (USA)
4C9221,1223,CUSTOM FABRICATION AND EQUIPMENT,,Trailer,UNITED STATES (USA)
4C9224,1253,CONVENTURE  LLC,,Trailer,UNITED STATES (USA)
4C9226,1227,CUSTOM MAX TRAILERS,,Trailer,UNITED STATES (USA)
4C9227,6156,CLEVELAND CYCLEWERKS LLC DBA CULTURA SCOOTER COMPANY,,Motorcycle,UNITED STATES (USA)
4C9228,1279,COWBOYS KUSTOMS,,Motorcycle,UNITED STATES (USA)
4C9229,6170,CALDER BROTHERS CORPORATION MANUFACTURER OF MAULDIN PAVING PRODUCTS,,Trailer,UNITED STATES (USA)
4C9231,6185,"CONTRACT WELDING & FABRICATING, INC.",,Trailer,UNITED STATES (USA)
4C9232,6414,"CAROLINA TRAILERS DIRECT, LLC",,Trailer,UNITED STATES (USA)
4C9233,6696,CLEAR CUT FABRICATION INC.,,Trailer,UNITED STATES (USA)
4C9235,1217,CUSTOM CUT FABRICATION LLC,,Trailer,UNITED STATES (USA)
4C9237,1483,"CONTINENTAL BIOMASS INDUSTRIES, INC.",,Trailer,UNITED STATES (USA)
4C9238,1204,"CRAZY HORSE IRON, LLC",,Motorcycle,UNITED STATES (USA)
4C9240,975,COOPER CYCLES,,Motorcycle,UNITED STATES (USA)
4C9241,6895,"C.D. HILL ENTERPRISES, INC.",,Trailer,UNITED STATES (USA)
4C9242,1579,CARTSERVICES INC.,,Trailer,UNITED STATES (USA)
4C9244,16521,COPY CATT TRAILERS,,Trailer,UNITED STATES (USA)
4C9245,1099,CENTRAL OHIO FABRICATION LLC,,Trailer,UNITED STATES (USA)
4C9246,1198,"ROYALTY INVESTMENTS, LLC",,Trailer,UNITED STATES (USA)
4C9247,7444,CK POWER,,Trailer,UNITED STATES (USA)
4C9248,13534,CUDDLE SHUTTLE LLC,,Trailer,UNITED STATES (USA)
4C9249,6622,AUBREY L. CONNER PROPERY LLC DBA CONNER FARM AND RANCH SUPPLY,,Trailer,UNITED STATES (USA)
4C9251,12202,CENTRAL MS CUSTOM BUILT TRAILERS,,Trailer,UNITED STATES (USA)
4C9253,6921,"CLAY'S TRAILER SALES, LLC",,Trailer,UNITED STATES (USA)
4C9255,7535,"CONLEY FABRICATION, LLP",,Trailer,UNITED STATES (USA)
4C9256,1693,CARY FAAS RACING INC.,,Trailer,UNITED STATES (USA)
4C9257,7063,"CAROLINA CUSTOM PRODUCTS, INC.",,Trailer,UNITED STATES (USA)
4C9258,8487,"CT COACHWORKS, LLC",,Trailer,UNITED STATES (USA)
4C9259,7715,BUILD 2020,,Trailer,UNITED STATES (USA)
4C9260,4523,CAPACITY OF TEXAS,,Trailer,UNITED STATES (USA)
4C9264,1201,"CRANEWORKS, INC.",,Trailer,UNITED STATES (USA)
4C9266,7104,"C.W. SERVICES, INC.",,Trailer,UNITED STATES (USA)
4C9268,7855,"BOATHOUSE DISCOUNT MARINE, INC.",,Trailer,UNITED STATES (USA)
4C9271,7941,"CAPITAL AUTOMOTIVE, LLC",,Motorcycle,UNITED STATES (USA)
4C9272,7278,"CHRISTINI TECHNOLOGIES, INC.",,Motorcycle,UNITED STATES (USA)
4C9274,6557,"COMMERCIAL TRAILER, LLC",,Trailer,UNITED STATES (USA)
4C9275,7939,C & R METALWORKS,,Trailer,UNITED STATES (USA)
4C9276,7781,"COMPACT CONSTRUCTION, LLC",,Trailer,UNITED STATES (USA)
4C9281,7272,CARDALE INDUSTRIES LLC,,Trailer,UNITED STATES (USA)
4C9282,7962,"COMMUNITY CARS, INC.",,Low Speed Vehicle (LSV),UNITED STATES (USA)
4C9284,6444,CERDA INDUSTRIES INC.,,Trailer,UNITED STATES (USA)
4C9287,6060,COMFORT CAMPER,,Trailer,UNITED STATES (USA)
4C9289,1449,CENTURY TANK & TRAILER,,Trailer,UNITED STATES (USA)
4C9290,1228,CUSTOM MOBILE DESIGNS LLC,,Trailer,UNITED STATES (USA)
4C9295,1231,"CYCLESTREAM, LLC",,Trailer,UNITED STATES (USA)
4C9296,11969,CAMPBELL SUPPLY CO. DBA CAM SPRAY,,Trailer,UNITED STATES (USA)
4C9298,6062,"COUNTRY STONES, LLC",,Trailer,UNITED STATES (USA)
4C9302,6173,CURRY SUPPLY CO.,,Trailer,UNITED STATES (USA)
4C9303,6324,CHARLES BLASS WELDING LLC,,Trailer,UNITED STATES (USA)
4C9305,12089,CAPONES STREET ROD MOTORCYCLES,,Motorcycle,UNITED STATES (USA)
4C9307,15960,CROSSMAN TRAILER INC.,,Trailer,UNITED STATES (USA)
4C9309,1219,CUSTOM DESIGN MANUFACTURING,,Trailer,UNITED STATES (USA)
4C9313,13347,C&W MANUFACTURING AND SALES CO.,,Trailer,UNITED STATES (USA)
4C9317,12211,CHESTER'S BUILT TRAILERS,,Trailer,UNITED STATES (USA)
4C9318,1289,COYNE OIL CORPORATION,,Trailer,UNITED STATES (USA)
4C9319,12247,"COHEN METALS GROUP, LLC",,Trailer,UNITED STATES (USA)
4C9322,6500,CASINJAC,,Trailer,UNITED STATES (USA)
4C9323,1233,CYCLOPS TRIKE COMPONENTS,,Motorcycle,UNITED STATES (USA)
4C9324,12248,"C & J SERVICES & SUPPLIES, INC.",,Trailer,UNITED STATES (USA)
4C9325,22641,GREENFIELD WELDING LLC,,Trailer,
4C9328,6359,CARDINAL INDUSTRIES LLC,,Trailer,UNITED STATES (USA)
4C9329,7376,COLUMBIA INDUSTRIES LLC,,Trailer,UNITED STATES (USA)
4C9332,1122,"CHAMPION TRAILERS, INC.",,Trailer,UNITED STATES (USA)
4C9333,1207,"CREATIVE COACHWORKS, INC",,Passenger Car,UNITED STATES (USA)
4C9334,1298,"CROSS CLEANING SOLUTIONS, LLC",,Trailer,UNITED STATES (USA)
4C9335,16318,CARY CART COMPANY,,Low Speed Vehicle (LSV),UNITED STATES (USA)
4C9337,1202,"CRARY AGRICULTURAL SOLUTIONS, LLC",,Trailer,UNITED STATES (USA)
4C9338,1520,CHIMERA CUSTOMS,,Low Speed Vehicle (LSV),UNITED STATES (USA)
4C9339,1520,CHIMERA CUSTOMS,,Trailer,UNITED STATES (USA)
4C9340,1520,CHIMERA CUSTOMS,,Motorcycle,UNITED STATES (USA)
4C9343,1216,CUSTOM CONCESSIONS TRAILERS,,Trailer,UNITED STATES (USA)
4C9345,6979,"CIF INDUSTRIES, INC.",,Trailer,UNITED STATES (USA)
4C9346,1121,"CHAMPION BRIDGE CO., INC.",,Trailer,UNITED STATES (USA)
4C9347,1229,CUSTOM PITS AND FABRICATION LLC,,Trailer,UNITED STATES (USA)
4C9350,7609,CLASSIC TRAILERS SD,,Trailer,UNITED STATES (USA)
4C9351,7370,"CURTIS WELDING & FABRICATION, INC.",,Trailer,UNITED STATES (USA)
4C9356,7517,CGS PREMIER INC.,,Trailer,UNITED STATES (USA)
4C9357,6815,"VALLEY TRAILERS DIVISION OF CREATIVE FAB & WELDING, LLC",,Trailer,UNITED STATES (USA)
4C9358,11846,CONCHO CHOPPERS,,Motorcycle,UNITED STATES (USA)
4C9361,7795,TOWER LIGHTING INC.,,Trailer,UNITED STATES (USA)
4C9363,6761,CHAHTA ENTERPRISE METAL FABRICATION,,Trailer,UNITED STATES (USA)
4C9364,7482,CHUCK'S WAGONS,,Trailer,UNITED STATES (USA)
4C9366,6791,"C B REPAIR & TRAILER MAINTENANCE, INC.",,Trailer,UNITED STATES (USA)
4C9367,1296,COYOTE MFG CO,,Trailer,UNITED STATES (USA)
4C9368,6779,"CT&E, LLC",,Trailer,UNITED STATES (USA)
4C9372,15689,"CPAT DISTRIBUTION, INC",,Trailer,UNITED STATES (USA)
4C9374,1218,CUSTOM CYCLE STUDIO LLC,,Motorcycle,UNITED STATES (USA)
4C9376,6778,CROSS PISTONS CUSTOM DESIGN,,Motorcycle,UNITED STATES (USA)
4C9378,13363,CTJ TRAILERS,,Trailer,UNITED STATES (USA)
4C9379,11837,COMBAT SUPPORT PRODUCTS INC.,,Trailer,UNITED STATES (USA)
4C9380,6976,"CROSS TRAILER MANUFACTURING & SALES, LLC",,Trailer,UNITED STATES (USA)
4C9381,6977,CAPITAL PUMP & EQUIPMENT,,Trailer,UNITED STATES (USA)
4C9383,981,COUNTRY COACH CORPORATION,,Bus,UNITED STATES (USA)
4C9384,7325,"COMPETITION BODYWORKS, INC.",,Trailer,UNITED STATES (USA)
4C9385,7162,"CARGO TRAILER SALES, INC.",,Trailer,UNITED STATES (USA)
4C9386,7319,"COMPREHENSIVE COMMUNICATION SERVICES, LLC",,Trailer,UNITED STATES (USA)
4C9387,7312,"COASTAL PUMP & EQUIPMENT, LLC",,Trailer,UNITED STATES (USA)
4C9394,13681,"CHAPMAN CUSTOM MANUFACTURING, LLC",,Trailer,UNITED STATES (USA)
4C9396,12023,CHARLESTON TRAILER LLC,,Trailer,UNITED STATES (USA)
4C9397,13759,"CANAGE CUSTOM TRAILERS, INC.",,Trailer,UNITED STATES (USA)
4C9398,13785,"COLORADO TEARDROP TRAILERS, LLC",,Trailer,UNITED STATES (USA)
4C9402,16330,CAL CENTRAL CATERING TRAILERS,,Trailer,UNITED STATES (USA)
4C9404,13636,CALMARC CABS,,Trailer,UNITED STATES (USA)
4C9406,13707,CIRCLE N TRAILERS,,Trailer,UNITED STATES (USA)
4C9407,14934,"COLUMBIA PARCAR CUSTOM CARTS, INC.",,Low Speed Vehicle (LSV),UNITED STATES (USA)
4C9409,13634,CRUISE N SNOOZE INC.,,Trailer,UNITED STATES (USA)
4C9410,13831,CARTS UNLIMITED,,Low Speed Vehicle (LSV),UNITED STATES (USA)
4C9411,5045,COUNTY ROAD TRAILERS LLC,,Trailer,UNITED STATES (USA)
4C9413,15725,"CORNERSTONE DESIGN BUILD, INC.",,Trailer,UNITED STATES (USA)
4C9417,14367,"COX FABRICATION, INC.",,Trailer,UNITED STATES (USA)
4C9419,14863,"CYPRESS CREEK MOTORSPORTS II, LLC",,Motorcycle,UNITED STATES (USA)
4C9420,14992,CIRCLE R TRAILERS,,Trailer,UNITED STATES (USA)
4C9421,14661,"CAGED CROW FABRICATION, LLC",,Trailer,UNITED STATES (USA)
4C9422,15014,COLVIN MOTORCYCLE,,Motorcycle,UNITED STATES (USA)
4C9424,14965,CROWN FOOD CARTS INCORPORATED,,Trailer,UNITED STATES (USA)
4C9426,15006,"C3 DESIGN, INC. T/A FRANKLIN RETREATS",,Trailer,UNITED STATES (USA)
4C9428,15057,CONQUEST TRIKE OF TAMPA BAY LLC,,Motorcycle,UNITED STATES (USA)
4C9429,15699,"C4 WELDING, INC.",,Trailer,UNITED STATES (USA)
4C9430,15092,CH TRAILER COMPANY,,Trailer,UNITED STATES (USA)
4C9431,15153,CARTS ON 12 INC.,,Low Speed Vehicle (LSV),UNITED STATES (USA)
4C9432,19872,CAVALIER HOMES,,Trailer,
4C9433,15470,COYOTE WELDING,,Trailer,UNITED STATES (USA)
4C9437,15521,CENTURY MACHINERY CO. INC.,,Trailer,UNITED STATES (USA)
4C9438,21306,"CIRCLE TM TRAILERS, LLC",,Trailer,
4C9439,7738,"CHANGENT SYSTEMS, LLC",,Motorcycle,UNITED STATES (USA)
4C9441,15652,CRANE COMPONENTS LLC,,Trailer,UNITED STATES (USA)
4C9442,15730,"CK MANUFACTURING, LLC",,Trailer,UNITED STATES (USA)
4C9446,17518,"CMG CUSTOM TRAILERS, INC.",,Trailer,UNITED STATES (USA)
4C9448,15861,CLASSY CHASSIS CAMPERS,,Trailer,UNITED STATES (USA)
4C9451,15965,CAROLINA KUSTOM KARTS & LSV'S,,Low Speed Vehicle (LSV),UNITED STATES (USA)
4C9452,16027,COLE RETAIL LLC,,Trailer,UNITED STATES (USA)
4C9454,15930,"CAVCO INDUSTRIES, INC.",,Trailer,UNITED STATES (USA)
4C9455,16023,"CN ENTERPRISES, LLC",,Trailer,UNITED STATES (USA)
4C9462,16327,"CROSSROADS MANUFACTURING, LLC",,Trailer,UNITED STATES (USA)
4C9463,16344,C & C MANUFACTURING LLC,,Trailer,UNITED STATES (USA)
4C9465,22416,CUSTOM UPFITS,,Trailer,UNITED STATES (USA)
4C9466,16513,"CARRIER SYSTEMS, LLC",,Trailer,UNITED STATES (USA)
4C9469,17507,CUTLASS FLOATWORKS INC.,,Trailer,UNITED STATES (USA)
4C9474,16648,C3 WELDING & FABRICATION,,Trailer,UNITED STATES (USA)
4C9475,17108,"CHIEF TECHNOLOGIES, LLC",,Trailer,UNITED STATES (USA)
4C9476,17188,"CUMBERLAND ADVENTURE TRAILERS, LLC",,Trailer,UNITED STATES (USA)
4C9477,17049,CASPER'S CARTS LLC,,Low Speed Vehicle (LSV),UNITED STATES (USA)
4C9478,17049,CASPER'S CARTS LLC,,Trailer,UNITED STATES (USA)
4C9479,17061,CUSTOM METAL PROJECTS LLC,,Trailer,UNITED STATES (USA)
4C9485,18144,"CENTRAL POWER SYSTEMS AND SERVICES, LLC.",,Trailer,UNITED STATES (USA)
4C9486,17600,"COLUMBIA VEHICLE GROUP, INC.",,Low Speed Vehicle (LSV),UNITED STATES (USA)
4C9491,12031,"CRUISE CAR, INC.",,Low Speed Vehicle (LSV),UNITED STATES (USA)
4C9492,17492,"COAST AUTONOMOUS, INC.",,Bus,UNITED STATES (USA)
4C9494,17543,CART KINGS,,Low Speed Vehicle (LSV),UNITED STATES (USA)
4C9496,17664,"CURTISS MOTORCYCLE COMPANY, INC.",,Motorcycle,UNITED STATES (USA)
4C9497,17570,CALI CUSTOM TRAILERS,,Trailer,UNITED STATES (USA)
4C9498,17580,CUSTOM KAYAK TRAILERS,,Trailer,UNITED STATES (USA)
4C9499,17630,CHAMPION TRAILER PARTS AND REPAIR LLC,,Trailer,UNITED STATES (USA)
4C9500,17601,"COASTAL TRAILER MANUFACTURING, LLC.",,Trailer,UNITED STATES (USA)
4C9501,17492,"COAST AUTONOMOUS, INC.",,Low Speed Vehicle (LSV),UNITED STATES (USA)
4C9502,17681,CALIFORNIA'S CUSTOM CONCESSION TRAILERS LLC,,Trailer,UNITED STATES (USA)
4C9505,17851,CARTER ENTERPRISES LLC,,Trailer,UNITED STATES (USA)
4C9506,18109,CARA VALENTE,,Trailer,UNITED STATES (USA)
4C9508,18773,COREY MACHINE COMPANY,,Trailer,UNITED STATES (USA)
4C9509,18410,"CARSON'S TRAILER MANUFACTURING, INC.",,Trailer,UNITED STATES (USA)
4C9513,21213,C-LOCK INC.,,Trailer,
4C9514,18515,CLASSIC WEST TRAILERS,,Trailer,UNITED STATES (USA)
4C9515,18427,"CAPE COD MARINE SERVICES, INC. / (DBA) ALUMATECH MARINE",,Trailer,UNITED STATES (USA)
4C9516,18537,CHOP BOYZ CUSTOM CYCLEZ,,Motorcycle,UNITED STATES (USA)
4C9518,18850,CLOUD 9 CUSTOM TRAILERS LLC,,Trailer,UNITED STATES (USA)
4C9520,18709,"COLORADO BACKCOUNTRY TRAILERS, LLC",,Trailer,UNITED STATES (USA)
4C9522,18512,"CARETTA, LLC",,Trailer,UNITED STATES (USA)
4C9526,20627,COMBAT MOTORS LLC,,Motorcycle,UNITED STATES (USA)
4C9530,18887,CIVES CORPORATION DBA VIKING-CIVES,,Trailer,UNITED STATES (USA)
4C9532,19241,COWTOWN TRAILERS AND TIRES LLC,,Trailer,UNITED STATES (USA)
4C9533,18863,COMMUNICATIONS VEHICLE SERVICE,,Trailer,UNITED STATES (USA)
4C9534,18901,CHURCHILL MANUFACTURING,,Trailer,UNITED STATES (USA)
4C9535,18904,C&C FLUID POWER LLC.,,Trailer,UNITED STATES (USA)
4C9536,18903,CRUISE N CAMP LLC,,Trailer,UNITED STATES (USA)
4C9537,18943,CENTRAL FLORIDA BOAT TRAILERS LLC,,Trailer,UNITED STATES (USA)
4C9540,3533,"BATTLE MOTORS, INC",,Incomplete Vehicle,UNITED STATES (USA)
4C9541,3533,"BATTLE MOTORS, INC",,Truck,UNITED STATES (USA)
4C9542,3533,"BATTLE MOTORS, INC",,Trailer,UNITED STATES (USA)
4C9545,19050,"CAJUN FAB VENTURES, LLC",,Trailer,UNITED STATES (USA)
4C9546,19049,CAL-TEX TRAILERS,,Trailer,UNITED STATES (USA)
4C9548,19199,"CATTAIL COVE MARINA, LLC., DBA: APEX MANUFACTURING & MARINE",,Trailer,UNITED STATES (USA)
4C9549,19192,"COASTAL GOLF CART RENTALS, LLC  DBA COASTAL GOLF CAR SALES",,Low Speed Vehicle (LSV),UNITED STATES (USA)
4C9550,19066,"C AND A MOTORS, LLC",,Low Speed Vehicle (LSV),UNITED STATES (USA)
4C9552,18962,CARGO MASTERS TRAILER MANUFACTURING AND SALES LLC,,Trailer,UNITED STATES (USA)
4C9558,19536,CARDINAL TRAILER SALES,,Trailer,UNITED STATES (USA)
4C9559,19760,CDPW INC.,,Trailer,UNITED STATES (USA)
4C9560,19562,C AND S CUSTOM CYCLES,,Motorcycle,UNITED STATES (USA)
4C9561,19569,CZV INC.,,Passenger Car,UNITED STATES (USA)
4C9563,19573,CRANDALL TRAILERS MFG.,,Trailer,UNITED STATES (USA)
4C9564,19615,HARPER PITWORKS LLC,,Trailer,UNITED STATES (USA)
4C9566,19647,COOK COUNTY WELDING AND MACHINE,,Trailer,UNITED STATES (USA)
4C9571,19756,CS&P TECHNOLOGIES LP,,Trailer,UNITED STATES (USA)
4C9572,20334,COFFEE CREEK MFG LLC,,Trailer,UNITED STATES (USA)
4C9574,19790,CLEARBLAST LLC,,Trailer,UNITED STATES (USA)
4C9576,19849,"CAMPFIRE HOMES, LLC",,Trailer,UNITED STATES (USA)
4C9577,19856,CONLEY SALES LLC,,Trailer,UNITED STATES (USA)
4C9578,20057,CONTAINER MOVING SOLUTIONS LLC.,,Trailer,UNITED STATES (USA)
4C9579,19958,"CARAPACE CAMPERS, LLC",,Trailer,UNITED STATES (USA)
4C9581,11846,CONCHO CHOPPERS,,Low Speed Vehicle (LSV),UNITED STATES (USA)
4C9582,23182,"CIRCLE A MANUFACTURING, INC.",,Trailer,UNITED STATES (USA)
4C9583,20001,CMP ATTACHMENTS,,Trailer,UNITED STATES (USA)
4C9585,20106,"CUSTOM TRUCK BODY & EQUIPMENT, INC.",,Trailer,UNITED STATES (USA)
4C9589,20254,CEDAR RIDGE CAMPERS LLC,,Trailer,UNITED STATES (USA)
4C9591,20207,CHAVEZ WELDING & MACHINE,,Trailer,UNITED STATES (USA)
4C9592,20197,CONNEXA ENERGY LLC,,Trailer,UNITED STATES (USA)
4C9593,20205,CLIFTON CHEVROLET INC.,,Trailer,UNITED STATES (USA)
4C9594,20263,"CONESTOGA WAGON COMPANY, LLC",,Trailer,UNITED STATES (USA)
4C9595,22526,C TRAILERS LLC,,Trailer,UNITED STATES (USA)
4C9597,21166,"CITY MACHINE & WELDING, INC. /  DBA: SUPERIOR TRAILER",,Trailer,UNITED STATES (USA)
4C9600,20494,COASTLINE POWER SOLUTIONS,,Trailer,UNITED STATES (USA)
4C9601,20343,CHEATA CHASSIS,,Trailer,UNITED STATES (USA)
4C9602,20383,CENTRAL COAST TINY HOMES,,Trailer,UNITED STATES (USA)
4C9606,20420,COUNTRY VALLEY LLC,,Trailer,UNITED STATES (USA)
4C9607,20373,CENTER CREEK TEARDROPS LLC,,Trailer,UNITED STATES (USA)
4C9608,20424,CUSTOM DESIGN PARK MODEL HOMES,,Trailer,UNITED STATES (USA)
4C9609,20448,CIRCLE 8 TRAILERS,,Trailer,UNITED STATES (USA)
4C9610,21632,CUSTOM FOOD TRUCKS AND REPAIR,,Trailer,
4C9611,20540,CYLTEX LLC,,Trailer,UNITED STATES (USA)
4C9612,20485,CIRCLE L TRAILERS,,Trailer,UNITED STATES (USA)
4C9615,20005,CAMPWORKS CO LLC,,Trailer,UNITED STATES (USA)
4C9616,21694,CUBE SERIES RV,,Trailer,UNITED STATES (USA)
4C9617,20550,CSE ENTERPRISES INC. DBA CAROLINA CARRIAGE,,Low Speed Vehicle (LSV),UNITED STATES (USA)
4C9618,20646,CALIFORNIA CONCESSION INNOVATIONS LLC,,Trailer,UNITED STATES (USA)
4C9619,20613,CALTEC LLC,,Trailer,UNITED STATES (USA)
4C9621,22380,CANYONLAND COACH LLC,,Trailer,
4C9623,20692,COASTAL CAROLINA GOLF CARTS,,Low Speed Vehicle (LSV),UNITED STATES (USA)
4C9625,20714,CONDESSA CONCRETE,,Trailer,UNITED STATES (USA)
4C9627,20748,C AND P REPAIRS AND SERVICE LLC,,Trailer,UNITED STATES (USA)
4C9629,20804,COBRA INDUSTRIES LLC,,Trailer,UNITED STATES (USA)
4C9631,20842,CUSTOM FOOD TRAILERS LLC,,Trailer,UNITED STATES (USA)
4C9632,20843,CERR-TEX TRAILERS,,Trailer,UNITED STATES (USA)
4C9634,20888,CENTEX SMOKERS,,Trailer,UNITED STATES (USA)
4C9636,20905,CAWLEY CREEK MOBILE WELDING,,Trailer,UNITED STATES (USA)
4C9638,21092,"CICERO BROTHERS ENTERPRISES, LLC",,Trailer,UNITED STATES (USA)
4C9639,20991,CUSTOM CONCEPTS CARTS LLC,,Low Speed Vehicle (LSV),UNITED STATES (USA)
4C9641,21090,CSIRIUS LLC,,Trailer,UNITED STATES (USA)
4C9642,21250,CERTAFAB,,Trailer,
4C9643,1252,"CROSS COUNTRY MFG., INC.",,Trailer,
4C9645,21243,CONQUEROR TRANS LLC,,Trailer,
4C9646,21164,CAMEX BY PROMOTORA INDUSTRIAL DE  DESARRLLO,,Trailer,UNITED STATES (USA)
4C9647,21316,CART PART PROS,,Low Speed Vehicle (LSV),UNITED STATES (USA)
4C9648,21351,"CSC TRAILERS, LLC",,Trailer,UNITED STATES (USA)
4C9651,22465,"CARGO UNITED,LLC",,Trailer,
4C9652,21527,"CAHILL SERVICES OPERATING, LLC",,Trailer,UNITED STATES (USA)
4C9653,21560,COMPASS POINT TRAILERS LLC,,Trailer,
4C9654,21588,CARMONA PRESTIGE HOMES LLC,,Trailer,
4C9655,17681,CALIFORNIA'S CUSTOM CONCESSION TRAILERS LLC,,Trailer,
4C9658,21788,CHARACTER CARTS LLC,,Low Speed Vehicle (LSV),
4C9659,21564,CAMPPAD,,Trailer,
4C9660,21692,CURRY'S TRANSPORTATION SERVICES INC,,Trailer,
4C9661,21645,"CELTIC MANUFACTURING, LLC",,Trailer,
4C9662,21677,CIRCLE M WELD & FAB INC.,,Trailer,
4C9663,21640,"COSENTINO MOTOR COMPANY, LLC",,Motorcycle,
4C9664,21776,COUGER MANUFACTURING LLC,,Trailer,UNITED STATES (USA)
4C9665,21736,CT INDUSTRIES LLC,,Trailer,
4C9666,23589,"CALIFORNO, CORP.",,Trailer,
4C9667,21861,CRATEBOX MANUFACTURING,,Trailer,UNITED STATES (USA)
4C9669,21951,CELLTECH TRAILERS LLC,,Trailer,
4C9670,21935,COLE'S MASTERCRAFT DOG TRAILERS,,Trailer,UNITED STATES (USA)
4C9671,21949,ARCANE TRAILERS,,Trailer,UNITED STATES (USA)
4C9672,22008,"CACHE CAMPER MFG. INC. - PALMER, AK",,Trailer,
4C9673,22020,CENLA STEEL ERECTORS INC.,,Trailer,UNITED STATES (USA)
4C9674,22501,"CLEGG INDUSTRIES, INC.",,Trailer,
4C9677,22233,CARMOTIVE LLC,,Trailer,
4C9678,22425,C&C MANUFACTURING CO,,Trailer,
4C9679,22362,CNJ TRAILER CO,,Trailer,UNITED STATES (USA)
4C9680,22387,CORNELL PUMP COMPANY LLC,,Trailer,
4C9682,22678,CRUSE SEPTIC & TRAILER MFG,,Trailer,
4C9684,22443,"CALIFORNIA TINY HOUSE, INC.",,Trailer,
4C9686,22462,"CRUCIAL, INCORPORATED",,Trailer,
4C9687,7494,CITE ARMORED,,Multipurpose Passenger Vehicle (MPV),
4C9688,22480,CACI FEDERAL INC,,Trailer,UNITED STATES (USA)
4C9689,22482,"CEDAR CREEK BUILDERS, LLC",,Trailer,
4C9690,22507,COMPTANK CORPORATION,,Trailer,
4C9694,22753,CONSOLIDATED PUMPS AND EQUIPMENT,,Trailer,
4C9695,25219,CALIFORNIA TRAILER SOLUTIONS LLC,,Trailer,
4C9696,22819,CJC CUSTOMS,,Motorcycle,UNITED STATES (USA)
4C9697,22659,"CAROLINA STEELWORKS, LLC",,Trailer,
4C9698,22893,CANYON TRAILER LLC,,Trailer,
4C9700,23088,COSTA CARTS LLC,,Low Speed Vehicle (LSV),
4C9701,23094,CARTIOLOGY LLC,,Low Speed Vehicle (LSV),
4C9702,23106,CONCHO EQUIPMENT & SERVICES,,Trailer,UNITED STATES (USA)
4C9704,23147,CAWLEY CREEK WELDING,,Trailer,UNITED STATES (USA)
4C9705,23183,CARLSONS CUSTOM CREATIONS,,Trailer,UNITED STATES (USA)
4C9706,23203,COACHWORKS1260 LLC,,Trailer,
4C9708,23250,CARTS DE LUXE LLC,,Low Speed Vehicle (LSV),
4C9711,23438,CC WELDING & SANDBLASTING SERVICES LLC,,Trailer,
4C9714,23338,"CROSSHAIR INDUSTRIES, INC.",,Trailer,UNITED STATES (USA)
4C9715,23414,CUKS METAL RECYCLERS L.L.C.,,Low Speed Vehicle (LSV),UNITED STATES (USA)
4C9719,23446,CUTTING EDGE GOLF CARTS,,Low Speed Vehicle (LSV),
4C9720,23495,CAM INDUSTRIES LLC,,Trailer,
4C9721,23556,CL FABRICATION INC.,,Trailer,UNITED STATES (USA)
4C9722,23630,"CIRCLE DOUBLE B TRAILER SALES, LLC",,Trailer,UNITED STATES (USA)
4C9723,23645,"CHARGE RIGS, LLC",,Trailer,UNITED STATES (USA)
4C9724,23703,"CONWAY AXLE & TRAILER PARTS, LLC",,Trailer,
4C9726,24041,"COMMERCE GROUP INTERNATIONAL, LLC",,Trailer,
4C9728,23840,COMPLETE CONCESSIONS,,Trailer,
4C9731,24000,CLEVR CARTS LLC,,Low Speed Vehicle (LSV),UNITED STATES (USA)
4C9733,24084,"CARISMA GROUP, LLC",,Trailer,
4C9736,24507,CURLEY BROTHERS TRAILERS LLC,,Trailer,
4C9740,24838,CALI CONCESSION TRAILERS LLC,,Trailer,UNITED STATES (USA)
4C9741,24843,COOPER'S CUSTOM CARTS LLC,,Low Speed Vehicle (LSV),
4C9744,24883,"CIRCLE C EQUIPMENT, LLC",,Trailer,
4C9746,25044,CUSTOM SITE SOLUTIONS,,Trailer,
4C9748,25033,CLASICA LLC,,Trailer,
4C9749,21734,CAPSTONE DESIGN AND FABRICATION INC.,,Trailer,
4C9750,25394,CENFLO MARINE,,Trailer,
4C9751,25281,CIRCLE B TRAILERS,,Trailer,
4C9752,25123,CROWN MANUFACTURING LLC,,Trailer,UNITED STATES (USA)
4C9753,25260,CWI TRAILERS INC,,Trailer,UNITED STATES (USA)
4C9754,25216,CUSTOMPRO TRAILERS LLC,,Trailer,
4C9755,22147,CABINPRO CONSTRUCTION LLC,,Trailer,
4C9756,25388,COUNTRYVIEW WELDING LLC,,Trailer,UNITED STATES (USA)
4C9757,25380,CPS 6400 LLC,,Trailer,UNITED STATES (USA)
4C9760,25586,CROSS COUNTRY MANUFACTURING (US) LTD.,,Trailer,UNITED STATES (USA)
4C9761,25616,"CONWAY TRAILER, LLC",,Trailer,
4C9762,25715,CHARGEHIVES LLC,,Trailer,UNITED STATES (USA)
4CA,12937,"FLEETWOOD FOLDING TRAILER, INC.","FLEETWOOD FOLDING TRAILERS, AMERICANA",Trailer,UNITED STATES (USA)
4CB,12937,"FLEETWOOD FOLDING TRAILER, INC.",FLEETWOOD FOLDING TRAILERS,Trailer,UNITED STATES (USA)
4CC,12937,"FLEETWOOD FOLDING TRAILER, INC.",COLORADO,Trailer,UNITED STATES (USA)
4CD,1058,OSHKOSH CORPORATION,OSHKOSH,Incomplete Vehicle,UNITED STATES (USA)
4CE,12937,"FLEETWOOD FOLDING TRAILER, INC.",DESTINY,Trailer,UNITED STATES (USA)
4CF,12937,"FLEETWOOD FOLDING TRAILER, INC.","FLEETWOOD FOLDING TRAILERS, FOUR SEASONS",Trailer,UNITED STATES (USA)
4CG,6863,"FTCA, INC.",FLEETWOOD FOLDING TRAILERS,Trailer,UNITED STATES (USA)
4CJ,12937,"FLEETWOOD FOLDING TRAILER, INC.",FLEETWOOD FOLDING TRAILERS,Trailer,UNITED STATES (USA)
4CK,12937,"FLEETWOOD FOLDING TRAILER, INC.",FLEETWOOD FOLDING TRAILERS,Trailer,UNITED STATES (USA)
4CL,12937,"FLEETWOOD FOLDING TRAILER, INC.",FLEETWOOD FOLDING TRAILERS,Trailer,UNITED STATES (USA)
4CM,12937,"FLEETWOOD FOLDING TRAILER, INC.",FLEETWOOD FOLDING TRAILERS,Trailer,UNITED STATES (USA)
4CN,12937,"FLEETWOOD FOLDING TRAILER, INC.",FLEETWOOD FOLDING TRAILERS,Trailer,UNITED STATES (USA)
4CP,12937,"FLEETWOOD FOLDING TRAILER, INC.",FLEETWOOD FOLDING TRAILER (PIONEER),Trailer,UNITED STATES (USA)
4CR,9584,"CLASSIC ROADSTERS, LTD.",CLASSIC ROADSTERS,Passenger Car,UNITED STATES (USA)
4CS,6863,"FTCA, INC.",COLEMAN,Trailer,UNITED STATES (USA)
4CT,12937,"FLEETWOOD FOLDING TRAILER, INC.",FLEETWOOD FOLDING TRAILERS,Trailer,UNITED STATES (USA)
4CU,12937,"FLEETWOOD FOLDING TRAILER, INC.",FLEETWOOD FOLDING TRAILERS,Trailer,UNITED STATES (USA)
4CV,12937,"FLEETWOOD FOLDING TRAILER, INC.",FLEETWOOD FOLDING TRAILERS,Trailer,UNITED STATES (USA)
4CW,12937,"FLEETWOOD FOLDING TRAILER, INC.",FLEETWOOD FOLDING TRAILERS,Trailer,UNITED STATES (USA)
4CX,12937,"FLEETWOOD FOLDING TRAILER, INC.",FLEETWOOD FOLDING TRAILERS,Trailer,UNITED STATES (USA)
4CY,12937,"FLEETWOOD FOLDING TRAILER, INC.",FLEETWOOD FOLDING TRAILERS,Trailer,UNITED STATES (USA)
4CZ,16553,CZ ENGINEERING INC,"CZ ENGINEERING, INC.",Trailer,UNITED STATES (USA)
4D0,3432,"SHORE-MASTERS, INC.",SHOREMASTER,Trailer,UNITED STATES (USA)
4D4,18181,"CENTRAL ARKANSAS FABRICATION, INC. DBA PONDEROSA TRAILERS",PONDEROSA TRAILERS,Trailer,UNITED STATES (USA)
4D6,4540,"CARGO CRAFT ,INC.","CARGO CRAFT ,INC.",Trailer,UNITED STATES (USA)
4DF,16369,"MASTER TOW, INC.",MASTER TOW,Trailer,UNITED STATES (USA)
4DG,12871,DNA ENTERPRISES INC,DNA ENTERPRISES INC,Trailer,UNITED STATES (USA)
4DH,13181,"BUCK DANDY CO., INC.",BUCK DANDY,Trailer,UNITED STATES (USA)
4DJ,1968,AMERA TRAIL INC,AMERATRAIL,Trailer,UNITED STATES (USA)
4DK,1602,KRISTI TRAILER INDUSTRIES,KRISTI TRAILER INDUSTRIES,Trailer,UNITED STATES (USA)
4DM,16659,"SIVAD, INC",HUSTLER,Trailer,UNITED STATES (USA)
4DR,1064,"IC BUS, LLC","NAVISTAR, CATERPILLAR, IC BUS, WORKHORSE, INTERNATIONAL",Bus,UNITED STATES (USA)
4DS,18274,"J-J-N ENTERPRISES, INC","J-J-N ENTERPRISES, INC.",Trailer,UNITED STATES (USA)
4DV,10600,SKYLINE CORPORATION,SKYLINE CORPORATION,Trailer,UNITED STATES (USA)
4DY,13407,LIBERTY INC,TRAVALUM,Trailer,UNITED STATES (USA)
4E3,994,FCA US LLC,EAGLE,Passenger Car,UNITED STATES (USA)
4E7,10534,VANTAGE TRAILERS INC,VANTAGE TRAILERS,Trailer,UNITED STATES (USA)
4E8,16757,E & T UTILITY TRAILERS,E & T UTILITY TRAILERS,Trailer,UNITED STATES (USA)
4EC,16728,TFK CUSTOM TRAILER,TFK CUSTOM TRAILER,Trailer,UNITED STATES (USA)
4ED,5085,BREWER IMPLEMENTS LLC,DAVID BREWER IMPLEMENT INC.,Trailer,UNITED STATES (USA)
4EG,16729,CARTER BROTHERS MFG. CO. INC,CARTER BROTHERS MFG. CO. INC,Low Speed Vehicle (LSV),UNITED STATES (USA)
4EN,1050,"E-ONE, INC.",E-ONE,Truck,UNITED STATES (USA)
4EP,9324,"FREEDOM TRAILERS, INC. (TEXAS)",FREEDOM TRAILERS INC,Trailer,UNITED STATES (USA)
4ER,2085,"AMERICAN TOTE BOAT TRAILER CO., INC",AMERICAN TOTE,Trailer,UNITED STATES (USA)
4ET,9758,"EAGLE TRAILER CO., INC.","EAGLE TRAILER CO., INC",Trailer,UNITED STATES (USA)
4EU,12483,FOUR WINDS INTERNATIONAL,FOUR WINDS INTERNATIONAL CORPORATION,Trailer,UNITED STATES (USA)
4EX,17210,WELLS WESTERN TRAILER,WELLS WESTERN TRAILER,Trailer,UNITED STATES (USA)
4EZ,7522,"K. Z., INC.","KZ-RV, ESCAPE, SPORTTREK, SONIC, STRATUS, SIENNA, CONFLUENCE, FOREIGN EXPORT, DURANGO, ESCALADE, RIDGEWAY, VENOM (INFERNO), SPORTSMEN (KZ), CONNECT, SIDEWINDER, SPREE, ROCK CLIMBER, STONERIDGE, ACCELERATE, CAMPBOUND, SPORTSTER X, DOMANI",Trailer,UNITED STATES (USA)
4F2,976,FORD MOTOR COMPANY,MAZDA,Multipurpose Passenger Vehicle (MPV),UNITED STATES (USA)
4F3,976,FORD MOTOR COMPANY,MAZDA,Truck,UNITED STATES (USA)
4F4,976,FORD MOTOR COMPANY,MAZDA,Truck,UNITED STATES (USA)
4F5,16979,FOURSTAR TRAILERS,FOURSTAR TRAILERS,Trailer,UNITED STATES (USA)
4F6,16931,AMERIQUIP,AMERIQUIP,Trailer,UNITED STATES (USA)
4F7,9294,VISION METALS INC. DBA FERREE TRAILER,VISION METALS INC. DBA FERREE TRAILER,Trailer,UNITED STATES (USA)
4FB,10629,SPORT BOAT TRAILERS INC.,SPORT BOAT TRAILERS,Trailer,UNITED STATES (USA)
4FC,16943,"COASTAL MANUFACTURING CO., L.P.",SLIP STREAM,Trailer,UNITED STATES (USA)
4FE,16941,FIRESIDE RECREATIONAL VEHICLES,FIRESIDE RECREATIONAL VEHICLES,Trailer,UNITED STATES (USA)
4FG,13341,"FEATHERLITE TRAILER MANUFACTURING, LLC",FEATHERLITE TRAILERS,Trailer,UNITED STATES (USA)
4FK,4395,"4-STAR TRAILERS, INC.",4-STAR TRAILERS INC.,Trailer,UNITED STATES (USA)
4FP,1489,PACE AMERICAN OF GEORGIA INC.,PACE AMERICAN,Trailer,UNITED STATES (USA)
4FU,16935,SOUTHWEST/TCP,SOUTHWEST/TCP,Trailer,UNITED STATES (USA)
4FV,12307,"DOOSAN BOBCAT NORTH AMERICA, INC.",DOOSAN,Trailer,UNITED STATES (USA)
4FZ,18195,"DOUBLE ""P"" FABRICATION & INSTALLATION, INC.","DOUBLE ""P"" TRAILERS",Trailer,UNITED STATES (USA)
4G0,17052,CUSTOM TRAILERS OF TEXAS,CUSTOM TRAILERS OF TEXAS,Trailer,UNITED STATES (USA)
4G1,984,GENERAL MOTORS LLC,CHEVROLET,Passenger Car,UNITED STATES (USA)
4G2,984,GENERAL MOTORS LLC,PONTIAC,Passenger Car,UNITED STATES (USA)
4G3,984,GENERAL MOTORS LLC,CHEVROLET,Passenger Car,UNITED STATES (USA)
4G4,10551,"KENDON INDUSTRIES, LLC",KENDON INDUSTRIES INCORPORATED,Trailer,UNITED STATES (USA)
4G5,984,GENERAL MOTORS LLC,GMC,Passenger Car,UNITED STATES (USA)
4G8,16873,WILSON CUSTOM TRAILER INC,WILSON CUSTOM TRAILER INC,Trailer,UNITED STATES (USA)
4GA,4026,CALICO TRAILER MFG. CO.,CALICO TRAILER,Trailer,UNITED STATES (USA)
4GB,1747,DRESSEN CUSTOM TRAILERS,DRESSEN CUSTOM TRAILERS,Trailer,UNITED STATES (USA)
4GD,984,GENERAL MOTORS LLC,"OPEL, GMC",Multipurpose Passenger Vehicle (MPV),UNITED STATES (USA)
4GE,18182,"GENERAL TRAILER MFG, INC.","GENERAL TRAILER MFG, INC.",Trailer,UNITED STATES (USA)
4GJ,2622,POLY-JOHN ENTERPRISES INCORPORATION LLC,POLYJOHN TRAILER,Trailer,UNITED STATES (USA)
4GK,2557,MJT MANUFACTURING,MJT MANUFACTURING,Trailer,UNITED STATES (USA)
4GL,984,GENERAL MOTORS LLC,BUICK,Incomplete Vehicle,UNITED STATES (USA)
4GN,8699,MULTIQUIP INC.,"MQ POWER, MULTIQUIP",Trailer,UNITED STATES (USA)
4GT,984,GENERAL MOTORS LLC,ISUZU,Truck,UNITED STATES (USA)
4GU,16690,SWEITZER COMPANIES,SWEITZER COMPANIES,Trailer,UNITED STATES (USA)
4H1,15657,HLT LIMITED,HLT TRAILERS,Trailer,UNITED STATES (USA)
4HA,5719,"ALTEC INDUSTRIES, INC.","ALTEC INDUSTRIES, INC.",Trailer,UNITED STATES (USA)
4HC,16686,C.V. INC,C.V. INC,Trailer,UNITED STATES (USA)
4HF,3886,"ROADMASTER INDUSTRIES, INC.","ROADMASTER INDUSTRIES, INC",Trailer,UNITED STATES (USA)
4HH,16974,HOP TRAILERS,HOP TRAILERS,Trailer,UNITED STATES (USA)
4HL,3724,LAKOTA INC,GOLD STAR TRAILER,Trailer,UNITED STATES (USA)
4HM,5012,HERITAGE MARKETING INC.,HERITAGE,Passenger Car,UNITED STATES (USA)
4HP,8135,PERFORMANCE TRAILER INC.,PERFORMANCE TRAILER INC.,Trailer,UNITED STATES (USA)
4HR,3767,RENAISSANCE CARS INC,RENAISSANCE,Passenger Car,UNITED STATES (USA)
4HU,5897,TEXAS TRAILER SERVICE,TEXAS TRAILER SERVICE,Trailer,UNITED STATES (USA)
4HV,12473,HUGHES SPRINGS CUSTOM TRAILERS,HUGHES SPRINGS CUSTOM TRAILERS,Trailer,UNITED STATES (USA)
4HX,6639,"CARSON TRAILER, INC.",CARSON TRAILER,Trailer,UNITED STATES (USA)
4HZ,4251,"HARMAR , INC.","HARMAR , INC.",Trailer,UNITED STATES (USA)
4J1,16937,"BOURG CHEMICAL DISTRIBUTING, INC","BOURG CHEMICAL DISTRIBUTING, INC",Trailer,UNITED STATES (USA)
4J6,2826,THE H&H TRAILER CO.,H&H TRAILER CO,Trailer,UNITED STATES (USA)
4J8,2695,"LBT, INC.",LBT INC,Trailer,UNITED STATES (USA)
4JD,17775,TWO-PAK TRAILER CO. INC.,TWO-PAK TRAILER COMPANY INC.,Trailer,UNITED STATES (USA)
4JE,3618,JOHNSTON ACQUISITION CORP,EAGLE TRAILER,Trailer,UNITED STATES (USA)
4JF,2908,MYCO TRAILERS,MYCO TRAILERS,Trailer,UNITED STATES (USA)
4JG,1043,"MERCEDES-BENZ OF NORTH AMERICA, INC.",MERCEDES-BENZ,Multipurpose Passenger Vehicle (MPV),UNITED STATES (USA)
4JL,3685,LOADMASTER CORP,LOADMASTER TRAILER MFG.,Trailer,UNITED STATES (USA)
4JM,9361,"RETTIG ENTERPRISES, INC.","RETTING ENTERPRISES, INC. DBA RETCO",Trailer,UNITED STATES (USA)
4JU,12173,"C&B QUALITY TRAILER WORKS, INC.",C&B QUALITY TRAILER WORKS,Trailer,UNITED STATES (USA)
4JV,8931,"VOYAGER TRAILERS, INC.",VOYAGER TRAILERS,Trailer,UNITED STATES (USA)
4JW,11450,WESTINGHOUSE ELECTRIC CORPORATION,WESTINGHOUSE CORPORATION,Motorcycle,UNITED STATES (USA)
4JY,11043,WIRE WAGON NORTH AMERICA INC,WIRE WAGON,Trailer,UNITED STATES (USA)
4K0,2643,MONACO COACH CORPORATION,"MCKENZIE, MONACO TOWABLE",Trailer,UNITED STATES (USA)
4K1,10554,"NORTHERN TOOL & EQUIPMENT, INC.","NORTHERN TOOL & EQUIPMENT, INC., K-BAR INDUSTRIES, INC.",Trailer,UNITED STATES (USA)
4K3,17887,THREE KIT,THREE KIT,Trailer,UNITED STATES (USA)
4K5,17362,QUALITY MANUFACTURING,QUALITY TRAILER & RV'S,Trailer,UNITED STATES (USA)
4K6,16798,"CLASSIC TRAILERS, INC","CLASSIC TRAILERS, INC",Trailer,UNITED STATES (USA)
4KA,1064,"IC BUS, LLC","NAVISTAR, CATERPILLAR, IC BUS, WORKHORSE, INTERNATIONAL",Truck,UNITED STATES (USA)
4KB,984,GENERAL MOTORS LLC,CHEVROLET,Incomplete Vehicle,UNITED STATES (USA)
4KD,984,GENERAL MOTORS LLC,GMC,Incomplete Vehicle,UNITED STATES (USA)
4KF,9159,"C.E. SMITH COMPANY, INC.",C.E. SMITH COMPANY,Trailer,UNITED STATES (USA)
4KG,9629,FARMBILT INC,FARMBILT,Trailer,UNITED STATES (USA)
4KL,984,GENERAL MOTORS LLC,ISUZU,Incomplete Vehicle,UNITED STATES (USA)
4KN,16566,"MONROE TOWMASTER, LLC","MONROE TOWMASTER, TOWMASTER INC.",Trailer,UNITED STATES (USA)
4KP,17358,FRAKER MANUFACTURING CO.,FRAKER MANUFACTURING CO.,Trailer,UNITED STATES (USA)
4KX,4638,"C & C TRAILER & BODY CO., INC.","C & C TRAILER & BODY CO., INC.",Trailer,UNITED STATES (USA)
4L1,16953,INNOVATIVE ENTERPRISES,INNOVATIVE ENTERPRISES,Trailer,UNITED STATES (USA)
4L4,9636,FLOE INTERNATIONAL INC,FLOE INTERNATIONAL,Trailer,UNITED STATES (USA)
4L5,7261,"BEHNKE ENTERPRISES, INC.",BEHNKE ENTERPRISES,Trailer,UNITED STATES (USA)
4L7,18208,"AMRAD PRODUCTS AND SUPPLY COMPANY, INC.","AMRAD PRODUCTS AND SUPPLY COMPANY, INC.",Trailer,UNITED STATES (USA)
4LA,13517,EXISS SOONER TRAILER MANUFACTURING LLC,"EXXISS, SOONER, MILEY, UNIVERSAL TRAILER CORPORATION HORSE/LIVESTOCK GROUP",Trailer,UNITED STATES (USA)
4LC,18225,THE LEE CO,THE LEE CO,Trailer,UNITED STATES (USA)
4LE,10831,LOAD EAZ TRAILER CORPORATION,LOAD EAZ,Trailer,UNITED STATES (USA)
4LF,13015,FONTAINE SPECIALIZED,FONTAINE SPECIALIZED INC,Trailer,UNITED STATES (USA)
4LM,4523,CAPACITY OF TEXAS,CAPACITY TRUCKS,Truck,UNITED STATES (USA)
4LN,2007,BECK TRAILER MANUFACTURING INC,BECK TRAILER MANUFACTURING INC,Trailer,UNITED STATES (USA)
4LR,5459,GAMBLE TRAILERS INC,GAMBLE TRAILERS INC,Trailer,UNITED STATES (USA)
4LV,17357,L & M MACHINE AND FABRICATION,L & M MACHINE AND FABRICATION,Trailer,UNITED STATES (USA)
4LX,11702,WHITLEY MOTOR COMPANY INC,"WHITLEY MOTOR COMPANY, INC.",Trailer,UNITED STATES (USA)
4LY,8309,"MCCLAIN TRAILERS, INC","MCCLAIN TRAILERS, INC, MCCLAIN",Trailer,UNITED STATES (USA)
4M0,10556,VECTRIX CORPORATION,"VECTRIX SP. Z.O.O., VECTRIX",Motorcycle,UNITED STATES (USA)
4M2,976,FORD MOTOR COMPANY,MERCURY,Multipurpose Passenger Vehicle (MPV),UNITED STATES (USA)
4M3,976,FORD MOTOR COMPANY,MERCURY,Incomplete Vehicle,UNITED STATES (USA)
4M4,976,FORD MOTOR COMPANY,MERCURY,Truck,UNITED STATES (USA)
4M6,13156,BIG DOG TRAILER CO,BIG DOG TRAILER MFG,Trailer,UNITED STATES (USA)
4M7,5032,B&B HOMES INC DBA TETON HOMES DBA TETON INT.,TETON INTERNATIONAL,Trailer,UNITED STATES (USA)
4M8,10400,"SUPERIOR TRAILERS OF GEORGIA, INC.",SUPERIOR TRAILERS OF GEORGIA,Trailer,UNITED STATES (USA)
4M9001,15005,MENTZER CUSTOM TRAILER MANUFACTURING,,Trailer,UNITED STATES (USA)
4M9003,13818,"MONARCH,LLC",,Trailer,UNITED STATES (USA)
4M9004,20135,"SABRE MANUFACTURING, LLC",,Trailer,UNITED STATES (USA)
4M9005,14012,"MODERN METALWORX, LLC",,Trailer,UNITED STATES (USA)
4M9006,13829,"MUDDY CREEK MANUFACTURING, INC.",,Trailer,UNITED STATES (USA)
4M9008,13586,MUDDS CUSTOMS,,Trailer,UNITED STATES (USA)
4M9009,14915,"MAINTENANCE SERVICES, INC.",,Trailer,UNITED STATES (USA)
4M9010,13868,MPD TRAILERS,,Trailer,UNITED STATES (USA)
4M9011,13666,"MAINE SOURCE MACHINING CO, INC.",,Trailer,UNITED STATES (USA)
4M9012,13952,MUV-ALL TRAILER COMPANY,,Trailer,UNITED STATES (USA)
4M9013,14937,"MOHNEY FABRICATING & MANUFACTURING, LLC.",,Trailer,UNITED STATES (USA)
4M9015,13966,MAGNUS INDUSTRIES LLC,,Trailer,UNITED STATES (USA)
4M9016,14042,MATRI-ARC CREATIONS LLC,,Trailer,UNITED STATES (USA)
4M9017,14718,MIDWEST TRAILER MANUFACTURING LLC,,Trailer,UNITED STATES (USA)
4M9018,14627,MIGUEL'S TRUCKS AND TRAILERS SALES INC.,,Trailer,UNITED STATES (USA)
4M9020,14939,SUNFUN RENTALS,,Low Speed Vehicle (LSV),UNITED STATES (USA)
4M9022,18423,METER ENGINEERS INC.,,Trailer,UNITED STATES (USA)
4M9023,14485,MOGI MFG,,Trailer,UNITED STATES (USA)
4M9024,13833,MILLER BY DESIGN LLC,,Trailer,UNITED STATES (USA)
4M9027,14862,MUNNS MANUFACTURING INC,,Trailer,UNITED STATES (USA)
4M9029,15070,"MC TRAILERS, LLC",,Trailer,UNITED STATES (USA)
4M9030,14998,MAUPIN WELDING INC,,Trailer,UNITED STATES (USA)
4M9031,15008,MIDDLE GEORGIA TRAILERS,,Trailer,UNITED STATES (USA)
4M9033,16482,M-CO WELDING,,Trailer,UNITED STATES (USA)
4M9034,15555,MAINTENANCE ONE,,Trailer,UNITED STATES (USA)
4M9035,15546,MIKES TRAILERS INC,,Trailer,UNITED STATES (USA)
4M9036,10447,MADDOCK MACHINERY CORP.,,Trailer,UNITED STATES (USA)
4M9037,15664,MAKAHA TRAILERS,,Trailer,UNITED STATES (USA)
4M9038,19177,MANLEY ORV COMPANY INC,,Trailer,UNITED STATES (USA)
4M9040,15823,"MONDAK PORTABLES, LLC",,Trailer,UNITED STATES (USA)
4M9041,15691,TRAVALIGN CORP.,,Trailer,UNITED STATES (USA)
4M9044,15963,MOTO8IGHT,,Motorcycle,UNITED STATES (USA)
4M9045,15847,"MONSTER POWER EQUIPMENT, INC.",,Trailer,UNITED STATES (USA)
4M9046,15934,MOR MANUFACTURING,,Trailer,UNITED STATES (USA)
4M9050,16251,M. B. BOWEN COMPANY LLC,,Trailer,UNITED STATES (USA)
4M9051,16227,MOTION TRAILER WORX,,Trailer,UNITED STATES (USA)
4M9052,16388,"MIDAMERICA EQUIPMENT, INC",,Trailer,UNITED STATES (USA)
4M9054,17324,MY MINI TRAILER LLC,,Trailer,UNITED STATES (USA)
4M9055,16413,MCCOY MANUFACTURING LLC.,,Trailer,UNITED STATES (USA)
4M9056,17519,METHOD HOMES LLC,,Trailer,UNITED STATES (USA)
4M9058,16484,M8-A1 MULE OFF ROAD TRAILER,,Trailer,UNITED STATES (USA)
4M9060,16589,"MIDWEST EQUIPMENT MANUFACTURING, INC.",,Trailer,UNITED STATES (USA)
4M9062,16701,M AND S AUTO SALES INC,,Trailer,UNITED STATES (USA)
4M9063,16581,"MYERS FABRICATION, INC",,Trailer,UNITED STATES (USA)
4M9064,2426,MONTE CARLO  LIMITED INC,,Low Speed Vehicle (LSV),UNITED STATES (USA)
4M9065,16834,"MID-STATE TRAILERS, INC.",,Trailer,UNITED STATES (USA)
4M9071,17116,MOUNTAIN CREEK CABINS LLC,,Trailer,UNITED STATES (USA)
4M9075,17219,"MOBILITY CUBED, INCORPORATED",,Low Speed Vehicle (LSV),UNITED STATES (USA)
4M9076,17283,MOVABLE ROOTS LLC,,Trailer,UNITED STATES (USA)
4M9083,18807,MESALE FABRICATION,,Trailer,UNITED STATES (USA)
4M9086,17571,MECHGINEERING & DESIGN LLC,,Trailer,UNITED STATES (USA)
4M9088,17715,MOZAIC MOTORSPORTS CO,,Trailer,UNITED STATES (USA)
4M9090,17717,MR MIKE TRAILERS,,Trailer,UNITED STATES (USA)
4M9091,17877,"MIDWEST TEARDROPS, LLC",,Trailer,UNITED STATES (USA)
4M9092,17962,MARBLE PROPULSION TECHNOLOGY’S INC,,Low Speed Vehicle (LSV),UNITED STATES (USA)
4M9093,18231,MC CONCESSION TRAILERS,,Trailer,UNITED STATES (USA)
4M9094,18129,MOAT TRAILERS INC.,,Trailer,UNITED STATES (USA)
4M9096,18430,"MOOSE BILT INDUSTRIES, INC.",,Trailer,UNITED STATES (USA)
4M9097,18424,"MP TRAILERS MANUFACTURING, INC.",,Trailer,UNITED STATES (USA)
4M9098,18420,MARKET DIRECT CAMPERS AND CARAVANS INC,,Trailer,UNITED STATES (USA)
4M9101,18616,MOTO BURLY,,Trailer,UNITED STATES (USA)
4M9102,18608,"MONTONDO TRAILER, LLC",,Trailer,UNITED STATES (USA)
4M9103,18621,"MEDIEVAL METALWERX, LLC",,Trailer,UNITED STATES (USA)
4M9104,18623,MOVE SYSTEMS INTERNATIONAL LLC,,Trailer,UNITED STATES (USA)
4M9105,6985,"MOTIV POWER SYSTEMS, INC.",,Incomplete Vehicle,UNITED STATES (USA)
4M9107,18669,MIUS INDUSTRIES,,Trailer,UNITED STATES (USA)
4M9108,18650,CHRIS HOLLAND (MALTA DYNAMICS),,Trailer,UNITED STATES (USA)
4M9110,18752,"MUELLER CUSTOM TRAILERS, LLC",,Trailer,UNITED STATES (USA)
4M9111,18800,MID-COUNTY FABRICATING INC.,,Trailer,UNITED STATES (USA)
4M9116,18920,"MOUNTAIN GOAT TRAILERS, LLC",,Trailer,UNITED STATES (USA)
4M9117,14713,MARQUEZ BROTHERS INC.,,Trailer,UNITED STATES (USA)
4M9118,18995,MICHAEL'S CUSTOM LSV LLC,,Low Speed Vehicle (LSV),UNITED STATES (USA)
4M9119,18973,M8-TECH,,Motorcycle,UNITED STATES (USA)
4M9120,19002,M&W WELDING INC.,,Trailer,UNITED STATES (USA)
4M9123,19103,MONTANA DAVE’S CHOPPERS,,Motorcycle,UNITED STATES (USA)
4M9124,19162,MISPHIT INC.,,Motorcycle,UNITED STATES (USA)
4M9127,19321,MCCORMIC WELDING,,Trailer,UNITED STATES (USA)
4M9129,19394,"MONTGOMERY SALES, INC.",,Trailer,UNITED STATES (USA)
4M9131,19474,"MEDICAL STRUCTURES, LLC",,Trailer,UNITED STATES (USA)
4M9132,16015,MASSIMO MOTOR SPORTS LLC,,Low Speed Vehicle (LSV),UNITED STATES (USA)
4M9133,19463,MOTO TECH TRAILERS LLC,,Trailer,UNITED STATES (USA)
4M9134,19588,"MUSTARD SEED TINY HOMES, LLC",,Trailer,UNITED STATES (USA)
4M9135,19669,MUSIC CITY LSV LLC,,Low Speed Vehicle (LSV),UNITED STATES (USA)
4M9136,20053,MAUSLEIN WELDING,,Trailer,UNITED STATES (USA)
4M9139,19755,MIA MANUFACTURING INC,,Trailer,UNITED STATES (USA)
4M9142,20117,MAXIMUM CARGO TRAILERS LLC,,Trailer,UNITED STATES (USA)
4M9143,19775,MITCHCRAFT INC,,Trailer,UNITED STATES (USA)
4M9144,19860,"MP CUSTOM TRAILERS, LLC",,Trailer,UNITED STATES (USA)
4M9145,19791,MUSEE TRAILERS,,Trailer,
4M9146,19821,MR STEEL ACQUISITION CORP,,Trailer,UNITED STATES (USA)
4M9147,19815,MUSARRO TRANSPORT,,Trailer,UNITED STATES (USA)
4M9148,19827,MP TRAILER MFG LLP,,Trailer,UNITED STATES (USA)
4M9150,19892,MASSIMO MARINE,,Trailer,UNITED STATES (USA)
4M9152,19962,MATERIAL HANDLING OF GA INC,,Trailer,UNITED STATES (USA)
4M9153,19984,MCMULLEN MANUFACTURING,,Trailer,UNITED STATES (USA)
4M9154,19998,"MT. BACHELOR CARTS AND PARTS, LLC",,Low Speed Vehicle (LSV),UNITED STATES (USA)
4M9156,20045,MCU MANUFACTURING LLC,,Trailer,UNITED STATES (USA)
4M9157,20147,CRISTIAN MERCADO  MERCADO CUSTOM TRAILERS,,Trailer,UNITED STATES (USA)
4M9160,23625,MC MANUFACTURING AND REPAIR LLC,,Trailer,
4M9162,20206,MOUNTAIN TRAILER SPORTS,,Trailer,UNITED STATES (USA)
4M9164,20356,"MORE RESOURCEFUL, LLC.",,Low Speed Vehicle (LSV),
4M9165,20389,MECHANICAL DESIGN INC.,,Trailer,UNITED STATES (USA)
4M9167,20547,METAL WORKZ LLC,,Trailer,UNITED STATES (USA)
4M9168,20620,"MOORESVILLE METAL HOUSE, INC.",,Trailer,UNITED STATES (USA)
4M9169,20729,C&W FABRICATION,,Trailer,UNITED STATES (USA)
4M9171,21017,MI TRAILER SALES INC,,Trailer,UNITED STATES (USA)
4M9172,20623,MAMMOTH OVERLAND,,Trailer,UNITED STATES (USA)
4M9173,19506,MCKINNEY MEASUREMENT & CONTROL INC.,,Trailer,UNITED STATES (USA)
4M9176,20659,MILLER WELDING & FABRICATION INC.,,Trailer,UNITED STATES (USA)
4M9177,20648,MED-CO LLC,,Trailer,UNITED STATES (USA)
4M9179,20712,MULTIDIMENSIONAL MANUFACTURING LLC,,Trailer,UNITED STATES (USA)
4M9181,20761,CORTES CAMPERS LLC,,Trailer,UNITED STATES (USA)
4M9182,20826,MCINTIRE WELDING SERVICES INC,,Trailer,UNITED STATES (USA)
4M9183,20910,WHISPER CARTS LLC,,Low Speed Vehicle (LSV),UNITED STATES (USA)
4M9184,20893,"MERCHANTS MOVING & STORAGE, INC.",,Trailer,UNITED STATES (USA)
4M9185,20954,MOORE'S WELDING LLC DBA A & L SMOKERS,,Trailer,UNITED STATES (USA)
4M9187,18482,MUDSLIDE CHOPPS LLC,,Trailer,
4M9190,21249,MINI MONSOON LLC,,Trailer,
4M9191,21233,MID FLORIDA METALWORKS,,Trailer,
4M9192,21225,"MONARD TRAILERS, LLC.",,Trailer,UNITED STATES (USA)
4M9193,21411,MOBILE CONCEPTS INC.,,Trailer,
4M9196,21468,MJ TEXAS TRAILERS LLC,,Trailer,UNITED STATES (USA)
4M9197,22896,MARINE/BOAT SERVICE & REPAIR . INC,,Trailer,UNITED STATES (USA)
4M9198,21538,MAKING AMERICAN TRAILERS LLC,,Trailer,
4M9199,21567,MAVERICK ULTIMATE MANUFACTURING,,Trailer,
4M9200,21731,MIDWEST TRAILERS LLC,,Trailer,
4M9201,21612,"MODERN BUGGY RV, LLC",,Trailer,UNITED STATES (USA)
4M9202,21666,MILLER TRAILERS,,Trailer,
4M9203,21606,MOBILE PROCESSING TRAILERS AND SUPPLY,,Trailer,UNITED STATES (USA)
4M9205,22117,M & A HOLDINGS DBA BLACKED OUT CARTS,,Low Speed Vehicle (LSV),
4M9206,21840,MILL SCALE LLC,,Trailer,
4M9207,21849,MID TOWN TRAILERS LLC,,Trailer,
4M9208,21942,MOTORSPORT TRAILER SPECIALISTS LLC,,Trailer,
4M9212,22134,MARWAY WELDING LLC,,Trailer,UNITED STATES (USA)
4M9213,21950,"MOSER ENGINE SERVICE, INC.",,Trailer,
4M9214,22027,"MADTEX CONSTRUCTION, LLC",,Trailer,
4M9216,22132,MAD YAK TRAILERS LLC,,Trailer,UNITED STATES (USA)
4M9217,22107,MILLER’S CABINS AND DECKS,,Trailer,
4M9218,22135,MOBILE BUSINESS SPECIALIST INC.,,Trailer,UNITED STATES (USA)
4M9220,22228,"MEYERS MANX, LLC",,Passenger Car,UNITED STATES (USA)
4M9221,22267,"M & J FAB, LLC",,Trailer,
4M9222,22275,MOUNTAIN VIEWS MOTORSPORTS,,Trailer,
4M9225,22473,"MIDLAND TRAILER SALES & SERVICE, LLC",,Trailer,UNITED STATES (USA)
4M9226,23505,MIDWEST CONCESSION TRAILERS,,Trailer,
4M9227,22561,MENTRAILERS.COM LLC,,Trailer,UNITED STATES (USA)
4M9229,22633,MACON WELDING AND MANUFACTURING,,Trailer,
4M9230,25800,M&M BBQ COMPANY,,Trailer,
4M9231,22666,"MAYHEM BIKE, LLC.",,Motorcycle,
4M9235,23001,MFT CONSULTING INC,,Trailer,
4M9237,22894,MEGA DISTRIBUTION INT'L INC,,Trailer,
4M9238,22925,MOSKY INDUSTRIES LLC,,Trailer,
4M9240,23021,MIDWESTERN MANUFACTURING COMPANY,,Trailer,UNITED STATES (USA)
4M9243,23139,MASON INC,,Trailer,UNITED STATES (USA)
4M9245,23167,METAL TANK COMPONENTS LLC,,Trailer,
4M9246,23185,M&L ENGINE,,Trailer,UNITED STATES (USA)
4M9247,23244,MASTER AQUATIC DESIGN,,Trailer,
4M9248,23206,M&RW,,Trailer,
4M9249,23255,MARINECOASTALGROUP LLC,,Trailer,UNITED STATES (USA)
4M9250,23259,MIDWEST WELDING LLC,,Trailer,UNITED STATES (USA)
4M9251,23262,MECHANIZED CLEANING SOLUTIONS INC,,Trailer,
4M9252,23297,MERIDIAN CAMERA LLC,,Trailer,
4M9253,23900,MI TRAILER LLC,,Trailer,UNITED STATES (USA)
4M9255,23412,MISSOURI RIVER OUTDOORS LLC,,Trailer,UNITED STATES (USA)
4M9257,19313,MONTROSE CUSTOM FABRICATION LLC,,Trailer,UNITED STATES (USA)
4M9261,23598,MW FABRICATION LLC,,Trailer,UNITED STATES (USA)
4M9262,23826,M&A CONTRACTING INC,,Trailer,UNITED STATES (USA)
4M9264,23834,"MOABG, LLC",,Trailer,
4M9265,4450,"MCNEILUS TRUCK AND MANUFACTURING, INC.",,Truck,UNITED STATES (USA)
4M9266,23836,MOUNTAIN VIEW ENTERPRISES,,Trailer,
4M9267,23854,"MIDLAND CARRIERS MFG, LLC",,Trailer,UNITED STATES (USA)
4M9268,24984,MP TRAILERS LLC,,Trailer,UNITED STATES (USA)
4M9269,23882,MORGAN HATFIELD ENTERPRISES LLC,,Trailer,UNITED STATES (USA)
4M9270,24447,MIA GLOBAL INC.,,Low Speed Vehicle (LSV),UNITED STATES (USA)
4M9271,24325,"MATTUR HOLDINGS, INC.",,Trailer,
4M9272,23997,MYERS MADE INDUSTRIES LLC,,Trailer,UNITED STATES (USA)
4M9274,24018,MAMMOTH MANUFACTURING INC.,,Trailer,
4M9275,22159,MOBILE COLD SOLUTIONS LLC,,Trailer,
4M9277,24029,MACHINE POWER TRUCK AND EQUIPMENT LLC,,Trailer,UNITED STATES (USA)
4M9280,23941,"MOTSMANN ENGINEERING, LLC",,Trailer,
4M9281,24133,MARJON RVS INC,,Trailer,
4M9282,24185,"MARSHALL CUSTOM WELDING, LLC",,Trailer,UNITED STATES (USA)
4M9283,24251,"MERMAIDS ENTERPRISES, LLC",,Trailer,
4M9284,24302,"MARATHON HOMES, LLC",,Trailer,
4M9285,24298,MIGHTY MANUFACTURING LLC,,Trailer,UNITED STATES (USA)
4M9286,24346,"MACHINE WORX, LLC",,Trailer,
4M9287,24324,MANSFIELD TRAILER SOLUTIONS LLC,,Trailer,
4M9288,24391,MCS LOGISTICS INC,,Trailer,UNITED STATES (USA)
4M9289,22564,"MOKE ASSEMBLY, LLC",,Passenger Car,UNITED STATES (USA)
4M9292,22666,"MAYHEM BIKE, LLC.",,Passenger Car,UNITED STATES (USA)
4M9294,24370,MOUNT UP TEXAS LLC,,Trailer,
4M9295,24382,MAXIM TRAILERS INC.,,Trailer,
4M9296,24559,MROVI TRAILER PARTS LLC,,Trailer,
4M9297,24584,MULTIMEDIA LED INC.,,Trailer,
4M9298,24586,MICHAEL GRAHAM RACING LLC,,Trailer,
4M9299,24882,MCCOWN TECHNOLOGY CORPORATION,,Trailer,
4M9301,25040,MAX MANUFACTURING INC,,Trailer,
4M9302,25037,MAINEFACTURED LLC,,Trailer,UNITED STATES (USA)
4M9305,25338,"MAVERICK TRAILERS USA, INC",,Trailer,UNITED STATES (USA)
4M9306,25501,MB TRAILERS,,Trailer,UNITED STATES (USA)
4M9309,19392,MISSISSIPPI TANK AND MANUFACTURING COMPANY,,Incomplete Vehicle,UNITED STATES (USA)
4M9311,25838,MOBILE TREE SPA LLC,,Trailer,
4M9312,25759,METAGUARD SYSTEMS LLC,,Trailer,
4M9313,25757,MANIAR CORPORATION,,Trailer,UNITED STATES (USA)
4MA,2121,"ATK AMERICA, INC.",ATK,Motorcycle,UNITED STATES (USA)
4ME,4469,AMERICAN EAGLE TRAILERS INC,AMERICAN EAGLE TRAILERS INC.,Trailer,UNITED STATES (USA)
4MF,8567,CART-AWAY CONCRETE SYSTEMS INC.,CART-AWAY CONCRETE,Trailer,UNITED STATES (USA)
4MG,4176,"M & J TRAILERS UNLIMITED, INC.",M & J TRAILERS UNLIMITED INC,Trailer,UNITED STATES (USA)
4MH,17950,"PATRIOT TRAILER SALES, INC.",PATRIOT TRAILER SALES,Trailer,UNITED STATES (USA)
4MJ,1254,"CORNELIUS MANUFACTURING, INC.",CMI,Trailer,UNITED STATES (USA)
4MK,5712,BULTMAN SUPPLY CO,"ALMAR MANUFACTURING, BCI MANUFACTURING",Trailer,UNITED STATES (USA)
4ML,3545,OSHKOSH TRAILER DIVISION,OSHKOSH,Trailer,UNITED STATES (USA)
4MN,17939,BETTER BUILT TRAILERS,BETTER BUILT TRAILERS,Trailer,UNITED STATES (USA)
4MU,4725,SUNSHINE TRUCK & EQUIPMENT,SUNSHINE WHOLESALE,Trailer,UNITED STATES (USA)
4MV,7024,"WORTHINGTON WELDING, INC.",WORTHINGTON WELDING INC.,Trailer,UNITED STATES (USA)
4MW,17961,"DELTA MANUFACTURING, INC.","DELTA MANUFACTURING, INC.",Trailer,UNITED STATES (USA)
4MZ,961,BUELL MOTORCYCLE CO.,"BUELL (EBR), BUELL",Motorcycle,UNITED STATES (USA)
4N1,11494,"NORTHWOOD MANUFACTURING, INC.",NASH,Trailer,UNITED STATES (USA)
4N2,976,FORD MOTOR COMPANY,NISSAN,Multipurpose Passenger Vehicle (MPV),UNITED STATES (USA)
4N3,976,FORD MOTOR COMPANY,NISSAN,Incomplete Vehicle,UNITED STATES (USA)
4N4,976,FORD MOTOR COMPANY,NISSAN,Truck,UNITED STATES (USA)
4N6,10600,SKYLINE CORPORATION,SKYLINE CORPORATION,Trailer,UNITED STATES (USA)
4NC,10600,SKYLINE CORPORATION,SKYLINE CORPORATION,Trailer,UNITED STATES (USA)
4NG,17885,DIAMONDBACK TRAILER MFG.,DIAMONDBACK TRAILER MFG.,Trailer,UNITED STATES (USA)
4NN,3254,TRAILER SOURCE INC  TSI,"TRAILER SOURCE, INC.",Trailer,UNITED STATES (USA)
4NP,11684,WORK AREA PROTECTION CORP,WORK AREA PROTECTION CORP,Trailer,UNITED STATES (USA)
4NS,984,GENERAL MOTORS LLC,OLDSMOBILE,Incomplete Vehicle,UNITED STATES (USA)
4NT,984,GENERAL MOTORS LLC,SATURN,Multipurpose Passenger Vehicle (MPV),UNITED STATES (USA)
4NU,984,GENERAL MOTORS LLC,ISUZU,Multipurpose Passenger Vehicle (MPV),UNITED STATES (USA)
4P1,1124,PIERCE MANUFACTURING INC.,"OSHKOSH, PIERCE MANUFACTURING, JLG, MCNEILUS, JERR-DAN, LONDON, FRONTLINE, SMIT",Truck,
4P2,1491,PACE AMERICAN OF UTAH INC.,PACE AMERICAN,Trailer,UNITED STATES (USA)
4P3,1054,MITSUBISHI MOTORS NORTH AMERICA,"MITSUBISHI, PLYMOUTH",Passenger Car,UNITED STATES (USA)
4P5,16013,"PJ TRAILERS MANUFACTURING, INC.",PJ,Trailer,UNITED STATES (USA)
4P6,16849,"C M MART, INC","C M MART, INC (PHANTOM TRAILERS)",Trailer,UNITED STATES (USA)
4P7,9372,"LONE WOLF TRAILER CO., INC.",LONE WOLF TRAILER CO.,Trailer,UNITED STATES (USA)
4PA,18194,"PRO AUTO SALES & SALVAGE, INC.","PRO AUTO SALES & SALVAGE, INC.",Trailer,UNITED STATES (USA)
4PB,16272,PBM SUPPLY & MANUFACTURING INC,PBM,Trailer,UNITED STATES (USA)
4PF,12458,HOSS CUSTOM TRAILERS,HOSS CUSTOM TRAILERS,Trailer,UNITED STATES (USA)
4PG,8923,"MID-AMERICA TRAILER MFG., LLC","MID-AMERICA TRAILER MFG., HANSEN MFG. COMPANY, BOBCAT TRAILER COMPANY, INC.",Trailer,UNITED STATES (USA)
4PK,3460,PENNSTYLE CAMPERS INC,CAR*MATE TRAILERS,Trailer,UNITED STATES (USA)
4PM,16697,PLAYBUOY PONTOON MFG. INC,PLAYBUOY PONTOON MFG. INC,Trailer,UNITED STATES (USA)
4PT,17929,PERO TRAILER MFG.,PERO TRAILER MFG.,Trailer,UNITED STATES (USA)
4PY,5741,ROCKING R ENTERPRISES INC,ROCKING R ENTERPRISES INC,Trailer,UNITED STATES (USA)
4R2,3553,USA VENTURCRAFT CORPORATION,KWIK KAMP,Trailer,UNITED STATES (USA)
4R7,7387,"TOP HAT INDUSTRIES, INC.",TOP HAT INDUSTRIES,Trailer,UNITED STATES (USA)
4R8,1173,DAMON CORPORATION,"BECKENRIDGE, DAMON",Trailer,UNITED STATES (USA)
4R9001,22015,"RV ELEMENT, LLC",,Trailer,UNITED STATES (USA)
4R9007,22316,RS TRAILERS INC.,,Trailer,
4R9009,24064,RURUP METAL FAB LLC,,Trailer,
4R9010,22352,"ROWAMERICA BOAT WORKS, LLC",,Trailer,UNITED STATES (USA)
4R9013,22388,ROBERSON TECHNOLOGIES LLC,,Trailer,UNITED STATES (USA)
4R9016,22646,R & M METALWORKS,,Trailer,UNITED STATES (USA)
4R9017,22558,ROBERT W. MORGAN INC,,Low Speed Vehicle (LSV),UNITED STATES (USA)
4R9018,22532,ROLL-A-HOME,,Trailer,
4R9020,22687,RIDDLE METAL WORKS,,Trailer,UNITED STATES (USA)
4R9021,22657,REV EV LLC,,Low Speed Vehicle (LSV),UNITED STATES (USA)
4R9022,22690,ROCKBAR ENERGY SERVICES LLC,,Trailer,UNITED STATES (USA)
4R9023,23025,"ROCKETRUCK, INC.",,Trailer,
4R9025,22704,REVOLUTION BUILT LLC,,Trailer,UNITED STATES (USA)
4R9026,22756,SOLA MOTORS CORP.,,Motorcycle,
4R9027,22734,R E V INDUSTRIES LLC,,Low Speed Vehicle (LSV),UNITED STATES (USA)
4R9030,22997,RAD DOG CUSTOMS MOTOR CORP,,Low Speed Vehicle (LSV),UNITED STATES (USA)
4R9031,22989,ROADHOUSE CYCLES,,Motorcycle,
4R9033,23053,ROI SPECIALTIES LLC,,Trailer,
4R9034,23083,"REY CARGO, LLC",,Trailer,
4R9035,23209,REJ CALIFORNIA GROUP INC,,Trailer,UNITED STATES (USA)
4R9037,23208,"ROLLING, TANK AND FABRICATION, INC",,Trailer,UNITED STATES (USA)
4R9040,23280,RIVER BASIN RENTALS LLC,,Trailer,UNITED STATES (USA)
4R9041,23260,RUGGED TOUGH TRAILERS LLC,,Trailer,UNITED STATES (USA)
4R9042,23267,RAPTOR MFG. LLC,,Trailer,UNITED STATES (USA)
4R9043,23311,RAVENNA BOAT WORKS LLC,,Trailer,
4R9044,23285,RAFTER J HOLDINGS LLC,,Trailer,
4R9048,23405,RADIANCE INC,,Low Speed Vehicle (LSV),
4R9049,23432,"RENT CO, LLC",,Trailer,UNITED STATES (USA)
4R9051,23441,ROLLIN KITCHENS LLC,,Trailer,
4R9053,23569,REHAB GARAGE LLC,,Trailer,
4R9055,23608,ROAM RESILIENT EXPEDITION VEHICLES,,Trailer,UNITED STATES (USA)
4R9057,23768,R AND R MANUFACTURING,,Trailer,
4R9059,23922,ROCKET EQUIPMENT LLC,,Trailer,UNITED STATES (USA)
4R9060,24062,REFLEX NORTH AMERICA INC,,Trailer,UNITED STATES (USA)
4R9063,24152,REEL DEAL TRAILERS INC,,Trailer,UNITED STATES (USA)
4R9065,24179,RYDZ LLC,,Low Speed Vehicle (LSV),UNITED STATES (USA)
4R9066,23762,ROKIT CARTS INCORPORATED,,Low Speed Vehicle (LSV),
4R9068,24313,ROCKBUILT TRAILERS INC.,,Trailer,
4R9071,24652,RAYSTAR MANUFACTURE LLC,,Trailer,
4R9072,24730,RJ TRAILERS LLC,,Trailer,UNITED STATES (USA)
4R9073,24674,ROADRUNNER TEARDROPS LLC,,Trailer,UNITED STATES (USA)
4R9074,24712,REXTON TRAILERS MANUFACTURING LLC,,Trailer,UNITED STATES (USA)
4R9075,24968,R & S MANUFACTURING INC.,,Trailer,UNITED STATES (USA)
4R9076,24840,RPG BRANDS,,Low Speed Vehicle (LSV),
4R9078,25678,RAPTOR TRAILERS LLC,,Trailer,
4R9080,25109,RUDE BOY TRAILERS LLC,,Trailer,
4R9081,25567,ROADHOUND SERVICES LLC,,Trailer,
4R9082,25589,ROOTS AUTOTEC TECHNOLOGY INC.,,Low Speed Vehicle (LSV),UNITED STATES (USA)
4R9086,25265,RIVERS EDGE BOAT WORKS,,Trailer,UNITED STATES (USA)
4R9087,25341,RITE-WAY FABRICATION COMPANY,,Trailer,
4R9088,25243,RGM CUSTOM WELDING LLC,,Trailer,
4R9089,25183,RDM ENTERPRISES CO INC,,Trailer,
4R9090,25375,REDEEMED TRAILERS LLC,,Trailer,UNITED STATES (USA)
4R9092,25536,RD SALES LLC,,Trailer,
4R9093,25488,ROGUE CARTS LLC,,Low Speed Vehicle (LSV),UNITED STATES (USA)
4RA,16586,"INTERSTATE GROUP, LLC",INTERSTATE WEST CORP,Trailer,UNITED STATES (USA)
4RK,20942,NOVA BUS (US) INC.,"NOVABUS, PREVOST",Bus,UNITED STATES (USA)
4RW,16615,"RICE AND WOOLARD MANUFACTURING, INC.",RICE TRAILERS,Trailer,UNITED STATES (USA)
4RY,11934,CHARMAC TRAILERS,CHARMAC TRAILERS,Trailer,UNITED STATES (USA)
4S0,15375,TRAILBOSS TRAILERS INC.,TRAILBOSS,Trailer,UNITED STATES (USA)
4S1,1171,"ISUZU MOTORS LIMITED, JAPAN",ISUZU,Truck,UNITED STATES (USA)
4S2,1171,"ISUZU MOTORS LIMITED, JAPAN",ISUZU,Multipurpose Passenger Vehicle (MPV),UNITED STATES (USA)
4S3,2593,"SUBARU OF AMERICA, INC",SUBARU,Passenger Car,UNITED STATES (USA)
4S4,2593,"SUBARU OF AMERICA, INC",SUBARU,Multipurpose Passenger Vehicle (MPV),UNITED STATES (USA)
4S5,1098,"ISUZU MANUFACTURING SERVICES OF AMERICA, INC.",ISUZU,Incomplete Vehicle,UNITED STATES (USA)
4S6,1098,"ISUZU MANUFACTURING SERVICES OF AMERICA, INC.",HONDA,Multipurpose Passenger Vehicle (MPV),UNITED STATES (USA)
4S7,4368,"THE SHYFT GROUP, INC.",SPARTAN MOTORS CHASSIS,Incomplete Vehicle,UNITED STATES (USA)
4S8,4756,"MORBARK, LLC",MORBARK,Trailer,UNITED STATES (USA)
4S9001,10863,"SOUTHERN MOTORCYCLE WORKS, INC. DBA SMW",,Motorcycle,UNITED STATES (USA)
4S9002,10632,SICKASSO CYCLE CREATIONS INC.,,Motorcycle,UNITED STATES (USA)
4S9004,8631,SILVER STATE INDUSTRIES DIVISION,,Motorcycle,UNITED STATES (USA)
4S9005,10722,NEVADA DEPARTMENT OF CORRECTIONS,,Trailer,UNITED STATES (USA)
4S9007,10635,SCULPTURE CYCLES,,Motorcycle,UNITED STATES (USA)
4S9008,10222,SNAPCO INCORPORATED,,Trailer,UNITED STATES (USA)
4S9009,5864,"SPM CUSTOMS, INC.",,Motorcycle,UNITED STATES (USA)
4S9011,10875,"STAR ELECTRIC CARS, INC.",,Low Speed Vehicle (LSV),UNITED STATES (USA)
4S9012,9241,SOUTHERN YANKEE BAR-B-Q,,Trailer,UNITED STATES (USA)
4S9014,9781,"SULLIVAN'S GARAGE, INC.",,Motorcycle,UNITED STATES (USA)
4S9015,9327,"SILVER STAR TRAILERS, LLC",,Trailer,UNITED STATES (USA)
4S9017,8908,SINKHOLE CUSTOMS LLC,,Motorcycle,UNITED STATES (USA)
4S9018,9320,SOUTH FLORIDA CHOPPERS INC.,,Motorcycle,UNITED STATES (USA)
4S9020,9515,"SIC CYCLES, LLC",,Motorcycle,UNITED STATES (USA)
4S9022,9783,"SOUTHERN CYCLE WORKS, INC.",,Motorcycle,UNITED STATES (USA)
4S9023,9763,SURE TECH ENGINEERING,,Trailer,UNITED STATES (USA)
4S9024,1438,"S & B TRAILERS, INC",,Trailer,UNITED STATES (USA)
4S9025,10406,"STALLION TRAILERS, INC.",,Trailer,UNITED STATES (USA)
4S9027,10171,SOUTH SIDE KUSTOMS,,Motorcycle,UNITED STATES (USA)
4S9028,10715,"SCHOOLHOUSE MOTORCYCLE ACCESSORIES, INC.",,Trailer,UNITED STATES (USA)
4S9030,10786,SPEED STREET CUSTOM BUILDS,,Motorcycle,UNITED STATES (USA)
4S9031,25104,SPECTRUM SPORTS INTERNATIONAL,,Trailer,UNITED STATES (USA)
4S9034,13458,OLMAX FABRICATION D/B/A SPEED & CUSTOM CYCLES,,Motorcycle,UNITED STATES (USA)
4S9035,9969,STROKERS MANUFACTURING,,Motorcycle,UNITED STATES (USA)
4S9037,10451,SSINSTER CHOPPERS LLC,,Motorcycle,UNITED STATES (USA)
4S9038,9847,"STROTHER WELDING, INC.",,Trailer,UNITED STATES (USA)
4S9039,11143,"SCELZI EQUIPMENT, INC.",,Trailer,UNITED STATES (USA)
4S9041,13422,SPORTS HAULER INC.,,Trailer,UNITED STATES (USA)
4S9042,9071,SUNCOAST CHOPPERS & FAB.,,Motorcycle,UNITED STATES (USA)
4S9043,10068,STILETTO RIDES,,Motorcycle,UNITED STATES (USA)
4S9044,10705,SMART MANUFACTURING INC.,,Trailer,UNITED STATES (USA)
4S9045,9136,SAS GROUP LLC DBA VENDETTA V8 MOTORCYCLES,,Motorcycle,UNITED STATES (USA)
4S9046,8464,SPEEDWAGON MANUFACTURING INC. SPEEDWAGON TRAILERS,,Trailer,UNITED STATES (USA)
4S9048,10008,SC TRAILERS INC.,,Trailer,UNITED STATES (USA)
4S9051,11614,"SPARTAN TRUCK COMPANY, INC.",,Trailer,UNITED STATES (USA)
4S9052,10702,"SCOTT MANUFACTURING, INC",,Trailer,UNITED STATES (USA)
4S9053,11808,SIK N TWISTED PSYCLES,,Motorcycle,UNITED STATES (USA)
4S9054,10059,"SOONER MANUFACTURING, LLC",,Trailer,UNITED STATES (USA)
4S9055,8438,"S&S CYCLE, INC.",,Motorcycle,UNITED STATES (USA)
4S9058,11601,SKULLBONE WELDING,,Trailer,UNITED STATES (USA)
4S9059,11587,"LARRICK, LLC,",,Trailer,UNITED STATES (USA)
4S9060,10433,STAHL A SCOTT FETZER COMPANY,,Trailer,UNITED STATES (USA)
4S9061,10783,SUICIDE JACK CHOPPERS LLC,,Motorcycle,UNITED STATES (USA)
4S9062,10782,SWEDE BUILT,,Motorcycle,UNITED STATES (USA)
4S9064,10034,"STERLING FABRICATION, INC.",,Trailer,UNITED STATES (USA)
4S9065,11789,"SUTTER MANUFACTURING, INC.",,Trailer,UNITED STATES (USA)
4S9066,9328,S/C CHOPPERS,,Motorcycle,UNITED STATES (USA)
4S9067,11615,S & S TRAILERS & TRUCK EQUIPMENT,,Trailer,UNITED STATES (USA)
4S9068,10224,KATHY SPELL DBA SOUTHERN BUILT TRAILERS,,Trailer,UNITED STATES (USA)
4S9070,11821,STREAMLINE DESIGNS INC.,,Motorcycle,UNITED STATES (USA)
4S9071,10217,STUNATA CUSTOMS,,Motorcycle,UNITED STATES (USA)
4S9072,8443,"SUNDANCE EQUIPMENT, INC.",,Trailer,UNITED STATES (USA)
4S9073,9329,STEWART'S FABRICATION AND WELDING,,Trailer,UNITED STATES (USA)
4S9074,8917,"SABRE TRAILERS, INC.",,Trailer,UNITED STATES (USA)
4S9077,8437,SUB CULTURE CYCLES,,Motorcycle,UNITED STATES (USA)
4S9078,11153,SCORPION CHOPPERS,,Motorcycle,UNITED STATES (USA)
4S9079,11155,SCHLAGEL MANUFACTURING INC.,,Trailer,UNITED STATES (USA)
4S9081,9556,SULLIVANS MOTORCYCLES,,Motorcycle,UNITED STATES (USA)
4S9082,9509,SHILOH MANUFACTURING INC.,,Trailer,UNITED STATES (USA)
4S9084,10726,"SALTY'S MANUFACTURING, LTD",,Trailer,UNITED STATES (USA)
4S9085,10467,SANCHEZ TRAILERS,,Trailer,UNITED STATES (USA)
4S9089,15140,GREGORY INDUSTRIES,,Trailer,UNITED STATES (USA)
4S9091,8859,SUPERIOR TRAILERS,,Trailer,UNITED STATES (USA)
4S9096,6927,"SS TRIKE, LLC",,Motorcycle,UNITED STATES (USA)
4S9097,9452,SPAULDING MFG INC,,Trailer,UNITED STATES (USA)
4S9098,10943,STREET SMART PERFORMACE INC.,,Motorcycle,UNITED STATES (USA)
4S9099,10924,"SABERTOOTH MOTORCYCLES, LLC",,Motorcycle,UNITED STATES (USA)
4S9100,7480,SUN COUNTRY TRAILERS,,Trailer,UNITED STATES (USA)
4S9103,4273,SPEED MOTORSPORTS LLC,,Motorcycle,UNITED STATES (USA)
4S9105,6436,STEAMROLLER MOTORCYCLE COMPANY LLC,,Motorcycle,UNITED STATES (USA)
4S9106,9302,"SPACE COAST INDUSTRIES, INC.",,Trailer,UNITED STATES (USA)
4S9108,11755,SUMMIT INDUSTRIES INCORPORATED,,Trailer,UNITED STATES (USA)
4S9109,9932,"SAGE INDUSTRIES, INC.",,Trailer,UNITED STATES (USA)
4S9112,9295,"SIGEL WELDING, INC.",,Trailer,UNITED STATES (USA)
4S9113,11768,"STUMP SMOKERS, INC.",,Trailer,UNITED STATES (USA)
4S9118,11194,SLATER INCORPORATED,,Trailer,UNITED STATES (USA)
4S9119,13495,"SPECIALTY FABRICATION, INC.",,Trailer,UNITED STATES (USA)
4S9121,10306,S&S LITE LINE MFG. & SALES,,Trailer,UNITED STATES (USA)
4S9122,10564,"SPIRIT CARTS, LLC",,Low Speed Vehicle (LSV),UNITED STATES (USA)
4S9126,10560,STUPID CHOPPERS,,Motorcycle,UNITED STATES (USA)
4S9127,11430,"STEPP MANUFACTURING CO., INC.",,Trailer,UNITED STATES (USA)
4S9128,11425,"SEVERE TRAILERS, LLC",,Trailer,UNITED STATES (USA)
4S9129,11649,SOUTHERN TEXAS INDUSTRIAL SERVICE COMPANY INC.,,Trailer,UNITED STATES (USA)
4S9131,11655,SIDEKICK RV INC.,,Trailer,UNITED STATES (USA)
4S9132,8506,SMALL CAR SOLUTIONS LLC,,Trailer,UNITED STATES (USA)
4S9133,7480,SUN COUNTRY TRAILERS,,Trailer,UNITED STATES (USA)
4S9135,12060,SPECIALTY BUS MANUFACTURING LLC,,Bus,UNITED STATES (USA)
4S9136,1349,"MXROS, INC.",,Trailer,UNITED STATES (USA)
4S9138,7577,"SOUTHEASTERN STEEL CHOPPERS, INC.",,Motorcycle,UNITED STATES (USA)
4S9139,11411,STRICTLY CHOPPERS,,Motorcycle,UNITED STATES (USA)
4S9140,1364,SILVER EAGLE MANUFACTURING,,Trailer,UNITED STATES (USA)
4S9141,13514,SIERRA MOTOR CORP.,,Trailer,UNITED STATES (USA)
4S9142,11220,"FLORIDA TRAILERS, INC.",,Trailer,UNITED STATES (USA)
4S9145,11423,SHIPSHE WELDING,,Trailer,UNITED STATES (USA)
4S9146,9753,SALBOATTRANSPORTER TRAILERS LLC,,Trailer,UNITED STATES (USA)
4S9147,8946,SPECIAL EQUIPMENT MANUFACTURING,,Trailer,UNITED STATES (USA)
4S9148,9113,STALLION INTERIORS INC.,,Trailer,UNITED STATES (USA)
4S9149,12385,SUNBEAM MOTORSPORTS INC.,,Motorcycle,UNITED STATES (USA)
4S9152,9310,SEVEN CUSTOM CYCLES INC.,,Motorcycle,UNITED STATES (USA)
4S9160,7028,SKUNK MOTORSPORTS INC,,Motorcycle,UNITED STATES (USA)
4S9162,6237,SEMEREDY IMPERIAL LLC,,Motorcycle,UNITED STATES (USA)
4S9163,9375,"SPURLOCK VEHICLES, INC.",,Trailer,UNITED STATES (USA)
4S9165,7742,SPECIALIZED TRUCK EQUIPMENT MFG. LLC,,Trailer,UNITED STATES (USA)
4S9167,7585,"SUPER LITE PRO TRAILERS AND EQUIPMENT, LLC",,Trailer,UNITED STATES (USA)
4S9169,6435,SUNSET PARK & RV INC.,,Trailer,UNITED STATES (USA)
4S9171,1481,"SALSCO, INC.",,Trailer,UNITED STATES (USA)
4S9172,12080,SHAVER MANUFACTURING CO.,,Trailer,UNITED STATES (USA)
4S9173,7581,"SOUTH SHORE IRON WORKS, INC.",,Trailer,UNITED STATES (USA)
4S9176,7017,"SPRAYING DEVICES, INC.",,Trailer,UNITED STATES (USA)
4S9177,11917,STEALTH ENTERPRISES LLC,,Trailer,UNITED STATES (USA)
4S9178,6475,SLED SHED ENTERPRISES DBA GREAT LAKES PORTABLE,,Trailer,UNITED STATES (USA)
4S9179,19483,SOUTHERN METAL CHOPPERS,,Motorcycle,UNITED STATES (USA)
4S9182,6668,SMJ TRAILERS LLC,,Trailer,UNITED STATES (USA)
4S9183,6674,"SKILES INDUSTRIES, INC.",,Trailer,UNITED STATES (USA)
4S9187,7873,SPECIALTY ALUMINUM WORKS-TRAILERS,,Trailer,UNITED STATES (USA)
4S9188,12163,"SUNBELT EQUIPMENT MARKETING, INC.",,Trailer,UNITED STATES (USA)
4S9189,6401,STARFIRE TRAILER SYSTEMS,,Trailer,UNITED STATES (USA)
4S9190,1686,"SCORPION MOTORSPORTS, INC.",,Motorcycle,UNITED STATES (USA)
4S9193,6412,SHETRON MANUFACTURING LLC,,Trailer,UNITED STATES (USA)
4S9195,24109,SCHMUCKERS WELDING LLC,,Trailer,UNITED STATES (USA)
4S9197,7954,SMITH ELECTRIC VEHICLES,,Truck,UNITED STATES (USA)
4S9199,6169,SIKESTON FENDER DBA TRAILER PARTS PLUS,,Trailer,UNITED STATES (USA)
4S9200,12178,"S & C TRAILER SALES & MANUFACTURER, LLC",,Trailer,UNITED STATES (USA)
4S9202,6694,"SORCE'S TRAILER SALES, INC.",,Trailer,UNITED STATES (USA)
4S9204,11913,"SIGNCO, INC.",,Trailer,UNITED STATES (USA)
4S9205,6687,"SHARPE COMPANIES, LLC DBA STUMPHOUSE SCOOTS",,Motorcycle,UNITED STATES (USA)
4S9209,6719,"SPRINGERS CUSTOM CYCLES, LLC",,Motorcycle,UNITED STATES (USA)
4S9210,3762,"STEELWELD EQUIPMENT CO., INC",,Trailer,UNITED STATES (USA)
4S9211,7225,"SCHWARZ'S CUSTOM TRAILERS, LLC",,Trailer,UNITED STATES (USA)
4S9213,17590,SOUTHERN STYLE TRAILERS & TRUCK ACCESSORIES,,Trailer,UNITED STATES (USA)
4S9214,1566,"S AND C ENTERPRISES OF TARBORO, INC.",,Trailer,UNITED STATES (USA)
4S9216,6389,"SAFE-T-TANK CORP,",,Trailer,UNITED STATES (USA)
4S9218,1573,"SPECIALTY FABRICATION, LTD.",,Trailer,UNITED STATES (USA)
4S9219,13485,SOUTH VALLEY MANUFACTURING,,Trailer,UNITED STATES (USA)
4S9221,7448,"SFC INDUSTRIES, INC.",,Trailer,UNITED STATES (USA)
4S9224,6906,SICON,,Trailer,UNITED STATES (USA)
4S9225,12206,SAW MANUFACTURING LLC,,Trailer,UNITED STATES (USA)
4S9226,6611,SOLARES TRAILERS,,Trailer,UNITED STATES (USA)
4S9231,6395,"SPORTWORKS NORTHWEST, INC.",,Trailer,UNITED STATES (USA)
4S9232,7709,SCHNELLER MANUFACTURING INC.,,Trailer,UNITED STATES (USA)
4S9237,7464,SMOAKIN CONCEPTS COMPOSITES LLC,,Trailer,UNITED STATES (USA)
4S9239,7077,"SUWANEE CAMPER, LLC",,Trailer,UNITED STATES (USA)
4S9240,4728,SUPER VACUUM MFG. CO. INC.,,Trailer,UNITED STATES (USA)
4S9241,7922,SIC METALS & FABRICATION LLC,,Trailer,UNITED STATES (USA)
4S9242,1713,"STONEWELL BODIES & MACHINE, INC.",,Trailer,UNITED STATES (USA)
4S9243,7100,SYNERGY TRAILER COMPANY,,Trailer,UNITED STATES (USA)
4S9244,7239,"SH DISTRIBUTING, INC",,Trailer,UNITED STATES (USA)
4S9245,7238,"SINFUL CYCLEWORKS, LLC",,Motorcycle,UNITED STATES (USA)
4S9247,7851,"SOUTHERN FRAC, LLC",,Trailer,UNITED STATES (USA)
4S9248,7081,STREAMLINE PRECISION,,Trailer,UNITED STATES (USA)
4S9249,7105,"SOUTHERN FIELD WELDING, LLC",,Trailer,UNITED STATES (USA)
4S9250,7109,"SVI, INC.",,Trailer,UNITED STATES (USA)
4S9251,7109,"SVI, INC.",,Bus,UNITED STATES (USA)
4S9260,7899,"SCHUH SHOP, LLC",,Trailer,UNITED STATES (USA)
4S9261,7115,SPEED DRIVEN SUPPLY,,Motorcycle,UNITED STATES (USA)
4S9263,7945,"SPECIALTY PASSENGER VEHICLES, CORP",,Multipurpose Passenger Vehicle (MPV),UNITED STATES (USA)
4S9267,7752,"SOUTHWEST CMF, LLC",,Trailer,UNITED STATES (USA)
4S9270,7763,SOUTHERN VAC LLC,,Trailer,UNITED STATES (USA)
4S9272,6597,SHELLBOURNE REYNOLDS ENGINEERING LTD.,,Trailer,UNITED STATES (USA)
4S9273,1452,SCEADU DESIGN,,Motorcycle,UNITED STATES (USA)
4S9275,11963,TEXAS CES,,Trailer,UNITED STATES (USA)
4S9276,7284,"SCHRAMM, INC.",,Trailer,UNITED STATES (USA)
4S9277,11940,SCOTT'S INSANE CHOPPERS,,Motorcycle,UNITED STATES (USA)
4S9284,11931,"SILENT DRIVE, INC.",,Trailer,UNITED STATES (USA)
4S9285,6326,STEVES WELDING,,Trailer,UNITED STATES (USA)
4S9286,12134,S&S WORLDWIDE,,Trailer,UNITED STATES (USA)
4S9290,14005,"SIGNATOUR CAMPERS, LLC",,Trailer,UNITED STATES (USA)
4S9291,11959,"SPECSYS, INC.",,Trailer,UNITED STATES (USA)
4S9292,15801,"SUPERIOR STEEL PRODUCTS, INC.",,Trailer,UNITED STATES (USA)
4S9295,5809,"SOUTHEAST MANUFACTURING, INC. - WRENCH MOTORCYCLES",,Motorcycle,UNITED STATES (USA)
4S9296,6080,SOUTHWEST EQUIPMENT COMPANY,,Trailer,UNITED STATES (USA)
4S9297,7648,SUMMIT ENERGY EQUIPMENT,,Trailer,UNITED STATES (USA)
4S9298,7651,"SUGARLOAF FABRICATORS, INC.",,Trailer,UNITED STATES (USA)
4S9300,6328,"SIZEMORE WELDING, INC.",,Trailer,UNITED STATES (USA)
4S9302,12125,STOCK'S GARAGE INC. DBA ROCK CITY IRON,,Trailer,UNITED STATES (USA)
4S9305,12130,"SHARK TRAILERS, LLC",,Trailer,UNITED STATES (USA)
4S9306,6088,SILVER WRAITH CHOPPERS LLC,,Motorcycle,UNITED STATES (USA)
4S9309,5011,HERITAGE MANUFACTURING,,Trailer,UNITED STATES (USA)
4S9310,12218,"STREATOR INDUSTRIAL HANDLING, INC.",,Trailer,UNITED STATES (USA)
4S9311,12219,SUN TRAILERS LLC,,Trailer,UNITED STATES (USA)
4S9314,6555,"SIX GUN WELDING, LLC",,Motorcycle,UNITED STATES (USA)
4S9315,13491,"SUNBEAM RENTALS LLC, DBA SUNBEAM INNOVATIONS",,Trailer,UNITED STATES (USA)
4S9316,6733,"SOUTH DADE CHOPPERS, LLC",,Motorcycle,UNITED STATES (USA)
4S9317,6114,"SYNERGY TECHNOLOGY, LLC",,Trailer,UNITED STATES (USA)
4S9320,1627,SR PRODUCTS INC.,,Trailer,UNITED STATES (USA)
4S9323,1518,SCAG GIANT-VAC,,Trailer,UNITED STATES (USA)
4S9324,6041,"SUPERIOR STEEL SALES, LLC",,Trailer,UNITED STATES (USA)
4S9327,7822,"SEATTLE TINY HOMES, INC.",,Trailer,UNITED STATES (USA)
4S9331,22190,PIONEER TRUCKWELD INC,,Trailer,
4S9333,1638,"SHILOH CUSTOM KARTS, LLC",,Motorcycle,UNITED STATES (USA)
4S9336,13400,"SUSSEX WELDING,LLC",,Trailer,UNITED STATES (USA)
4S9337,1662,"SUMMIT INDUSTRIAL CONTRACTORS, LLC",,Trailer,UNITED STATES (USA)
4S9338,7523,"SPECIALIZED TRUCK EQUIPMENT, LLC",,Trailer,UNITED STATES (USA)
4S9339,25269,SPIRIT OF AMERICA CORPORATION,,Trailer,
4S9341,6570,SHETRON CUSTOM TRAILERS,,Trailer,UNITED STATES (USA)
4S9342,7359,"STURDY BUILT SERVICES, LLC",,Trailer,UNITED STATES (USA)
4S9345,14936,SATELLITE INDUSTRIES,,Trailer,UNITED STATES (USA)
4S9348,6585,SPECIALIZED HAULING CONCEPTS LLC,,Trailer,UNITED STATES (USA)
4S9352,6588,"SILVER RANCH INDUSTRIES, LLC",,Trailer,UNITED STATES (USA)
4S9353,7491,STUNTERX STUNTSHOP,,Motorcycle,UNITED STATES (USA)
4S9354,7634,SIDESHOW'S CYCLES,,Motorcycle,UNITED STATES (USA)
4S9360,13804,SWM ENTERPRISES LLC,,Trailer,UNITED STATES (USA)
4S9361,7817,SLNYC,,Motorcycle,UNITED STATES (USA)
4S9364,6950,SOUTHERN DIMENSIONS GROUP INC.,,Trailer,UNITED STATES (USA)
4S9366,15922,SELECT TRAILERS LLC DBA CONTAINGO,,Trailer,UNITED STATES (USA)
4S9367,19263,SUMMIT SALES &  EQUIPMENT,,Trailer,UNITED STATES (USA)
4S9370,7161,SANKEPALLY MOTOR COMPANY LLC,,Motorcycle,UNITED STATES (USA)
4S9371,20311,"SOLARIS OILFIELD SITE SERVICES OPERATING,LLC",,Trailer,UNITED STATES (USA)
4S9373,7315,STAR FABRICATION LLC,,Trailer,UNITED STATES (USA)
4S9377,13891,STAG TRAILERS MFG LLC.,,Trailer,UNITED STATES (USA)
4S9379,13612,"SOUTHERN OHIO CHASSIS, LLC",,Trailer,UNITED STATES (USA)
4S9390,13588,"SANBORN BUILDING & DESIGN, INC.",,Trailer,UNITED STATES (USA)
4S9393,13652,SANCHEZ BROTHERS ENTERPRISES INC.,,Trailer,UNITED STATES (USA)
4S9394,13996,THE TORCH CHARIOT LLC,,Trailer,UNITED STATES (USA)
4S9395,13608,SCOTT'S WELDING & FABRICATION,,Trailer,UNITED STATES (USA)
4S9397,13914,SPARTAN TRAILER MFG. INC.,,Trailer,UNITED STATES (USA)
4S9400,11349,SUMMIT TRUCK BODIES,,Trailer,UNITED STATES (USA)
4S9403,15064,STRONG BUILT TRAILERS LLC,,Trailer,UNITED STATES (USA)
4S9405,14664,SPECIALTY PERFORMANCE,,Trailer,UNITED STATES (USA)
4S9407,22568,SUPERCAR SYSTEM,,Passenger Car,
4S9409,15095,"FRANK K ELLINGTON, DBA SUNDROP SOLAR TRAILERS",,Trailer,UNITED STATES (USA)
4S9410,18829,"SHORELINE FUEL PRODUCTS, LLC",,Trailer,UNITED STATES (USA)
4S9411,15013,"SOUTH CENTRAL INDUSTRIAL, LLC.",,Trailer,UNITED STATES (USA)
4S9415,16026,SIRCHIE AQUISITION COMPANY,,Trailer,UNITED STATES (USA)
4S9417,15141,SRC MONTEZUMA LLC,,Low Speed Vehicle (LSV),UNITED STATES (USA)
4S9419,4368,"THE SHYFT GROUP, INC.",,Truck,UNITED STATES (USA)
4S9420,15584,SNIDERBUILT TRAILERS,,Trailer,UNITED STATES (USA)
4S9422,15672,SCOTTIES METAL SHOP,,Trailer,UNITED STATES (USA)
4S9425,15696,HOBO ADVENTURE TRAILERS LLC,,Trailer,UNITED STATES (USA)
4S9426,17288,SOUTHEASTERN SEATING INCOPORATED,,Trailer,UNITED STATES (USA)
4S9428,16221,"SOUTHWEST GEORGIA WHOLESALE BUILDERS SUPPLY, INC.",,Trailer,UNITED STATES (USA)
4S9430,15912,SUPERIOR TRAILER MANUFACTURING LLC,,Trailer,UNITED STATES (USA)
4S9432,15892,SBI MFG,,Trailer,UNITED STATES (USA)
4S9434,15898,SOUTHWEST SIGNS LLC,,Trailer,UNITED STATES (USA)
4S9435,15976,SUPERIOR INDUSTRIES,,Off-Road Vehicle,UNITED STATES (USA)
4S9436,16515,SATURN MACHINE & WELDING CO. INC.,,Trailer,UNITED STATES (USA)
4S9437,19540,"SUNDANCE CUSTOM GOLF CARTS, INC.",,Low Speed Vehicle (LSV),UNITED STATES (USA)
4S9438,16029,"SNODGRESS EQUIPMENT, INC.",,Trailer,UNITED STATES (USA)
4S9440,16158,"SUPERIOR HANDLING EQUIPMENT, LLC",,Trailer,UNITED STATES (USA)
4S9443,16229,CENTEX LEGACY INDUSTRIES,,Trailer,UNITED STATES (USA)
4S9444,16407,"SEEDLING HOMES, LLC.",,Trailer,UNITED STATES (USA)
4S9447,18230,SOUTH COAST MANUFACTURING LLC,,Trailer,UNITED STATES (USA)
4S9449,16512,STANFORD MANUFACTURING CO.,,Passenger Car,UNITED STATES (USA)
4S9450,16465,"SHIFT MOTORSPORTS, LLC",,Low Speed Vehicle (LSV),UNITED STATES (USA)
4S9452,19508,"MIG LLC,",,Trailer,UNITED STATES (USA)
4S9454,16928,SCUDERIA CAMERON GLICKENHAUS LLC,,Passenger Car,UNITED STATES (USA)
4S9459,17147,"SUPERIOR WELDING AND MANUFACTURING, INC.",,Trailer,UNITED STATES (USA)
4S9460,17149,SOUTHWEST WELDING LLC,,Trailer,UNITED STATES (USA)
4S9461,17376,"STRICT DEVELOPMENT, INC.",,Trailer,UNITED STATES (USA)
4S9463,17162,"SHERPA ADVENTURES, LLC",,Trailer,UNITED STATES (USA)
4S9464,17150,SNOWY MOUNTAIN CAMPERS,,Trailer,UNITED STATES (USA)
4S9465,17372,"STORRI, LLC",,Trailer,UNITED STATES (USA)
4S9468,17365,STONE RIVER TRAILER MANUFACTURING,,Trailer,UNITED STATES (USA)
4S9473,17526,SAGE PUMP SERVICES,,Trailer,UNITED STATES (USA)
4S9476,17864,"SPECIALIZED EQUIPMENT COMPANY, LLC.",,Trailer,UNITED STATES (USA)
4S9477,17852,SAFE-T-PULL INCORPORATED,,Trailer,UNITED STATES (USA)
4S9478,17818,"SIMMS BROTHERS MARINE SERVICES, INC",,Trailer,UNITED STATES (USA)
4S9480,17963,SAM'S TRANSPORT COMPANY,,Trailer,UNITED STATES (USA)
4S9483,18145,STELLA SPECIALTY TRAILERS LLC,,Trailer,UNITED STATES (USA)
4S9484,18309,"STEALTHCRAFT BOATS, LLC",,Trailer,UNITED STATES (USA)
4S9489,21438,SUPERFORMANCE LLC,,Passenger Car,UNITED STATES (USA)
4S9491,18642,SILVER SPECIAL TRAILERS LLC,,Trailer,UNITED STATES (USA)
4S9492,18577,SAXON PAINTING  COMPANY LLC DBA SAXON ENTERPRISES,,Trailer,UNITED STATES (USA)
4S9494,18679,SCHROEDER MACHINE SHOP INC,,Trailer,UNITED STATES (USA)
4S9496,18671,SOUTH WALTON CARTS LLC,,Low Speed Vehicle (LSV),UNITED STATES (USA)
4S9502,19136,SAN JOSE CONSERVATION CORPS + CHARTER SCHOOL,,Trailer,UNITED STATES (USA)
4S9503,18818,SPITFIRE VINTAGE CARAVANS LLC,,Trailer,UNITED STATES (USA)
4S9505,18842,SERVICE ONE TRUCK EQUIPMENT,,Trailer,UNITED STATES (USA)
4S9506,18866,SUN DEVIL TRAILER MANUFACTURING LLC,,Trailer,UNITED STATES (USA)
4S9510,18892,SUSITNA TEARDROPS,,Trailer,UNITED STATES (USA)
4S9512,18900,NELSON AND NELSON MANUFACTURING,,Trailer,UNITED STATES (USA)
4S9514,19017,SOWAL BEACH BUGGYS INC.,,Low Speed Vehicle (LSV),UNITED STATES (USA)
4S9515,19801,"SYMMETRY TRAILERS, LLC",,Trailer,UNITED STATES (USA)
4S9518,19128,SCHLOER TRUCKING LLC,,Trailer,UNITED STATES (USA)
4S9519,19559,"SHERPA OUTFITTERS, LLC",,Trailer,UNITED STATES (USA)
4S9520,19307,"SIGNATURE AUTOSPORT, LLC",,Multipurpose Passenger Vehicle (MPV),UNITED STATES (USA)
4S9521,19986,S&S MANUFACTURING,,Trailer,
4S9522,19240,SEED CARGO,,Trailer,UNITED STATES (USA)
4S9524,19318,SMOK'T,,Trailer,UNITED STATES (USA)
4S9525,19319,SHUBERT CUSTOM CYCLES,,Motorcycle,UNITED STATES (USA)
4S9527,19373,STRONGARM TRAILERS AND HITCHES,,Trailer,UNITED STATES (USA)
4S9529,19403,SPINBAR DESIGN LAB,,Trailer,UNITED STATES (USA)
4S9531,19490,SUPERIOR TRAILERS LLC,,Trailer,UNITED STATES (USA)
4S9532,19507,SULFUR CREEK CYCLE LLC,,Motorcycle,UNITED STATES (USA)
4S9533,19527,"STAR LAKE FABRICATION, LLC",,Trailer,UNITED STATES (USA)
4S9534,8141,SPUDNIK EQUIPMENT COMPANY LLC,,Trailer,UNITED STATES (USA)
4S9535,19538,SUNCOAST FABRICATION LLC,,Trailer,UNITED STATES (USA)
4S9537,19603,SPARK CYCLEWORKS LLC,,Motorcycle,UNITED STATES (USA)
4S9540,19348,SIMPLIFIED FABRICATORS INC,,Trailer,UNITED STATES (USA)
4S9542,16928,SCUDERIA CAMERON GLICKENHAUS LLC,,Multipurpose Passenger Vehicle (MPV),UNITED STATES (USA)
4S9543,19802,SAFE ROOM DESIGNS,,Trailer,UNITED STATES (USA)
4S9544,16928,SCUDERIA CAMERON GLICKENHAUS LLC,,Passenger Car,UNITED STATES (USA)
4S9545,19816,STOUT CONVEYORS LLC,,Trailer,UNITED STATES (USA)
4S9546,19837,SQUARE GROUPER MANUFACTURING,,Motorcycle,UNITED STATES (USA)
4S9547,19837,SQUARE GROUPER MANUFACTURING,,Low Speed Vehicle (LSV),UNITED STATES (USA)
4S9548,19854,SMOKY MOUNTAIN JET BOAT BUILDING LLC,,Trailer,UNITED STATES (USA)
4S9549,19865,SASSTASS AND THE POUR HORSE MOBILE BAR CO LLC,,Trailer,UNITED STATES (USA)
4S9550,20158,STAMPEDE OUTDOORS,,Trailer,UNITED STATES (USA)
4S9551,20258,SOUTH RIVER CARGO LLC,,Trailer,UNITED STATES (USA)
4S9552,19925,SQU SERVICES,,Trailer,UNITED STATES (USA)
4S9553,19916,SUNSET MANUFACTURING CO OF SAINT JOSEPH,,Low Speed Vehicle (LSV),UNITED STATES (USA)
4S9555,19991,SWAMP DADDY AIRBOATS AND FABRICATION LLC.,,Trailer,UNITED STATES (USA)
4S9557,19977,SUNNYSIDE ENTERPRISES LLC,,Trailer,UNITED STATES (USA)
4S9558,19966,SILVER BULLET MANUFACTURING INC,,Trailer,UNITED STATES (USA)
4S9559,19744,"SPARTAN FIRE, LLC",,Truck,UNITED STATES (USA)
4S9560,19744,"SPARTAN FIRE, LLC",,Incomplete Vehicle,UNITED STATES (USA)
4S9561,20554,"SALINA CREEK FABRICATION, LLC",,Trailer,UNITED STATES (USA)
4S9562,20110,SOUTHTRAIL FABRICATIONS LLC,,Trailer,UNITED STATES (USA)
4S9564,20132,SECURITY2GO,,Trailer,UNITED STATES (USA)
4S9566,20247,SONDORS ELECTRIC CAR COMPANY,,Motorcycle,UNITED STATES (USA)
4S9568,20159,SPARTAN FABRICATION INC.,,Trailer,UNITED STATES (USA)
4S9569,20213,"SC AUTOSPORTS, LLC",,Low Speed Vehicle (LSV),UNITED STATES (USA)
4S9571,20281,STAR TRAILER MANUFACTURING INC.,,Trailer,UNITED STATES (USA)
4S9572,20302,STREET LEGAL GOLF CARTS,,Low Speed Vehicle (LSV),UNITED STATES (USA)
4S9576,20404,SYSWELDING,,Trailer,UNITED STATES (USA)
4S9577,20387,SYNER-G METAL WORKS,,Trailer,UNITED STATES (USA)
4S9578,20459,SHALOM TRAILERS,,Trailer,UNITED STATES (USA)
4S9579,20382,SCRUFFY’S AUTO REPAIR AND MORE LLC,,Trailer,UNITED STATES (USA)
4S9582,20572,SAWTOOTH CARGO CARRIER LLC,,Trailer,UNITED STATES (USA)
4S9583,20480,SOUTHERN SPECIALTY TRAILERS LLC,,Trailer,UNITED STATES (USA)
4S9584,20840,STONES RIVER TRAILER COMPANY LLC,,Trailer,UNITED STATES (USA)
4S9585,21155,SOLID POINT TRAILERS,,Trailer,
4S9586,20515,SHOW-TIME ENTERPRISES INCORPORATED,,Trailer,UNITED STATES (USA)
4S9588,20561,SD CUSTOM BOATS LLC,,Trailer,UNITED STATES (USA)
4S9592,20575,"SSI, INC. DBA: BROCK'S TRAILERS",,Trailer,UNITED STATES (USA)
4S9593,20580,SMORT FABRICATION,,Trailer,UNITED STATES (USA)
4S9594,20716,"SAILOR GROUP, LLC",,Trailer,UNITED STATES (USA)
4S9595,20686,SOUTHERN UTILITY TRAILERS,,Trailer,UNITED STATES (USA)
4S9596,19972,SCOOPER COMPANY LLC,,Trailer,UNITED STATES (USA)
4S9597,20679,"SCI INNOVATIONS, LLC",,Trailer,UNITED STATES (USA)
4S9598,21171,SAWYER TRAILERS LLC,,Trailer,UNITED STATES (USA)
4S9599,20710,SOUTH ATLANTA GOLF CARTS LLC,,Low Speed Vehicle (LSV),UNITED STATES (USA)
4S9600,20744,SILVERLIGHT ELECTRIC VEHICLE INC.,,Motorcycle,UNITED STATES (USA)
4S9601,20718,STEELWATER TRAILERS,,Trailer,UNITED STATES (USA)
4S9603,20736,SPHINX TRAILER MFG. LLC,,Trailer,UNITED STATES (USA)
4S9604,20745,SARO CAMPER,,Trailer,UNITED STATES (USA)
4S9605,20605,STALLION OILFIELD SERVICES LTD,,Trailer,UNITED STATES (USA)
4S9606,21211,SHOWALTER FABRICATION SERVICES,,Trailer,
4S9608,20931,SHANNON BROTHERS LLC,,Trailer,UNITED STATES (USA)
4S9609,20887,SMITH INDUSTRIES LLC,,Trailer,UNITED STATES (USA)
4S9610,20971,SENTINEL TRAILERS,,Trailer,UNITED STATES (USA)
4S9611,21070,"SWEET-HAUS, LLC",,Trailer,
4S9613,21246,STAHLEY ENTERPRISES INC,,Trailer,
4S9615,21384,SG ECHO LLC,,Trailer,
4S9616,20980,SINGLETARY TRAILERS,,Trailer,UNITED STATES (USA)
4S9617,21014,SOUTHLAND TOOL MFG. INC.,,Trailer,UNITED STATES (USA)
4S9618,21138,SUMCO SALES LLC,,Trailer,UNITED STATES (USA)
4S9619,21236,"SASQUATCH CAMPERS, INC",,Trailer,
4S9620,21146,STEAMBOAT TRAILERS LLC,,Trailer,UNITED STATES (USA)
4S9622,21179,SPECIALTY SOLIDS CONTROL,,Trailer,
4S9623,23205,SILVERBACK TRAILER COMPANY,,Trailer,UNITED STATES (USA)
4S9624,21256,SHONUFF TRAILERS,,Trailer,UNITED STATES (USA)
4S9627,21385,SPLASH SALES LLC DBA SPLASH TRUCK SALES,,Trailer,
4S9628,21492,SNO TRAILERS,,Trailer,UNITED STATES (USA)
4S9629,21418,SUPER CHAMPION INC.,,Trailer,UNITED STATES (USA)
4S9631,21479,SOUTHERN GRACE STEEL FABRICATION LLC,,Trailer,UNITED STATES (USA)
4S9632,21586,"STAGHORN INDUSTRIES, LLC",,Trailer,
4S9634,21465,SYLVER MOTOR CORPORATION,,Trailer,UNITED STATES (USA)
4S9635,21187,SEBAGO DOCK & LIFT,,Trailer,UNITED STATES (USA)
4S9637,21575,"SOLAR ADVANCED WARNING SYSTEMS, INC.",,Trailer,
4S9638,21647,"SALTY RENTALS NSB, LLC",,Low Speed Vehicle (LSV),UNITED STATES (USA)
4S9639,21718,SOUTH FLORIDA GOLF CARTS,,Low Speed Vehicle (LSV),UNITED STATES (USA)
4S9640,21702,STEEL CREEK TRAILERS LLC,,Trailer,
4S9641,10410,SARATOGA CUSTOM CYCLES,,Low Speed Vehicle (LSV),UNITED STATES (USA)
4S9642,22195,"ADVANCED SYSTEMS TECHNOLOGY SPRAYER DEPOT, LLC",,Trailer,UNITED STATES (USA)
4S9643,21844,SABER TRAILERS,,Trailer,
4S9644,21754,SERENDIPITOUS ENDEAVORS LLC,,Trailer,UNITED STATES (USA)
4S9645,21756,SOUTHERN MADE TRAILERS AND EQUIPMENT,,Trailer,
4S9646,21801,STREET TRAILERS,,Trailer,UNITED STATES (USA)
4S9647,21945,SAGE SUPPLY INC,,Trailer,UNITED STATES (USA)
4S9648,21795,"SPARTAN EV, LLC",,Low Speed Vehicle (LSV),
4S9649,21841,SOUTHWEST IRRIGATION,,Trailer,
4S9652,21933,SECOND WIND TRAILERS LLC,,Trailer,
4S9653,22022,"SCAF PAK TRAILERS, LLC",,Trailer,
4S9655,22082,SHERPA TRAILERS LTD,,Trailer,UNITED STATES (USA)
4S9656,22004,SELS USA LLC,,Trailer,UNITED STATES (USA)
4S9658,22105,SOUTHLAND GOLF CART,,Low Speed Vehicle (LSV),
4S9659,25103,TEXAS STAR INDUSTRIAL MANUFACTURING,,Trailer,UNITED STATES (USA)
4S9660,4787,STROMCO LLC,,Trailer,UNITED STATES (USA)
4S9662,22622,SPEEDWAGON INDUSTRIES,,Trailer,UNITED STATES (USA)
4S9663,22143,SHELLEM SOLUTIONS LLC,,Trailer,UNITED STATES (USA)
4S9664,22212,SJG TRAILERS LLC.,,Trailer,UNITED STATES (USA)
4S9665,22246,STREET LIFE CUSTOMS INC.,,Trailer,UNITED STATES (USA)
4S9666,21919,SOUTH COAST TRAILERS,,Trailer,
4S9667,22236,SODERBLOOMS LLC,,Trailer,
4S9668,22235,SNH GOLF CARTS LLC,,Low Speed Vehicle (LSV),UNITED STATES (USA)
4S9670,22328,STREET LEGAL CARTS,,Low Speed Vehicle (LSV),
4S9671,22314,STAYMAN FABRICATION,,Trailer,
4S9672,22306,SIDEWINDER FABRICATION LTD,,Trailer,
4S9673,23215,SEMINOLE MOTOR SPORTS MFG. CO. LLC,,Motorcycle,UNITED STATES (USA)
4S9676,22358,SPARTAN TECHS LLC,,Trailer,UNITED STATES (USA)
4S9677,21633,SUPERIOR CHASSIS INC,,Trailer,UNITED STATES (USA)
4S9679,22441,SUPERSTAR TRAILERS,,Trailer,
4S9680,22477,"SAFTCART, INC.",,Trailer,
4S9681,22527,STARK TRAILER LLC,,Trailer,UNITED STATES (USA)
4S9682,22562,"SNYDER WELDING TECHNOLOGIES, LLC",,Trailer,UNITED STATES (USA)
4S9683,22994,SNAKE RIVER LOCKERS,,Trailer,UNITED STATES (USA)
4S9684,22626,SUPERIOR FLATDECKS COMPANY LLC,,Trailer,UNITED STATES (USA)
4S9685,22642,SWIFT EV LLC,,Low Speed Vehicle (LSV),
4S9687,23404,SUPPLYOR LLC,,Trailer,
4S9688,22695,"SNR, INC.",,Trailer,UNITED STATES (USA)
4S9692,22728,S3E LLC SERIES 2,,Trailer,
4S9693,22858,SMOKEY MT GREENWAY COMPANY LLC,,Trailer,UNITED STATES (USA)
4S9695,23060,SPARTAN TRAILERS,,Trailer,
4S9697,23132,SUPERIOR STORAGE TANKS & TRAILERS,,Trailer,
4S9699,23271,SAPPHIRE AUTOMOTIVE GROUP LLP,,Trailer,UNITED STATES (USA)
4S9700,23247,"SKYLINE MOBILITY, INC.",,Motorcycle,
4S9701,23286,SPARTAN PERFORMANCE,,Trailer,
4S9702,23303,SCORPION MARINE INC,,Trailer,
4S9705,23348,SPARK SHOP LLC,,Trailer,
4S9709,23454,STENTEN'S GOLF CART ACCESSORIES,,Low Speed Vehicle (LSV),
4S9710,23567,SKINNY RIVER CUSTOMS LLC,,Trailer,
4S9712,19307,"SIGNATURE AUTOSPORT, LLC",,Truck,
4S9713,23591,SWAPLOADER USA LTD.,,Trailer,
4S9714,23038,SOUTHFIELD CLASSICS,,Truck,UNITED STATES (USA)
4S9715,23680,ST.CROIX TRAILERS INC,,Trailer,UNITED STATES (USA)
4S9716,23696,S3 SUPPLY LLC,,Trailer,
4S9718,23952,SO CAL TRAILER BUILDERS,,Trailer,UNITED STATES (USA)
4S9719,23764,STARFIRE AMERICA LLC,,Low Speed Vehicle (LSV),
4S9722,23794,STEEL BOYZ LLC,,Trailer,
4S9723,23788,"SLANT BAR AG, LLC",,Trailer,
4S9725,23831,STONE TABLE LLC,,Trailer,
4S9727,23851,SEQUOIA CAMPERS AND TRAILERS LLC,,Trailer,UNITED STATES (USA)
4S9728,23864,STINGRAY TRAILERS LLC,,Trailer,UNITED STATES (USA)
4S9729,23927,SVENN LLC,,Trailer,UNITED STATES (USA)
4S9730,23923,SOUTHEASTERN STEEL MANUFACTURING CORP,,Trailer,
4S9731,23995,SUNSET LSV INNOVATIONS,,Low Speed Vehicle (LSV),
4S9733,24126,SIPSEY RIVER FABRICATION,,Trailer,
4S9734,24588,SWFL TRAILER SALES AND REPAIRS LLC.,,Trailer,UNITED STATES (USA)
4S9735,24267,"SAW MACHINE INTEGRATORS, LLC",,Trailer,
4S9736,24280,STANGER FAB LLC,,Trailer,UNITED STATES (USA)
4S9737,24281,SAWYER TRAILERS LLC,,Trailer,
4S9738,24274,"STROBEL MANUFACTURING, INC.",,Trailer,UNITED STATES (USA)
4S9739,4429,SPECTRAC SUSPENSION CENTERS INC,,Trailer,UNITED STATES (USA)
4S9742,24338,S OUTDOORS LLC,,Trailer,
4S9743,24476,"S&S CABLE, LLC",,Trailer,
4S9745,24601,SHERPA TRAILERS LLC,,Trailer,UNITED STATES (USA)
4S9746,24192,STRONG BLUE LLC,,Trailer,UNITED STATES (USA)
4S9748,24847,"SOLAR RIG TECHNOLOGIES, LLC",,Trailer,UNITED STATES (USA)
4S9749,24880,SPARTAN MANUFACTURING INC,,Trailer,UNITED STATES (USA)
4S9750,25263,SOL GUARD INC.,,Trailer,UNITED STATES (USA)
4S9754,25055,SPURGEON YACHTS INC.,,Trailer,
4S9758,25110,"SYBRIX, LLC",,Trailer,UNITED STATES (USA)
4S9759,25128,SECURITY VIEW LLC,,Trailer,UNITED STATES (USA)
4S9760,25099,SWINGLIFT TRANSPORT SERVICES LLC,,Trailer,
4S9761,25465,"SOMERSET INDUSTRIAL SERVICE, LLC",,Trailer,UNITED STATES (USA)
4S9763,25170,SOPILOTES TRAILERS,,Trailer,
4S9765,25376,SG TRAILERS LLC,,Trailer,
4S9767,25479,"S&G FABWORKS, LLC.",,Trailer,UNITED STATES (USA)
4S9768,25445,SIMPLE INJECTION LLC,,Trailer,
4S9769,25709,SZYDEL FAMILY FARMS LLC,,Trailer,UNITED STATES (USA)
4S9770,25149,SKY PLATE LLC,,Trailer,UNITED STATES (USA)
4S9772,25637,SHORE BRAKE METAL,,Trailer,UNITED STATES (USA)
4S9773,25486,SKYLINE METAL WORK,,Trailer,
4S9774,25526,SAUNA KINGS LLC,,Trailer,UNITED STATES (USA)
4S9775,25534,STEEL MAGNOLIA TRAILERS LLC,,Trailer,
4S9776,25574,SCOTTY D FABRICATION,,Trailer,UNITED STATES (USA)
4S9777,25574,SCOTTY D FABRICATION,,Low Speed Vehicle (LSV),UNITED STATES (USA)
4S9779,24431,SPARKS TRAILER REPAIR LLC,,Trailer,
4S9781,25662,SW & STEEL FABRICATION,,Trailer,UNITED STATES (USA)
4S9782,24192,STRONG BLUE LLC,,Low Speed Vehicle (LSV),
4S9783,23176,SANDY VANS LLC,,Trailer,
4S9784,25654,SHIELD CARGO LLC,,Trailer,
4S9785,25381,SILVER HILL CABINS LLC,,Trailer,
4S9786,25788,SUNSET R.E. MANAGEMENT,,Trailer,UNITED STATES (USA)
4S9790,25846,SOUTHERN CARTS,,Low Speed Vehicle (LSV),
4S9SPB,5846,SWEAT'S PORTABLE BUILDINGS,,Trailer,UNITED STATES (USA)
4SC,18374,"AUTOMOTIVE SAFETY TESTING (AST) [AGENT FOR] ASIA SMITH MOTOR CO., INC. DBA ASC",A.S.C.,Incomplete Vehicle,UNITED STATES (USA)
4SJ,16881,B & W TRAILERS,B & W TRAILERS,Trailer,UNITED STATES (USA)
4SL,3110,MAGNUM MANUFACTURING DIVSION OF COACH CORP,MAGNUM,Bus,UNITED STATES (USA)
4SR,10600,SKYLINE CORPORATION,SKYLINE CORPORATION,Trailer,UNITED STATES (USA)
4SW,10600,SKYLINE CORPORATION,SKYLINE CORPORATION,Trailer,UNITED STATES (USA)
4T1,1088,"TOYOTA MOTOR MANUFACTURING, KENTUCKY, INC.",TOYOTA,Passenger Car,UNITED STATES (USA)
4T3,1088,"TOYOTA MOTOR MANUFACTURING, KENTUCKY, INC.",TOYOTA,Multipurpose Passenger Vehicle (MPV),UNITED STATES (USA)
4T4,1091,"TOYOTA MOTOR MANUFACTURING, NORTHERN KENTUCKY, INC.",TOYOTA,Passenger Car,UNITED STATES (USA)
4T5,17826,TIE DOWN ENGINEERING. INC.,"TIE DOWN ENGINEERING, INC.",Trailer,UNITED STATES (USA)
4T9002,6662,"TARTER INDUSTRIES, LLC",,Trailer,UNITED STATES (USA)
4T9004,1532,TRI-STATE CHOPPER LLC,,Motorcycle,UNITED STATES (USA)
4T9005,6824,TEJAS TRAILERS,,Trailer,UNITED STATES (USA)
4T9006,15688,TEMP-AIR,,Trailer,UNITED STATES (USA)
4T9007,7057,"TETON BUILDINGS, LLC",,Trailer,UNITED STATES (USA)
4T9009,11875,T&R TRAILER MFG. INC.,,Trailer,UNITED STATES (USA)
4T9010,7881,TRANSWORLD MANUFACTURING CO.,,Trailer,UNITED STATES (USA)
4T9011,7877,"T-N-A CUSTOM MOTORCYCLES, LLC",,Motorcycle,UNITED STATES (USA)
4T9013,12179,THE HOG FARM,,Motorcycle,UNITED STATES (USA)
4T9014,6184,TOTE 'EM TRAILERS,,Trailer,UNITED STATES (USA)
4T9015,11897,TOTAL ELECTRIC VEHICLES L.L.C.,,Passenger Car,UNITED STATES (USA)
4T9016,6140,TBEI,,Trailer,UNITED STATES (USA)
4T9017,6149,TRICK TRAILERS,,Trailer,UNITED STATES (USA)
4T9018,6133,TNA CUSTOMS,,Motorcycle,UNITED STATES (USA)
4T9020,6148,TRAILER BUILDERS INC.,,Trailer,UNITED STATES (USA)
4T9021,1465,TRAILERWELDSHOP,,Trailer,UNITED STATES (USA)
4T9022,6385,"THT MANUFACTURING,  INC.",,Trailer,UNITED STATES (USA)
4T9023,3529,THE TORO COMPANY,,Trailer,UNITED STATES (USA)
4T9026,6727,"THE PIGGY BACKER COMPANY, INC.",,Trailer,UNITED STATES (USA)
4T9027,6633,TAMARACK INDUSTRIES OF AMERICA,,Trailer,UNITED STATES (USA)
4T9029,18538,TAMPA ARMATURE WORKS INC.,,Trailer,UNITED STATES (USA)
4T9030,7903,"TRITON TRIKES, LLC",,Motorcycle,UNITED STATES (USA)
4T9031,1576,TRAILERS INC. OF HILL CITY,,Trailer,UNITED STATES (USA)
4T9032,6618,TOMMY TOW TRAILERS LLC,,Trailer,UNITED STATES (USA)
4T9033,6917,"THOMPSON CHOPPERS, LLC",,Motorcycle,UNITED STATES (USA)
4T9034,7126,"TUFF-GO, INC.",,Trailer,UNITED STATES (USA)
4T9035,7083,TEXAS TRAILERS SALES AND SERVICE,,Trailer,UNITED STATES (USA)
4T9036,6396,"TRIUNE MANUFACTURING CO., INC.",,Trailer,UNITED STATES (USA)
4T9037,6398,THE BRINKMANN CORPORATION,,Trailer,UNITED STATES (USA)
4T9038,6428,TRAIL-A-TOY MANUFACTURING CORPORATION,,Trailer,UNITED STATES (USA)
4T9040,6914,TATE'S CUSTOMIZATIONS,,Trailer,UNITED STATES (USA)
4T9041,6913,TRAILER FRANCHISE,,Trailer,UNITED STATES (USA)
4T9043,6631,TALON TRIKES LLC,,Motorcycle,UNITED STATES (USA)
4T9044,6905,"TITAN UTV, LLC",,Low Speed Vehicle (LSV),UNITED STATES (USA)
4T9046,7251,"TRAIL CREEK RV, LLC",,Trailer,UNITED STATES (USA)
4T9048,7532,"TRANSGLOBAL CONTAINER, LLC",,Trailer,UNITED STATES (USA)
4T9049,1691,TAXA LLC,,Trailer,UNITED STATES (USA)
4T9055,7122,THE FACTORY METAL WORKS,,Motorcycle,UNITED STATES (USA)
4T9056,7122,THE FACTORY METAL WORKS,,Trailer,UNITED STATES (USA)
4T9057,25337,TCTEARDROPS LLC,,Trailer,
4T9058,1447,"TRANSFORMATRUCKS, LLC",,Trailer,UNITED STATES (USA)
4T9059,11978,TATSA INC,,Bus,UNITED STATES (USA)
4T9062,1500,TANOM MOTORS LLC,,Motorcycle,UNITED STATES (USA)
4T9065,7119,TIGHT LINES TRAILERS LLC,,Trailer,UNITED STATES (USA)
4T9066,7927,TYCO FIRE PROTECTION PRODUCTS,,Trailer,UNITED STATES (USA)
4T9069,7933,"TRAILER MANUFACTURERS OF TOLEDO, LLC",,Trailer,UNITED STATES (USA)
4T9071,7270,"TODD'S WELDING, INC.",,Trailer,UNITED STATES (USA)
4T9072,6445,"TRANSPORTATION POWER, INC.",,Truck,UNITED STATES (USA)
4T9073,7769,"TBM SAND AND STORAGE LOGISTICS, LLC",,Trailer,UNITED STATES (USA)
4T9075,7760,"TOPEKA METAL SPECIALTIES DIVISION OF LB STEEL, LLC",,Trailer,UNITED STATES (USA)
4T9076,1107,THOR MANUFACTURING LLC,,Trailer,UNITED STATES (USA)
4T9078,7957,TRANSWORLD EQUIPMENT CORP.,,Trailer,UNITED STATES (USA)
4T9079,20415,T&H WELDING,,Trailer,UNITED STATES (USA)
4T9080,11951,"TRAILBLAZER, INC.",,Trailer,UNITED STATES (USA)
4T9083,6198,"TLR WELDING & FABRICATING, INC.",,Trailer,UNITED STATES (USA)
4T9084,7302,T R WELDING SERVICE INC.,,Trailer,UNITED STATES (USA)
4T9085,7296,"TRAILMANOR MANUFACTURING COMPANY, LLC",,Trailer,UNITED STATES (USA)
4T9086,11924,"TISHOMINGO ACQUISITION, LLC,",,Trailer,UNITED STATES (USA)
4T9087,6092,TOOCYLINDER MOTOR CYCLE REPAIR,,Motorcycle,UNITED STATES (USA)
4T9088,6063,THE WELDING SHOP,,Trailer,UNITED STATES (USA)
4T9092,6320,"TERCO MANUFACTURING, LLC",,Trailer,UNITED STATES (USA)
4T9093,16446,THE HYDROSEEDING COMPANY LLC,,Trailer,UNITED STATES (USA)
4T9096,11974,"TRAILER RUSH, INC.",,Trailer,UNITED STATES (USA)
4T9097,7501,THE REITZ PUMP CORPORATION,,Trailer,UNITED STATES (USA)
4T9100,6325,TENNFAB,,Trailer,UNITED STATES (USA)
4T9101,11984,"TOTAL E&S, INC.",,Trailer,UNITED STATES (USA)
4T9102,6536,"TARTER INDUSTRIES, LLC (TARTER WEST)",,Trailer,UNITED STATES (USA)
4T9103,6263,"TOURINGPRODUCTS.COM, LLC",,Trailer,UNITED STATES (USA)
4T9105,13508,"TURRIS SYSTEMS, LLC",,Trailer,UNITED STATES (USA)
4T9109,6496,TOTEM EQUIPMENT AND SUPPLY INC.,,Trailer,UNITED STATES (USA)
4T9112,12245,TIMBERY LLC,,Trailer,UNITED STATES (USA)
4T9115,7594,TRINITY FRAME & FAB,,Motorcycle,UNITED STATES (USA)
4T9119,6113,TINY TRAILER,,Trailer,UNITED STATES (USA)
4T9120,7504,"TATTOO YACHTS, LLC",,Trailer,UNITED STATES (USA)
4T9121,6349,TANKKO LLC,,Trailer,UNITED STATES (USA)
4T9125,1505,THE DOCK DOCTORS LLC,,Trailer,UNITED STATES (USA)
4T9128,6120,TWISTED IRON LLC,,Motorcycle,UNITED STATES (USA)
4T9129,6048,"TINY SMART HOUSE, INC.",,Trailer,UNITED STATES (USA)
4T9130,6361,"TEXSTAR RV AND TRAILERS, INC.",,Trailer,UNITED STATES (USA)
4T9131,6039,TRI-WELDING FABRICATIONS,,Trailer,UNITED STATES (USA)
4T9132,15985,TRI CITY TRAILERS LLC,,Trailer,UNITED STATES (USA)
4T9133,7372,"TWIN OAKS INDUSTRIES, INC.",,Trailer,UNITED STATES (USA)
4T9138,6506,"TRUCK BED AND TRAILER SALES, LLC",,Trailer,UNITED STATES (USA)
4T9139,6731,THE CHOP SHOP,,Motorcycle,UNITED STATES (USA)
4T9140,6793,TUMBLE WEED TINY HOUSE COMPANY,,Trailer,UNITED STATES (USA)
4T9141,25142,TEL-STAR MFG LLC,,Trailer,
4T9144,6736,TWISTED IRON CUSTOMS LLC,,Motorcycle,UNITED STATES (USA)
4T9145,1127,TURTLEBACK TRAILERS LLC,,Trailer,UNITED STATES (USA)
4T9149,6785,TROUBADOUR TRAILERS LLC,,Trailer,UNITED STATES (USA)
4T9152,7630,TCS BAGGER CHASIS,,Motorcycle,UNITED STATES (USA)
4T9153,7616,TIOGA AIR HEATERS LLC,,Trailer,UNITED STATES (USA)
4T9154,7628,TEREX USA LLC,,Trailer,UNITED STATES (USA)
4T9156,7526,"TOUR DE TAVERN, LLC",,Low Speed Vehicle (LSV),UNITED STATES (USA)
4T9157,7633,TITAN MARINE LLC,,Trailer,UNITED STATES (USA)
4T9162,7830,TEXMO MANUFACTURING LLC,,Trailer,UNITED STATES (USA)
4T9163,7816,THE BAG LADY INC.,,Trailer,UNITED STATES (USA)
4T9165,6987,"TREAD WAREHOUSE, INC.",,Trailer,UNITED STATES (USA)
4T9168,13592,TINY IDAHOMES LLC,,Trailer,UNITED STATES (USA)
4T9169,13750,TRAMONT MANUFACTURING LLC,,Trailer,UNITED STATES (USA)
4T9171,6799,THE RV FACTORY LLC,,Trailer,UNITED STATES (USA)
4T9172,6804,THE TRAILER SHOP,,Trailer,UNITED STATES (USA)
4T9173,13801,"TITANIUM TRAILER MFG., LLC",,Trailer,UNITED STATES (USA)
4T9176,14447,"TEXAS WIDE WELDING & SERVICES, LLC.",,Trailer,UNITED STATES (USA)
4T9178,11842,TORRID TECHNOLOGIES GROUP LLC,,Trailer,UNITED STATES (USA)
4T9183,13805,"TMCO, INC.",,Trailer,UNITED STATES (USA)
4T9184,13590,TRUCK-TECH,,Trailer,UNITED STATES (USA)
4T9190,13888,"TOWER TRIKES, INC.",,Motorcycle,UNITED STATES (USA)
4T9191,13643,TROJAN TRAILERS MANUFACTURING,,Trailer,UNITED STATES (USA)
4T9196,14090,"T.J. CLARK INTERNATIONAL, LLC",,Trailer,UNITED STATES (USA)
4T9197,13633,TRUCKING TRM INC.,,Trailer,UNITED STATES (USA)
4T9198,13982,TURF COMMANDERS,,Low Speed Vehicle (LSV),UNITED STATES (USA)
4T9203,13909,"THE HANDLEBAR, LLC",,Low Speed Vehicle (LSV),UNITED STATES (USA)
4T9204,14605,TRANSPORT CUSTOM DESIGNS LLC,,Trailer,UNITED STATES (USA)
4T9205,14003,TUFF MANUFACTURING LLC,,Trailer,UNITED STATES (USA)
4T9206,13938,"TEREX USA, LLC",,Trailer,UNITED STATES (USA)
4T9207,13989,"TRP MOTORS, LLC",,Motorcycle,UNITED STATES (USA)
4T9208,18989,"XOS, INC.",,Incomplete Vehicle,UNITED STATES (USA)
4T9211,14201,TRAYLORCO,,Trailer,UNITED STATES (USA)
4T9213,14159,TIMBERLAND INC DBA GLACIER,,Trailer,UNITED STATES (USA)
4T9214,15908,"TINY LIFESTYLE HOMES, LLC",,Trailer,UNITED STATES (USA)
4T9215,16502,"THIELEN MACHINE & WELDING, INC",,Trailer,UNITED STATES (USA)
4T9219,19198,"TAT, INC.",,Trailer,UNITED STATES (USA)
4T9222,15056,"TRI-C ENGINEERING, INC. DBA TRACKMASTER RACING FRAMES",,Motorcycle,UNITED STATES (USA)
4T9223,15096,TRADESMAN COMPANY,,Trailer,UNITED STATES (USA)
4T9224,15549,TD MANUFACTURING LLC.,,Trailer,UNITED STATES (USA)
4T9225,15300,TEVCO MANUFACTURING LLC,,Trailer,UNITED STATES (USA)
4T9227,15569,TINY HOMES OF OHIO,,Trailer,UNITED STATES (USA)
4T9228,15624,THE LUMEN MOTORS COMPANY,,Passenger Car,UNITED STATES (USA)
4T9231,15173,"TJ OILFIELD SERVICES, LLC",,Trailer,UNITED STATES (USA)
4T9233,15749,TINITRON INC.,,Trailer,UNITED STATES (USA)
4T9234,15749,TINITRON INC.,,Motorcycle,UNITED STATES (USA)
4T9237,19377,TENSPEEDTEARS LLC,,Trailer,UNITED STATES (USA)
4T9238,15833,TRANSTAR ALL TRAILER WORKS (ATW),,Trailer,UNITED STATES (USA)
4T9241,15902,TURTLE UP TRAILERS,,Trailer,UNITED STATES (USA)
4T9242,15194,"TIMBERLEAF TRAILERS, INC.",,Trailer,UNITED STATES (USA)
4T9244,16331,TINY HOMES OF OKLAHOMA,,Trailer,UNITED STATES (USA)
4T9247,15944,TINY CAMPER COMPANY LLC,,Trailer,UNITED STATES (USA)
4T9248,15995,TRU-WELD TRAILERS,,Trailer,UNITED STATES (USA)
4T9251,16073,TINY HOME OREGON,,Trailer,UNITED STATES (USA)
4T9253,15577,"TOY DOLLY-PS, LLC",,Trailer,UNITED STATES (USA)
4T9255,16128,TRIPLE G GROUP LLC,,Trailer,UNITED STATES (USA)
4T9258,16241,TOWMORE,,Trailer,UNITED STATES (USA)
4T9259,22115,TIMBERHAWK INC,,Trailer,
4T9260,16264,TEXAS TINY CABINS,,Trailer,UNITED STATES (USA)
4T9262,16391,TUF CORP.,,Trailer,UNITED STATES (USA)
4T9265,18513,"TAILGATE POP UP, LLC",,Trailer,UNITED STATES (USA)
4T9266,16463,TEDSON TRAILER & EQUIPMENT REPAIR LLC,,Trailer,UNITED STATES (USA)
4T9267,16420,"TRAILER TIME ENTERPRISES, LLC.",,Trailer,UNITED STATES (USA)
4T9269,16466,THE WELDING WORKS,,Trailer,UNITED STATES (USA)
4T9270,17158,TJRAESE AND COMPANY LLC,,Trailer,UNITED STATES (USA)
4T9272,16568,TRAILER REBUILDERS INC.,,Trailer,UNITED STATES (USA)
4T9274,16530,TRU LEVEL TRAILERS,,Trailer,UNITED STATES (USA)
4T9277,16637,TOBY'S MECHANICAL LLC,,Trailer,UNITED STATES (USA)
4T9279,17015,"TM INDUSTRIES, LLC",,Trailer,UNITED STATES (USA)
4T9285,17299,TANGLEWOOD MANAGEMENT LLC,,Trailer,UNITED STATES (USA)
4T9288,17412,TERRA NOVA SCOUTS LLC,,Trailer,UNITED STATES (USA)
4T9289,17419,TOWER SIGN AND SIGNAL CO,,Trailer,UNITED STATES (USA)
4T9290,17564,TRIDENT TRAILERS,,Trailer,UNITED STATES (USA)
4T9291,17529,TX STRONG TRAILERS,,Trailer,UNITED STATES (USA)
4T9295,17720,TRIFECTA WATER TRANSFER LLC,,Trailer,UNITED STATES (USA)
4T9296,17565,TEXAS NOVACHEM CORP,,Trailer,UNITED STATES (USA)
4T9298,18933,"TULSA GAS TECHNOLOGIES, INC.",,Trailer,UNITED STATES (USA)
4T9299,20108,TRAILERS4TWO LLC,,Trailer,UNITED STATES (USA)
4T9301,17953,THE GASBOX LLC,,Motorcycle,UNITED STATES (USA)
4T9303,18038,TRIPLE C FABRICATION LLC,,Trailer,UNITED STATES (USA)
4T9305,7630,TCS BAGGER CHASIS,,Low Speed Vehicle (LSV),UNITED STATES (USA)
4T9307,18408,THE DOG HOUSE,,Trailer,UNITED STATES (USA)
4T9308,18289,"TINY HOUSE CRIBS, LLC",,Trailer,UNITED STATES (USA)
4T9309,18425,TWISTED PINE TRAILER MANUFACTURING,,Trailer,UNITED STATES (USA)
4T9310,18519,TRAILER CAMPERS LLC.,,Trailer,UNITED STATES (USA)
4T9311,18578,TRINITY TRUCK & TRAILER SERVICE,,Trailer,UNITED STATES (USA)
4T9312,18581,THE JUANEILUS CO. LLC,,Trailer,UNITED STATES (USA)
4T9314,18713,TOP SHELF MANUFACTURING LLC,,Trailer,UNITED STATES (USA)
4T9316,18689,"HD TRAILER MANUFACTURING, LLC",,Trailer,UNITED STATES (USA)
4T9320,18796,TRAILER CENTRAL,,Trailer,UNITED STATES (USA)
4T9321,18772,"TAP WORLDWIDE, LLC",,Trailer,UNITED STATES (USA)
4T9322,18777,TOP GUN MANUFACTURING LLC,,Trailer,UNITED STATES (USA)
4T9325,18596,TEAM CHAOS MOTORSPORTS LLC,,Trailer,UNITED STATES (USA)
4T9326,18828,TIMBER RIDGE COUNTRY CABINS,,Trailer,UNITED STATES (USA)
4T9327,18853,THE WORKFORCE HUB DBA MEGA TINY HOMES,,Trailer,UNITED STATES (USA)
4T9328,18848,TAYLOR-WHARTON AMERICA INC.,,Trailer,UNITED STATES (USA)
4T9329,19438,TRAILERS BY SOUTHERN LLC,,Trailer,UNITED STATES (USA)
4T9330,18468,TAIL GUNNER TRAILER INC,,Trailer,UNITED STATES (USA)
4T9333,19220,TRAILER MANUFACTURERS INC.,,Trailer,UNITED STATES (USA)
4T9335,19218,TARFORM INC,,Motorcycle,UNITED STATES (USA)
4T9336,19060,"TRITON METALS, INC",,Trailer,UNITED STATES (USA)
4T9337,18966,"TUFFR TRAILERS, LLC",,Trailer,UNITED STATES (USA)
4T9338,18966,"TUFFR TRAILERS, LLC",,Trailer,UNITED STATES (USA)
4T9340,19179,"T&D SCOTT, LLC",,Trailer,UNITED STATES (USA)
4T9343,17536,THE LITE CAR COMPANY,,Passenger Car,UNITED STATES (USA)
4T9344,19225,TINY HOMES OF MAINE LLC,,Trailer,UNITED STATES (USA)
4T9345,19258,TURTLEBACK ADVENTURES LLC,,Trailer,UNITED STATES (USA)
4T9346,19278,TRISTAR WELDING LLC,,Trailer,UNITED STATES (USA)
4T9347,19204,"TURTLE TRANSIT, INC",,Trailer,UNITED STATES (USA)
4T9352,19314,THE TRAILERSHOP INC,,Trailer,UNITED STATES (USA)
4T9354,19410,THOMAS HUMPHRIES INNOVATIVE SOLUTIIONS,,Trailer,UNITED STATES (USA)
4T9355,19446,"TORO CARGO, LLC",,Trailer,UNITED STATES (USA)
4T9357,19503,TUFFY TILT TABLES,,Trailer,UNITED STATES (USA)
4T9358,19551,"THE TOY BARN OF FLORIDA, LLC",,Motorcycle,UNITED STATES (USA)
4T9359,19667,TOMAHAWK TRAILERS INC,,Trailer,UNITED STATES (USA)
4T9360,24385,THRUST INNOVATIONS,,Trailer,UNITED STATES (USA)
4T9361,19561,TJMC LLC DBA CJ'S SPECIALITY TRAILER MANUFACTURING,,Trailer,UNITED STATES (USA)
4T9362,19565,TRAILERS OF KNOXVILLE,,Trailer,UNITED STATES (USA)
4T9364,19605,TRAILERSMT.COM,,Trailer,UNITED STATES (USA)
4T9365,19648,TWIN STAR EQUIPMENT & MFG. CO.,,Trailer,UNITED STATES (USA)
4T9367,19793,SIMPO'S SOLUTIONS LLC,,Trailer,UNITED STATES (USA)
4T9369,19649,TRAILERS WELDING & MORE,,Trailer,UNITED STATES (USA)
4T9370,21223,TENSIK INC,,Trailer,
4T9371,19780,"TIER 1 FABRICATION, LLC",,Trailer,UNITED STATES (USA)
4T9374,19864,TRAILER TECH MIAMI INC,,Trailer,UNITED STATES (USA)
4T9375,20071,TORTOISE SHELL HOME,,Trailer,UNITED STATES (USA)
4T9376,20215,TEXAS IMAGINEERS LLC,,Trailer,UNITED STATES (USA)
4T9377,20077,"TRAILER SPECIALISTS OF KNOXVILLE, LLC",,Trailer,UNITED STATES (USA)
4T9378,19964,TERRY'S SOUTHERN AUTOMOTIVE L.L.C.,,Trailer,UNITED STATES (USA)
4T9379,19897,TOP TIER TRAILERS,,Trailer,UNITED STATES (USA)
4T9380,20203,TRAILER MASTERS LLC,,Trailer,UNITED STATES (USA)
4T9381,19956,TEXAS STRONG TRAILERS BY JCA,,Trailer,UNITED STATES (USA)
4T9382,19968,"THE SOMERVILLE ELECTRIC VEHICLE COMPANY, INC.",,Motorcycle,UNITED STATES (USA)
4T9383,20075,TRAILER REPAIRS OF NW FLORIDA LLC,,Trailer,UNITED STATES (USA)
4T9384,20845,TINY MOUNTAIN HOUSES,,Trailer,UNITED STATES (USA)
4T9385,20072,TYCON SYSTEMS INC.,,Trailer,UNITED STATES (USA)
4T9387,20134,THE BOXENSTOPP,,Trailer,UNITED STATES (USA)
4T9388,20128,TIERNAN AERATION INC.,,Trailer,UNITED STATES (USA)
4T9389,20442,TAILORED TRAILERS,,Trailer,UNITED STATES (USA)
4T9390,20181,TRIMWORKZ,,Trailer,UNITED STATES (USA)
4T9391,20220,THUNDERBOLT INDUSTRIES LLC,,Trailer,UNITED STATES (USA)
4T9392,20337,TEEMS FABRICATION INCORPORATED,,Trailer,UNITED STATES (USA)
4T9394,20314,THE TRAILER SHOP & OFFROAD,,Trailer,UNITED STATES (USA)
4T9395,20178,TEXAS BEST TRAILERS INC.,,Trailer,UNITED STATES (USA)
4T9397,4276,TUFF TRAILER USA INC.,,Trailer,
4T9398,20252,"TASK MANUFACTURING, LLC",,Trailer,UNITED STATES (USA)
4T9399,20185,TTS STUDIOS,,Trailer,UNITED STATES (USA)
4T9400,20255,TETON TRAILER MANUFACTURING,,Trailer,UNITED STATES (USA)
4T9401,20261,TOUCH OF REDLAND,,Trailer,UNITED STATES (USA)
4T9402,20285,TRAILMAX TRAILER SALES LLC,,Trailer,UNITED STATES (USA)
4T9403,20080,TYEE BOATS & FABRICATION,,Trailer,UNITED STATES (USA)
4T9404,20301,TNT TRAILERS,,Trailer,UNITED STATES (USA)
4T9405,20287,THOR-BUILT BOATS INC,,Trailer,UNITED STATES (USA)
4T9407,20331,"TORO MASTER TRAILERS, LLC",,Trailer,UNITED STATES (USA)
4T9410,20333,"TALIAH GROUP, LLC",,Trailer,UNITED STATES (USA)
4T9411,20333,"TALIAH GROUP, LLC",,Low Speed Vehicle (LSV),UNITED STATES (USA)
4T9412,20451,TKO EQUIPMENTS SALES & RENTAL LLC,,Trailer,UNITED STATES (USA)
4T9413,20416,TERRACRAFT OUTDOORS LLC,,Trailer,UNITED STATES (USA)
4T9414,20460,TIDWELLS WELDING,,Trailer,UNITED STATES (USA)
4T9415,20316,TWAIN TRAILERS LLC,,Trailer,UNITED STATES (USA)
4T9416,20466,TMD MANUFACTURING INC. DBA DIVERSIFIED STORAGE SYSTEMS,,Trailer,UNITED STATES (USA)
4T9418,20476,"TUBAL-CAIN INDUSTRIES, INC.",,Trailer,UNITED STATES (USA)
4T9419,20324,TOEDROP MANUFACTURING LLC,,Trailer,UNITED KINGDOM (UK)
4T9420,21003,T3 FABRICATION LLC,,Trailer,UNITED STATES (USA)
4T9421,20543,TITAN ELECTRIC VEHICLES,,Low Speed Vehicle (LSV),UNITED STATES (USA)
4T9424,20571,TKB MANUFACTURING LLC,,Trailer,UNITED STATES (USA)
4T9425,20577,ECOMAUTOMOTIVE INC DBA TRIBE TRAILERS,,Trailer,UNITED STATES (USA)
4T9427,20664,"TNPS, LLC",,Trailer,UNITED STATES (USA)
4T9428,20702,TRAILER SOLUTIONS INC.,,Trailer,UNITED STATES (USA)
4T9429,20678,TAYSON ENTERPRISES HOLDING LLC,,Trailer,UNITED STATES (USA)
4T9430,20725,"UKANCAMP, LLC",,Trailer,UNITED STATES (USA)
4T9433,20848,TITAN FOOD TRAILERS LLC,,Trailer,UNITED STATES (USA)
4T9434,21641,TINY HOUSE RV RENTALS LLC,,Trailer,
4T9435,20899,TRIDENT PEDAL BOATS LLC,,Low Speed Vehicle (LSV),UNITED STATES (USA)
4T9437,20938,"TEXAS PAVILLION, LLC",,Trailer,UNITED STATES (USA)
4T9439,20913,TRUVIE TRAILERS LLC,,Trailer,UNITED STATES (USA)
4T9440,21015,TROJAN EV LLC,,Low Speed Vehicle (LSV),UNITED STATES (USA)
4T9441,21086,TTOCS TRAILERS MANUFACTURING,,Trailer,UNITED STATES (USA)
4T9443,21168,C.A. MANUFACTURING CORP,,Trailer,UNITED STATES (USA)
4T9444,21185,THE METAL GUYS,,Trailer,
4T9446,21340,TAQUERIAS MOBILES,,Trailer,
4T9449,21366,T BAR TRAILERS,,Trailer,
4T9450,22675,TERRAPIN TRAILERS,,Trailer,UNITED STATES (USA)
4T9451,21578,TELERIC CORPORATION,,Trailer,
4T9453,21720,TRAILER MANIA LLC,,Trailer,UNITED STATES (USA)
4T9457,21915,TORO DESIGN AND MANUFACTURING LLC,,Trailer,
4T9458,21790,THINK BIG TRAILERS LLC,,Trailer,UNITED STATES (USA)
4T9460,21768,TERRAROVER OVERLAND COMPANY,,Trailer,
4T9461,21938,TRAIN VIEW WINDOW & DOOR LLC,,Trailer,
4T9462,21829,TRIPLE X TRAILERS LLC,,Trailer,
4T9463,21794,"TROYER BROTHERS, INC.",,Trailer,UNITED STATES (USA)
4T9467,21996,"TXMFG, LLC",,Trailer,UNITED STATES (USA)
4T9468,22567,"TROJAN HOSE & SUPPLY, LLC",,Trailer,UNITED STATES (USA)
4T9469,22079,TAILWIND DESIGNS INC.,,Trailer,
4T9470,21973,TRAILER PLUS LLC,,Trailer,
4T9472,22009,TORRES-CASTANEDA TRAILER LLC,,Trailer,UNITED STATES (USA)
4T9473,22035,TITAN TRUSS TRAILERS LLC,,Trailer,
4T9477,22026,"TRIPLE-T CARGO TRAILERS, LLC.",,Trailer,
4T9480,22120,"TRAILER SOURCES MANUFACTURER, LLC",,Trailer,UNITED STATES (USA)
4T9482,22094,"TUSKY, LLC",,Motorcycle,UNITED STATES (USA)
4T9483,22325,BEST BUILT TRAILERS LLC,,Trailer,UNITED STATES (USA)
4T9484,22353,TRYSTAR LLC,,Trailer,
4T9485,22423,TRIPPS TRAILERS & CUSTOMS LLC.,,Trailer,
4T9487,22312,TRANSQUIP LLC,,Trailer,UNITED STATES (USA)
4T9488,22323,TEXAS METAL WORKS LTD CO,,Trailer,UNITED STATES (USA)
4T9489,22442,DIVERSE FIBER COMMUNICATIONS,,Trailer,UNITED STATES (USA)
4T9491,22311,TRINITY ENTERPRISES LLC,,Trailer,UNITED STATES (USA)
4T9492,22456,T.H. TRAILERS LLC,,Trailer,UNITED STATES (USA)
4T9493,22332,TJS METAL FUSION AND FABRICATION,,Trailer,
4T9495,22202,TITAN INTELLIGENCE TECHNOLOGY LLC,,Trailer,UNITED STATES (USA)
4T9496,22414,THERMO KING OF FARGO,,Trailer,
4T9497,22426,THE CHOP SHOP,,Motorcycle,UNITED STATES (USA)
4T9499,22479,T TOP MANUFACTURING,,Trailer,
4T9500,22470,TYPE 2 CAMPERS INC,,Trailer,
4T9502,22488,THE SHAK FISH HOUSES LLC,,Trailer,UNITED STATES (USA)
4T9504,22559,TERRA BIKES LLC,,Motorcycle,
4T9506,22600,TRUCKERS OF AMERICA LLC,,Trailer,UNITED STATES (USA)
4T9508,22651,TRAILER UP LLC,,Trailer,UNITED STATES (USA)
4T9509,22664,THE FAST FOODTRAILERS LLC,,Trailer,UNITED STATES (USA)
4T9510,22673,TRIPLE C MANUFACTURING LLC,,Trailer,
4T9514,22730,TRIPLE H INDUSTRIES INC.,,Low Speed Vehicle (LSV),UNITED STATES (USA)
4T9515,22793,"TEXAS SIDECAR COMPANY, LLC",,Trailer,
4T9516,22886,"TRIPLE B FAB, LLC",,Trailer,
4T9517,23242,TITAN MANUFACTURING LLC,,Trailer,UNITED STATES (USA)
4T9518,23055,THE TRAILER GUYS OF FLORIDA INC,,Trailer,UNITED STATES (USA)
4T9519,22959,TUFFY CLEANING SYSTEMS INC,,Trailer,
4T9520,23066,"TRAILER SOURCE MANUFACTURING, LLC",,Trailer,UNITED STATES (USA)
4T9521,23040,TEXAS TRAILER,,Trailer,UNITED STATES (USA)
4T9522,23316,THROWING FITZ WELDING & FABRICATION LLC,,Trailer,UNITED STATES (USA)
4T9523,23082,"TURNER MACHINE CO., INC.",,Trailer,
4T9524,23086,TRAILTECH LLC,,Trailer,UNITED STATES (USA)
4T9525,23107,TEAM REFURB & SUPPORT,,Trailer,
4T9526,23130,TUSCARORA STRUCTURES INC.,,Trailer,UNITED STATES (USA)
4T9527,23093,T & G SERVICES,,Trailer,UNITED STATES (USA)
4T9529,23148,TRAILER MADE LLC,,Trailer,UNITED STATES (USA)
4T9530,23162,TANQ MOTOR LLC,,Low Speed Vehicle (LSV),UNITED STATES (USA)
4T9531,23161,T SERIES LLC,,Truck,UNITED STATES (USA)
4T9532,23570,"TBT TRAILERS, LLC",,Trailer,UNITED STATES (USA)
4T9533,23261,TRAILER REPAIR AND REBUILDING CORPORATION,,Trailer,UNITED STATES (USA)
4T9534,24772,"TTRD, LLC",,Trailer,UNITED STATES (USA)
4T9535,23284,TMG FARMS LLC,,Trailer,UNITED STATES (USA)
4T9536,23287,TEXAS PRESSURE WASHING STORE,,Trailer,UNITED STATES (USA)
4T9537,23360,TN MIDLAND CO.,,Trailer,UNITED STATES (USA)
4T9538,23317,TRETTER BUILT LLC,,Trailer,UNITED STATES (USA)
4T9540,23557,TELO TRUCKS INC,,Truck,
4T9542,23820,"TIDE CRAFT BOATS, LLC",,Trailer,
4T9543,25742,THE REAL KINGZ TRAILERZ LLC,,Trailer,
4T9544,23557,TELO TRUCKS INC,,Multipurpose Passenger Vehicle (MPV),
4T9545,24037,TRAILHAWK MANUFACTURING INC.,,Trailer,UNITED STATES (USA)
4T9546,23600,THE OFF-ROAD TRAILERS LLC,,Trailer,
4T9548,23211,TUFFSHITRAILERS LLC,,Trailer,UNITED STATES (USA)
4T9549,23697,T&M METAL WORKS,,Trailer,
4T9550,23759,"TOOLCREST, LLC",,Trailer,UNITED STATES (USA)
4T9551,23786,TOP SHELF METAL WORKS LLC,,Trailer,
4T9552,23896,TWH TRAILERS LLC,,Trailer,
4T9554,23903,TAYLOR MADE METAL WORKS,,Trailer,
4T9556,24425,TAYLOR & ARD EQUIPMENT,,Trailer,
4T9557,24178,TAILORED TRAILERS LLC,,Trailer,
4T9559,24196,"TIPSY TRASH TRAILERS, LLC",,Trailer,
4T9561,24595,THE UTILITY BIKE COMPANY,,Motorcycle,
4T9562,24264,TWIN BROOK FABRICATION LLC,,Incomplete Vehicle,UNITED STATES (USA)
4T9563,25353,TEXAS TRAILER RANCH LLC,,Trailer,
4T9564,24429,TOW SMART TRAILERS LLC,,Trailer,UNITED STATES (USA)
4T9565,24323,TRAILERS ANDHUM CORP,,Trailer,UNITED STATES (USA)
4T9566,24333,TORERA LLC,,Trailer,UNITED STATES (USA)
4T9569,24416,"TAYLOR RIG AND EQUIPMENT, LLC",,Trailer,
4T9570,24424,TRIPLE TRAILERS LLC,,Trailer,UNITED STATES (USA)
4T9573,24430,"TUYOU, LLC",,Trailer,
4T9578,24891,T & R SPECIALTIES LLC,,Trailer,
4T9579,24994,TILLERY AUTO SALES & MARINE LLC,,Low Speed Vehicle (LSV),
4T9581,25153,TORREY LAKE MANUFACTURING LLC,,Trailer,UNITED STATES (USA)
4T9582,25143,THE TRAILER FACTORY,,Trailer,UNITED STATES (USA)
4T9583,15088,"TRU FORM, LLC",,Trailer,UNITED STATES (USA)
4T9584,25178,TOP NOTCH TRAILERS,,Trailer,
4T9586,25272,T AND JRS TRAILERS LLC,,Trailer,
4T9588,25293,THE RAYMATH COMPANY,,Trailer,
4T9589,25357,TRAIL R BLAZER,,Trailer,
4T9590,24988,THE SABRE GROUP LLC.,,Trailer,
4T9592,25389,TITANSIS LLC,,Trailer,UNITED STATES (USA)
4T9593,25404,TWIN EAGLE TRAILERS LLC,,Trailer,UNITED STATES (USA)
4T9594,25460,TRAILBLAZE MOTORS INC.,,Motorcycle,
4T9596,25350,TURMANATOR TRAILER & IRONWORKS,,Trailer,UNITED STATES (USA)
4T9597,25402,"THOMPSON TRAILERS, LLC.",,Trailer,UNITED STATES (USA)
4T9599,25470,TIMBER SAUNA CO,,Trailer,UNITED STATES (USA)
4T9601,22094,"TUSKY, LLC",,Low Speed Vehicle (LSV),
4T9603,25735,TITAN HAUL INC,,Trailer,UNITED STATES (USA)
4T9604,25734,TOP-LINE INDUSTRIES LLC,,Trailer,
4T9605,25712,TROY RIDGE MANUFACTURING LTD,,Trailer,
4T9608,25791,TX TRAILERS OPERATIONS LLC,,Trailer,UNITED STATES (USA)
4T9609,25899,TIMELESS TODAY LLC,,Trailer,
4TA,13383,TABC INC.,TOYOTA,Truck,UNITED STATES (USA)
4TB,16889,"TRAILERS BY DORSEY, INC",OKT,Trailer,UNITED STATES (USA)
4TC,7793,TRITON TRAILERS LLC,TRITON,Trailer,UNITED STATES (USA)
4TE,24009,"BARRETT TRAILERS, LLC",CURRAHEE TRAILERS,Trailer,UNITED STATES (USA)
4TG,3694,"TITAN TRAILER MFG., INC.",TITAN TRAILER MFG,Trailer,UNITED STATES (USA)
4TJ,16927,TEXAN TRUCK BODY CO,TEXAN TRUCK BODY CO,Trailer,UNITED STATES (USA)
4TM,15828,WHITE RIVER MARINE GROUP LLC,"TRAIL STAR TRAILER, WHITE RIVER MARINE GROUP",Trailer,UNITED STATES (USA)
4U0,4823,"J & L'S CARGO EXPRESS, INC.","J & L'S CARGO EXPRESS, INC.",Trailer,UNITED STATES (USA)
4U1,17919,"DYNAWELD, INC.","DYNAWELD, INC.",Trailer,UNITED STATES (USA)
4U3,9213,"BULL MOOSE HEAVY HAUL, INC",X-L SPECIALIZED TRAILERS INC,Trailer,UNITED STATES (USA)
4U7,981,COUNTRY COACH CORPORATION,COUNTRY COACH,Bus,UNITED STATES (USA)
4U8,1807,DRI-DOC INC,DRI-DOC INC,Trailer,UNITED STATES (USA)
4UF,19334,ARCTIC CAT INC,"CATERPILLAR, YAMAHA, JLG, BRP, CUSHMAN, ARCTIC CAT, TRACKER, WHITE LABEL - OTHER",Off-Road Vehicle,UNITED STATES (USA)
4UG,2169,"ABU TRAILERS, INC.",ABU,Trailer,UNITED STATES (USA)
4UJ,7436,AIRSTREAM INC.,AIRSTREAM INC.,Trailer,UNITED STATES (USA)
4UL,17474,"H & S MANUFACTURING CO., INC",H & S MANUFACTURING CO INC,Trailer,UNITED STATES (USA)
4US,968,BMW MANUFACTURER CORPORATION / BMW NORTH AMERICA,BMW,Passenger Car,UNITED STATES (USA)
4UV,9420,"MAC-LANDER, INC.",MAC-LANDER INCORPORATED,Trailer,UNITED STATES (USA)
4UY,3689,"TECHSYS CHASSIS, INC.","TECHSYS CHASSIS, INC.",Trailer,UNITED STATES (USA)
4UZ,1025,FREIGHTLINER CUSTOM CHASSIS CORP.,"FREIGHTLINER, MITSUBISHI FUSO",Incomplete Vehicle,UNITED STATES (USA)
4V0,13338,DS CORP,CROSSROADS,Trailer,UNITED STATES (USA)
4V1,1015,"VOLVO GROUP NORTH AMERICA, LLC","VOLVO TRUCK, WHITEGMC",Truck,
4V2,1015,"VOLVO GROUP NORTH AMERICA, LLC","VOLVO TRUCK, WHITEGMC",Incomplete Vehicle,
4V3,1015,"VOLVO GROUP NORTH AMERICA, LLC",VOLVO TRUCK,Truck,UNITED STATES (USA)
4V4,1015,"VOLVO GROUP NORTH AMERICA, LLC",VOLVO TRUCK,Truck,UNITED STATES (USA)
4V5,1015,"VOLVO GROUP NORTH AMERICA, LLC",VOLVO TRUCK,Incomplete Vehicle,UNITED STATES (USA)
4V6,1015,"VOLVO GROUP NORTH AMERICA, LLC",VOLVO TRUCK,Truck,UNITED STATES (USA)
4VA,1015,"VOLVO GROUP NORTH AMERICA, LLC",VOLVO TRUCK,Truck,
4VB,1015,"VOLVO GROUP NORTH AMERICA, LLC",VOLVO TRUCK,Incomplete Vehicle,
4VC,1015,"VOLVO GROUP NORTH AMERICA, LLC",VOLVO TRUCK,Incomplete Vehicle,
4VD,1015,"VOLVO GROUP NORTH AMERICA, LLC",VOLVO TRUCK,Truck,
4VE,1015,"VOLVO GROUP NORTH AMERICA, LLC",VOLVO TRUCK,Incomplete Vehicle,
4VG,1015,"VOLVO GROUP NORTH AMERICA, LLC",VOLVO TRUCK,Truck,
4VH,1015,"VOLVO GROUP NORTH AMERICA, LLC",VOLVO TRUCK,Incomplete Vehicle,
4VJ,1015,"VOLVO GROUP NORTH AMERICA, LLC",VOLVO,Truck,UNITED STATES (USA)
4VK,1015,"VOLVO GROUP NORTH AMERICA, LLC",VOLVO TRUCK,Incomplete Vehicle,UNITED STATES (USA)
4VL,10799,"VERI-LITE, INC.","VERI-LITE, INC.",Trailer,UNITED STATES (USA)
4VM,1015,"VOLVO GROUP NORTH AMERICA, LLC",VOLVO TRUCK,Incomplete Vehicle,
4VN,11395,"CROWLEY MANUFACTURING, INC.",SURERIDE TRAILER MANUFACTURING,Trailer,UNITED STATES (USA)
4VR,2364,MORRIS FARMS,MORRIS FARMS,Trailer,UNITED STATES (USA)
4VZ,4368,"THE SHYFT GROUP, INC.","CHEVROLET, GMC, ISUZU, SPARTAN MOTORS CHASSIS, SPARTAN MOTORS, SPARTAN RV CHASSIS",Incomplete Vehicle,UNITED STATES (USA)
4W1,984,GENERAL MOTORS LLC,CHEVROLET,Multipurpose Passenger Vehicle (MPV),UNITED STATES (USA)
4W5,984,GENERAL MOTORS LLC,ACURA,Multipurpose Passenger Vehicle (MPV),UNITED STATES (USA)
4W8,13496,"SPECTRE MANUFACTURING, INC.","SPECTRE MANUFACTURING, INC.",Trailer,UNITED STATES (USA)
4WF,4787,STROMCO LLC,FRIESEN WELDING,Trailer,UNITED STATES (USA)
4WN,11499,HYDE DRIFT BOATS,HYDE DRIFT BOATS,Trailer,UNITED STATES (USA)
4WR,11762,RANGER BOAT CO.,RANGER BOAT,Trailer,UNITED STATES (USA)
4WW,11681,WILSON TRAILER CO.,WILSON TRAILER CO.,Trailer,UNITED STATES (USA)
4WX,4618,MORITZ INTERNATIONAL INC.,MORITZ INTERNATIONAL,Trailer,UNITED STATES (USA)
4WY,13420,R-VISION,R-VISION,Trailer,UNITED STATES (USA)
4X3,17057,BEARCAT CORPORATION,BEARCAT,Trailer,UNITED STATES (USA)
4X4,1084,"FOREST RIVER, INC.",FOREST RIVER,Trailer,UNITED STATES (USA)
4X7,5929,SHEPHERD MFG & DIST,SHEPHERD MFG & DIST,Trailer,UNITED STATES (USA)
4XA,1132,POLARIS INDUSTRIES INC.,POLARIS,Motorcycle,
4XB,6531,"KING TRAILERS, INC.",KING TRAILERS,Trailer,UNITED STATES (USA)
4XD,3546,SKWATTER TRAILER CO,SKWATTER TRAILER CO.,Trailer,UNITED STATES (USA)
4XT,1106,"MVP RV INC. (THOR CALIFORNIA, INC.)",MVP RV INC. (THOR CALIFORNIA),Trailer,UNITED STATES (USA)
4XV,5130,APACHE TRAILERS INC.,APA,Trailer,UNITED STATES (USA)
4XX,3514,THE NATIONS TRAILERS INC,NATIONS TRAILERS INC,Trailer,UNITED STATES (USA)
4YA,18346,SULLIVAN PALATEK,TRA/REM,Trailer,UNITED STATES (USA)
4YB,3119,"ROCKET INTERNATIONAL, INC.","ROCKET INTERNATIONAL, INC.",Trailer,UNITED STATES (USA)
4YD,2347,KEYSTONE RV,"COLEMAN, OUTBACK, COLORADO, KEYSTONE, ALPINE, ARCADIA, ASPEN TRAIL, ASTORIA, AVALANCHE, BULLET, CAMEO, CARBON, COUGAR, CRUISER, HAMPTON, HIDEOUT, IMPACT, KODIAK, LONGHORN, MONTANA, PASSPORT, REDWOOD, RESIDENCE, RETREAT, SPRINGDALE, SUNSET TRAIL, TEXAN, VOLANTE, VOLTAGE, YUKON, ZINGER, KEYSTONE/ATLAS, KEYSTONE/RAPTOR, KEYSTONE/EDDIE BAUER, FUN TIME, KEYSTONE/SPRINTER, REIGN, SPROUT, FUZION, KEYSTONE/DENALI, WALKABOUT",Trailer,UNITED STATES (USA)
4YK,17009,BLACK HAWK TRAILERS,BLACK HAWK,Trailer,UNITED STATES (USA)
4YM,13315,"CARRY-ON TRAILER, INC.","CARRY-ON TRAILER, PATRIOT, COMMANDER TRAILERS, TRAIL MARSHAL, GREAT TIMBER TRAILERS, MOSS CREEK TRAILERS, WOLFTRACK TRAILERS",Trailer,UNITED STATES (USA)
4YN,12057,ANDERSON MANUFACTURING INC.,ANDERSON MFG.,Trailer,UNITED STATES (USA)
4YP,8570,"LOADMASTER ALUMINUM BOAT TRAILERS, INC","LOADMASTER ALUMINUM BOAT TRAILERS, INC",Trailer,UNITED STATES (USA)
4YS,17229,L&D TRAILER MFG LLC,L&D TRAILERS,Trailer,UNITED STATES (USA)
4Z1,9165,GATOR MADE INC.,GATOR MADE,Trailer,UNITED STATES (USA)
4Z2,3267,THOR INDIANA INC,"THOR INDIANA, INC.",Trailer,UNITED STATES (USA)
4Z3,11914,"AMERICAN LAFRANCE, LLC",AMERICAN LAFRANCE,Truck,UNITED STATES (USA)
4Z4,3493,CPS TRAILER CO,CPS TRAILER COMPANY,Trailer,UNITED STATES (USA)
4Z9723,22655,4 WIDE INDUSTRIES LLC,,Trailer,
4ZE,3684,LOAD TRAIL LLC,LOAD TRAIL,Trailer,UNITED STATES (USA)
4ZH,8950,"KUTZ FARM EQUIPMENT, INC.",PA INTERNATIONAL,Trailer,UNITED STATES (USA)
4ZJ,13502,TEREX USA LLC,TEREX USA LLC,Trailer,UNITED STATES (USA)
4ZL,4515,NEIGHBORHOOD ELECTRIC VEHICLE COMPANY AKA NEVCO,NEIGHBORHOOD ELECTRIC VEHICLE,Low Speed Vehicle (LSV),UNITED STATES (USA)
4ZM,3966,EMB INCORPORATED,EMB INCORPORATED,Motorcycle,UNITED STATES (USA)
4ZP,10973,"TEBBEN ENTERPRISES, INC.",TEBBEN ENTERPRISES,Trailer,UNITED STATES (USA)
4ZZ,17033,STAR MANUFACTURING INC,STAR MANUFACTURING INC,Trailer,UNITED STATES (USA)
500,1296,COYOTE MFG CO,COYOTE MFG CO.,Trailer,UNITED STATES (USA)
502,13712,APLUS TRAILERS INC.,APLUS TRAILERS,Trailer,UNITED STATES (USA)
505,13682,A TRINITY TRAILER,A TRINITY TRAILER,Trailer,UNITED STATES (USA)
507,10551,"KENDON INDUSTRIES, LLC","KENDON INDUSTRIES, LLC",Trailer,UNITED STATES (USA)
50B,13923,"IRON CRAFT FABRICATION, INC.","RAMPLESS, IRON CRAFT",Trailer,UNITED STATES (USA)
50E,15526,"LUCID USA, INC.",LUCID,Passenger Car,UNITED STATES (USA)
50F,13601,TEXOMA TRAILERS,TEXOMA TRAILERS,Trailer,UNITED STATES (USA)
50G,13992,"KARMA AUTOMOTIVE, INC.",KARMA,Passenger Car,UNITED STATES (USA)
50H,13594,NORSTAR TRAILERS,NORSTAR TRAILERS,Trailer,UNITED STATES (USA)
50J,6397,"HULL PORTER TRAILERS, INC.","HULL PORTER TRAILERS, INC.",Trailer,UNITED STATES (USA)
50L,13749,US TOWER CORP.,US TOWER CORP.,Trailer,UNITED STATES (USA)
50M,13768,VOYAGER INDUSTRIES INC.,VOYAGER INDUSTRIES,Trailer,UNITED STATES (USA)
50P,13832,BELMONT TRAILERS LLC,BELMONT TRAILERS,Trailer,UNITED STATES (USA)
50R,15726,CRATER TRAILERS OF LA LLC,"CRATER TRAILERS OF LA, LLC",Trailer,UNITED STATES (USA)
50S,7156,MOBILITY TECHNOLOGIES LLC,LIFETRIKE,Motorcycle,UNITED STATES (USA)
50T,22080,INNOVA EV INC.,DASH EV,Low Speed Vehicle (LSV),
50V,13881,"LIV GOLF CARS, INC.",LIV GOLF CARS,Low Speed Vehicle (LSV),UNITED STATES (USA)
50W,14756,"KACE TRAILERS, LLC","KACE TRAILERS, LLC",Trailer,UNITED STATES (USA)
50X,14146,"SPARTAN CARGO TRAILERS, LLC",SPARTAN CARGO,Trailer,UNITED STATES (USA)
50Y,13918,AMERICAN IRONHORSE LLC,AMERICAN IRONHORSE,Motorcycle,UNITED STATES (USA)
50Z,19448,QUALITY CARGO TRAILERS LLC,QUALITY CARGO,Trailer,UNITED STATES (USA)
510,6832,"YAKIMA PRODUCTS, INC.",YAKIMA PRODUCTS,Trailer,UNITED STATES (USA)
511,6840,MIZER MOTOR WORKS INCORPORATED,MIZER MOTOR WORKS,Motorcycle,UNITED STATES (USA)
512,11894,ROCK LINE PRODUCTS INC.,ROCK LINE PRODUCTS,Trailer,UNITED STATES (USA)
513,13367,"DRAGGIN' P, INC","DRAGGIN' P, INC",Trailer,UNITED STATES (USA)
514,12144,"FISKER AUTOMOTIVE, INC.",FISKER,Passenger Car,
515,6673,"FAIRPLAY ELECTRIC CARS, LLC","FAIRPLAY ELECTRIC CARS, LLC",Low Speed Vehicle (LSV),UNITED STATES (USA)
516,6164,"AUTOCAR INDUSTRIES, LLC",AUTOCAR INDUSTRIES,Truck,UNITED STATES (USA)
517,7044,"KING AMERICAN, LLC",KING AMERICAN,Trailer,UNITED STATES (USA)
51D,12146,"ECO MOTOR COMPANY, INC.",ECO MOTOR COMPANY,Motorcycle,UNITED STATES (USA)
51F,1438,"S & B TRAILERS, INC",S & B TRAILERS,Trailer,
51H,15806,HOOSIER HORSE TRAILERS,HOOSIER TRAILERS,Trailer,UNITED STATES (USA)
51L,6484,"TITAN MANUFACTURING, LLC",TITAN MANUFACTURING,Trailer,UNITED STATES (USA)
51P,6183,"CIRCLE J TRAILERS, INC.",CIRCLE J TRAILERS,Trailer,UNITED STATES (USA)
51R,6408,"BRAMMO, INC.",BRAMMO,Motorcycle,UNITED STATES (USA)
51S,6159,C & C TRAILER MANUFACTURING INC.,C & C TRAILER MANUFACTURING,Trailer,UNITED STATES (USA)
51T,2644,"MONACO RV, LLC",MONACO,Trailer,UNITED STATES (USA)
51U,2644,"MONACO RV, LLC",HOLIDAY RAMBLER,Trailer,UNITED STATES (USA)
51V,2644,"MONACO RV, LLC",R-VISION,Trailer,UNITED STATES (USA)
51W,6409,OUTDOORS RV MNUFACTURING INC.,OUTDOORS RV,Trailer,UNITED STATES (USA)
51X,2644,"MONACO RV, LLC",MCKENZIE,Trailer,UNITED STATES (USA)
51Y,19808,"BISON TRAILERS, LLC",BISON COACH,Trailer,UNITED STATES (USA)
51Z,2644,"MONACO RV, LLC",MONACO RV,Incomplete Vehicle,UNITED STATES (USA)
520,7885,BAKKURA MOBILITY INC.,BAKKURA MOBILITY,Passenger Car,UNITED STATES (USA)
521,6167,"RIVERSIDE TRAVEL TRAILER, INC",RIVERSIDE TRAVEL TRAILER,Trailer,UNITED STATES (USA)
522,11893,GREENGO TEK,GREENGO TEK,Low Speed Vehicle (LSV),UNITED STATES (USA)
523,1562,THE VEHICLE PRODUCTION GROUP LLC,THE VEHICLE PRODUCTION GROUP,Multipurpose Passenger Vehicle (MPV),UNITED STATES (USA)
525,11921,"MERIDIAN MOTORS COMPANY, INC.",MERIDIAN MOTORS COMPANY,Low Speed Vehicle (LSV),UNITED STATES (USA)
526,1445,"VT HACKNEY , INC.",VT HACKNEY,Trailer,UNITED STATES (USA)
527,6703,VANGUARD REEFER TRAILER INC.,"CIMC REEFER TRAILER,INC",Trailer,UNITED STATES (USA)
52A,6893,"TRAVELMATE, LLC","TRAVELMATE, LLC",Trailer,UNITED STATES (USA)
52B,8951,DHS SYSTEMS LLC,DHS SYSTEMS,Trailer,UNITED STATES (USA)
52C,1132,POLARIS INDUSTRIES INC.,POLARIS,Low Speed Vehicle (LSV),
52D,6139,"FEROCITY INDUSTRIES, INC.",FEROCITY INDUSTRIES,Trailer,UNITED STATES (USA)
52E,13337,"AMP MOTOR VEHICLES, INC.",AMP MOTOR VEHICLES,Motorcycle,UNITED STATES (USA)
52F,6141,"BAD BOY, INC.",BAD BOY INC.,Low Speed Vehicle (LSV),UNITED STATES (USA)
52G,6147,"CALIFORNIA SCOOTER COMPANY, LLC",CALIFORNIA SCOOTER,Motorcycle,UNITED STATES (USA)
52H,1561,"LIGHTHOUSE RV MANUFACTURING COMPANY, LLC",LIGHTHOUSE RV MANUFACTURING,Trailer,UNITED STATES (USA)
52J,1467,"LOAD PRO TRAILERS, INC.",LOAD PRO TRAILERS,Trailer,UNITED STATES (USA)
52K,11905,"H&A PRODUCTS, INC. DBA STORM TRAILERS",STORM,Trailer,UNITED STATES (USA)
52L,11917,STEALTH ENTERPRISES LLC,NOMAD TRAILERS,Trailer,UNITED STATES (USA)
52M,1003,CLUB CAR LLC.,CLUB CAR,Low Speed Vehicle (LSV),UNITED STATES (USA)
52P,6699,BAD BOY ENTERPRISES,BAD BOY ENTERPRISES,Low Speed Vehicle (LSV),UNITED STATES (USA)
52R,8661,STAR EV CORPORATION,STAR EV,Low Speed Vehicle (LSV),UNITED STATES (USA)
52S,6706,"EQUUS AUTOMOTIVE, INC.",EQUUS AUTOMOTIVE,Passenger Car,UNITED STATES (USA)
52T,1474,EXTREME ROAD & TRAIL,EXTREME ROAD & TRAIL,Trailer,UNITED STATES (USA)
52W,12183,"RED OAK MFG., INC.",RED OAK MFG,Trailer,UNITED STATES (USA)
52Y,13342,FIMCO INC.,"FIMCO, SCHABEN INDUSTRIES, AG SPRAY EQUIPMENT",Trailer,UNITED STATES (USA)
52Z,12186,UTILITYMATE LLC.,"UTILITYMATE, VINTEGE TRAILERS",Trailer,UNITED STATES (USA)
530,12192,TRAIL ONE LLC,TRAIL ONE LLC,Trailer,UNITED STATES (USA)
531,12194,STEHL TOW,STEHL TOW,Trailer,UNITED STATES (USA)
532,7227,"TRAILER BARON OF S.C., INC.","TRAILER BARON OF S.C., INC.",Trailer,UNITED STATES (USA)
533,6728,"H&H TRAILERS, LLC",H & H TRAILERS,Trailer,UNITED STATES (USA)
534,6875,S C TRAILERS,S C TRAILERS,Trailer,UNITED STATES (USA)
535,6376,SURE-LOAD TRAILERS,SURE-LOAD TRAILERS,Trailer,UNITED STATES (USA)
536,6874,RANGER TRAILERS,RANGER TRAILERS,Trailer,UNITED STATES (USA)
537,1705,AZURE DYNAMICS,AZURE DYNAMICS,Truck,UNITED STATES (USA)
538,8947,"ZERO MOTORCYCLES, INC.",ZERO MOTORCYCLES,Motorcycle,UNITED STATES (USA)
53A,6726,"EXTREME WARRIOR RVS OF IDAHO, LLC",EXTREME WARRIOR RVS OF IDAHO,Trailer,UNITED STATES (USA)
53B,6339,"LGS INDUSTRIES, INC.",LGS INDUSTRIES,Trailer,UNITED STATES (USA)
53F,7521,COVERED WAGON TRAILERS LLC.,COVERED WAGON TRAILERS,Trailer,UNITED STATES (USA)
53G,1564,"CODA AUTOMOTIVE, INC.",CODA,Passenger Car,UNITED STATES (USA)
53J,12205,AVERA MOTORS,AVERA MOTORS,Passenger Car,UNITED STATES (USA)
53M,6397,"HULL PORTER TRAILERS, INC.",HULL TRAILERS,Trailer,UNITED STATES (USA)
53N,6556,"DIAMOND CARGO, LLC",DIAMOND CARGO,Trailer,UNITED STATES (USA)
53P,5731,"PACE AMERICAN, INC.",PACE AMERICAN,Trailer,UNITED STATES (USA)
53R,7199,"XTREME GREEN PRODUCTS, INC.",XTREME GREEN PRODUCTS,Low Speed Vehicle (LSV),UNITED STATES (USA)
53T,7458,THINK NORTH AMERICA INC.,TH!NK,Passenger Car,UNITED STATES (USA)
53U,1707,PEERLESS LIMITED,SCONA,Trailer,UNITED STATES (USA)
53W,7069,DOMINE ENTERPRISES LLC,DOMINE ENTERPRISES,Trailer,UNITED STATES (USA)
53X,7970,"TRAILER SALES OF MI, INC.",TRAILER SALES OF MI,Trailer,UNITED STATES (USA)
53Y,7467,GREENTECH AUTOMOTIVE INC.,GREENTECH AUTOMOTIVE,Low Speed Vehicle (LSV),UNITED STATES (USA)
541,7483,"APPALACHIAN TRAILER SALES, INC.",APPALACHIAN TRAILER SALES,Trailer,UNITED STATES (USA)
542,7843,BRAVO TRAILERS LLC,BRAVO TRAILERS,Trailer,UNITED STATES (USA)
544,7547,BB BUGGIES INC.,BB BUGGIES,Low Speed Vehicle (LSV),UNITED STATES (USA)
545,7246,NORTH SHORE MANUFACTURING COMPANY INC.,NORTH SHORE MANUFACTURING COMPANY INC,Trailer,UNITED STATES (USA)
546,961,BUELL MOTORCYCLE CO.,"BUELL (EBR), BUELL",Motorcycle,UNITED STATES (USA)
54A,22705,H L ENTERPRISE INC.,H L ENTERPRISE INC.,Trailer,
54B,7084,"NEO MANUFACTURING, LLC",NEO MANUFACTURING,Trailer,UNITED STATES (USA)
54C,1108,"WINNEBAGO OF INDIANA, LLC","WINNEBAGO OF INDIANA, SUNNYBROOK",Trailer,UNITED STATES (USA)
54D,4368,"THE SHYFT GROUP, INC.","CHEVROLET, GMC, ISUZU",Incomplete Vehicle,UNITED STATES (USA)
54F,11071,"ROSENBAUER MOTORS, LLC","ROSENBAUER MOTORS,LLC",Incomplete Vehicle,UNITED STATES (USA)
54G,23127,"SOUTH GEORGIA CARGO, LLC",SOUTH GEORGIA CARGO,Trailer,
54H,7765,BLACKLION HOLDINGS LLC,TRAILERS AND MORE,Trailer,UNITED STATES (USA)
54L,13544,"BRUNO INDEPENDENT LIVING AIDS, INC.",BRUNO INDEPENDENT LIVING AIDS,Trailer,UNITED STATES (USA)
54R,11900,REV RECREATION GROUP,"FLEETWOOD RV, INC.",Bus,UNITED STATES (USA)
54S,7217,UKEYCHEYMA,UKEYCHEYMA,Motorcycle,UNITED STATES (USA)
54T,7217,UKEYCHEYMA,UKEYCHEYMA,Passenger Car,UNITED STATES (USA)
54U,7217,UKEYCHEYMA,UKEYCHEYMA,Truck,UNITED STATES (USA)
54V,7217,UKEYCHEYMA,UKEYCHEYMA,Truck,UNITED STATES (USA)
54W,7217,UKEYCHEYMA,UKEYCHEYMA,Multipurpose Passenger Vehicle (MPV),UNITED STATES (USA)
550,7908,"QUALITY TRAILERS OHIO, INC.",QUALITY TRAILER ENTERPRISES,Trailer,UNITED STATES (USA)
552,7421,EVOLVE ELECTRIC MOTORCYCLES,EVOLVE MOTORCYCLES,Motorcycle,UNITED STATES (USA)
555,13386,"COASTLINE TRAILER MFG., INC.",COASTLINE TRAILER MFG,Trailer,UNITED STATES (USA)
557,15755,EXTREME MANUFACTURING INC,EXTREME TRAILER,Trailer,UNITED STATES (USA)
558,7785,"MAC LTT, INC.",MAC,Trailer,UNITED STATES (USA)
55C,1448,"OHIO STEEL INDUSTRIES, INC.",OHIO STEEL TRAILERS,Trailer,UNITED STATES (USA)
55D,6452,MAXEY WELDING,MAXEY WELDING,Trailer,UNITED STATES (USA)
55G,6199,"SABERTOOTH MOTOR GROUP, LLC",SABERTOOTH,Motorcycle,UNITED STATES (USA)
55H,6199,"SABERTOOTH MOTOR GROUP, LLC",SABERTOOTH,Trailer,UNITED STATES (USA)
55J,6921,"CLAY'S TRAILER SALES, LLC",CLAY'S TRAILER SALES,Trailer,UNITED STATES (USA)
55K,13511,TRAX MANUFACTURING,TRAX MANUFACTURING,Trailer,UNITED STATES (USA)
55L,15169,REISER MANUFACTURING CO INC,REISER,Trailer,UNITED STATES (USA)
55M,11936,"TRAVEL LITE, INC.","TRAVEL LITE, INC., ROVE LITE",Trailer,UNITED STATES (USA)
55N,12099,INTEGRITY TRAILERS INC.,INTEGRITY TRAILERS INC.,Trailer,UNITED STATES (USA)
55S,1042,MERCEDES-BENZ CARS,MERCEDES-BENZ,Passenger Car,UNITED STATES (USA)
55T,6044,"NORTHWEST TECHNOLOGIES, INC.",NORTHWEST TECHNOLOGIES INC,Trailer,UNITED STATES (USA)
55Y,1235,CYNERGY CARGO LLC,CYNERGY CARGO,Trailer,UNITED STATES (USA)
55Z,6327,R & M TRAILER MFG. INC.,R & M TRAILER MFG. INC.,Trailer,UNITED STATES (USA)
560,6269,"MASTERCRAFT TOOLS FLORIDA, INC.","MASTERCRAFT TOOLS FLORIDA, INC. DBA ALTOCRAFT USA",Trailer,UNITED STATES (USA)
563,6073,"MMDI, INC. D/B/A/ STEELPOINT","MMDI, INC. DBA METRO METAL & DESIGN, INC. & METRO DOMINATOR",Trailer,UNITED STATES (USA)
564,16415,NEXHAUL TRAILERS,NEXHAUL TRAILERS,Trailer,UNITED STATES (USA)
566,7500,REC BOAT HOLDINGS LLC,"FOUR WINNS, GLASTRON, SCARAB, WELLCRAFT",Trailer,UNITED STATES (USA)
567,15530,"FISHING HOLDINGS, LLC","FISHING HOLDINGS, LLC",Trailer,UNITED STATES (USA)
56A,12227,"BIKETOO, INC.",BIKETOO,Motorcycle,UNITED STATES (USA)
56B,12106,"PINNACLE MANUFACTURING, LLC",PINNACLE MANUFACTURING,Trailer,UNITED STATES (USA)
56C,7652,"PCI MANUFACTURING, LLC",PCI MANUFACTURING,Trailer,UNITED STATES (USA)
56D,7510,"THOR LIVIN' LITE, INC.",LIVIN LITE,Trailer,UNITED STATES (USA)
56E,12109,"ARMOR LITE TRAILER MFG, LLC",ARMOR LITE TRAILER,Trailer,UNITED STATES (USA)
56J,12137,"UNITED TRAILERS, LLC",UNITED TRAILERS,Trailer,UNITED STATES (USA)
56K,25173,INDIAN MOTORCYCLE LLC,INDIAN MOTORCYCLE,Motorcycle,UNITED STATES (USA)
56L,6338,BALDOR ELECTRIC COMPANY,BALDOR GENERATORS,Trailer,UNITED STATES (USA)
56M,20576,"SWITCH VEHICLES, INC.",SWITCH,Motorcycle,UNITED STATES (USA)
56N,12481,FORTUNESPORT,FORTUNESPORT VES,Passenger Car,UNITED STATES (USA)
56P,13819,FASTER FASTER INC.,ALTA,Motorcycle,UNITED STATES (USA)
56S,10796,VERMEER MANUFACTURING COMPANY,VERMEER,Trailer,UNITED STATES (USA)
56V,18690,"RC TRAILERS, INC.","RC TRAILERS, MTI",Trailer,UNITED STATES (USA)
56W,9196,CHUBBS STEEL SALES INC,GRIFFIN TRAILER (CHUBBS),Trailer,UNITED STATES (USA)
56Y,6469,LANCE CAMPER MFG. CORP.,LANCE CAMPER,Trailer,UNITED STATES (USA)
56Z,6211,"LDJ MANUFACTURING, INC.","LDJ MANUFACTURING, INC.",Trailer,UNITED STATES (USA)
571,8704,LARK UNITED MANUFACTURING INC.,LARK UNITED MANUFACTURING,Trailer,UNITED STATES (USA)
572,1494,C & B MANUFACTURING,"C&B MANUFACTURING (HITCHDOC), ZBM, SEEDCART, FUELCART",Trailer,UNITED STATES (USA)
573,12235,"GRAND DESIGN RV, LLC",GRAND DESIGN RECREATIONAL,Trailer,UNITED STATES (USA)
575,22033,"AMERICAN CARGO GROUP TRAILERS, LLC","HAULMARK, WELLS CARGO",Trailer,UNITED STATES (USA)
576,12265,"DELL RAPIDS CUSTOM TRAILERS, INC.",DELL RAPIDS CUSTOM TRAILERS,Trailer,UNITED STATES (USA)
57B,22244,"TRAILER WORLD ACQUISITION COMPANY, LLC","TRAILER WORLD, CALIBER",Trailer,UNITED STATES (USA)
57C,15925,"MAURER MANUFACTURING, L.L.C.",LAKES ENTERPRISES,Trailer,UNITED STATES (USA)
57D,1120,"CHAMPION TELECOM, INC.",CHAMPION TELECOM,Trailer,UNITED STATES (USA)
57E,13583,PAGSTA. LLC LIMITED LIABILITY COMPANY,PAGSTA,Motorcycle,UNITED STATES (USA)
57F,6536,"TARTER INDUSTRIES, LLC (TARTER WEST)",TARTER INDUSTRIES (TARTER WEST),Trailer,UNITED STATES (USA)
57G,16015,MASSIMO MOTOR SPORTS LLC,MASSIMO MOTOR SPORTS,Motorcycle,UNITED STATES (USA)
57H,10644,PLEASANT VALLEY TEARDROP TRAILERS LLC,"PLEASANT VALLEY TEARDROP TRAILERS, SHERPA, NUCAMP",Trailer,UNITED STATES (USA)
57J,12269,FONTAINE HEAVY HAUL,FONTAINE TRAILER CO.,Trailer,UNITED STATES (USA)
57L,1030,CHAIRIOT MOBILITY INC,CHAIRIOT MOBILITY,Low Speed Vehicle (LSV),UNITED STATES (USA)
57M,7992,MIDSOTA MANUFACTURING INC,MIDSOTA MANUFACTURING,Trailer,UNITED STATES (USA)
57N,6560,"OMP SPECIALTIES, INC.",OPM SPECIALTIES,Trailer,UNITED STATES (USA)
57R,1650,OREION MOTORS LLC,OREION MOTORS,Low Speed Vehicle (LSV),UNITED STATES (USA)
57S,14773,LIGHTNING MOTORS CORP,LIGHTNING MOTORS CORP,Motorcycle,UNITED STATES (USA)
57T,1626,HARROD EQUIPMENT LLC,HARROD EQUIPMENT LLC DBA BLUEGRASS TRAILER MFG,Trailer,UNITED STATES (USA)
57V,7668,"CIMC INTERMODAL EQUIPMENT, LLC",CIMC,Trailer,UNITED STATES (USA)
57W,1174,AM GENERAL LLC,AM GENERAL,Passenger Car,
57X,1132,POLARIS INDUSTRIES INC.,SLINGSHOT,Motorcycle,
580,7353,LEGACY HOUSING LTD.,LEGACY HOUSING,Trailer,UNITED STATES (USA)
582,7662,"WORTHINGTON TRAILERS I, LLC",WORTHINGTON TRAILER L.P.,Trailer,UNITED STATES (USA)
584,13350,"ARNOLD MACHINE, INC.",ARNOLD MACHINE,Trailer,UNITED STATES (USA)
585,7480,SUN COUNTRY TRAILERS,SUN COUNTRY,Trailer,UNITED STATES (USA)
586,6826,"EVERGREEN RECREATIONAL VEHICLES, LLC",LIFESTYLE LUXURY,Trailer,UNITED STATES (USA)
587,7390,LIT MOTORS CORPORATION,LIT MOTORS,Motorcycle,UNITED STATES (USA)
58A,1088,"TOYOTA MOTOR MANUFACTURING, KENTUCKY, INC.",LEXUS,Passenger Car,UNITED STATES (USA)
58C,7342,"BWISE MANUFACTURING, LLC",BWISE MANUFACTURING,Trailer,UNITED STATES (USA)
58D,13792,MAHINDRA TRACTOR ASSEMBLY INC,GENZE,Motorcycle,UNITED STATES (USA)
58E,14985,"CROSS TRAILERS, INC.",CROSS TRAILERS,Trailer,UNITED STATES (USA)
58F,6156,CLEVELAND CYCLEWERKS LLC DBA CULTURA SCOOTER COMPANY,CLEVELAND CYCLEWERKS,Motorcycle,UNITED STATES (USA)
58G,15872,"GREAT NORTHERN EQUIPMENT DISTRIBUTING, INC.","DOSKO, BRAVE, IRON & OAK, MAXIM",Trailer,UNITED STATES (USA)
58H,25378,VOYAGER MANUFACTURING LLC,VOYAGER,Trailer,UNITED STATES (USA)
58J,9532,LAKOTA TRAILERS,"LAKOTA, IRON HORSE, BIG HORN, GRANDE, CHARGER, WARRIOR, LUXE, COLT, INFINITY, LAKOTA/LEGACY",Trailer,UNITED STATES (USA)
58L,8234,METAL CRAFT MANUFACTURING LLC,METAL CRAFT MANUFACTURING,Trailer,UNITED STATES (USA)
58M,7489,"CONTEMPORARY CLASSIC CARS, INC.",CONTEMPORARY CLASSIC CARS (CCC),Passenger Car,UNITED STATES (USA)
58N,7474,"SHOCKWAVE MOTORS, INC.",SHOCKWAVE MOTORS,Motorcycle,UNITED STATES (USA)
58S,1509,EAST TEXAS TRAILERS,EAST TEXAS TRAILERS,Trailer,UNITED STATES (USA)
58T,7639,HIGHLAND RIDGE RV,"HIGHLAND RIDGE, OLYMPIA, SILVERSTAR, OPEN RANGE, MESA RIDGE, GO PLAY, TRAVELSTAR",Trailer,UNITED STATES (USA)
58W,6603,RAINIER TRUCK AND CHASSIS LLC,RAINIER TRUCK AND CHASSIS,Truck,UNITED STATES (USA)
58X,6602,"VERSATILE TRAILERS, INC",FABFORM INDUSTRIES,Trailer,UNITED STATES (USA)
590,7239,"SH DISTRIBUTING, INC","SH DISTRIBUTING, YACHT CLUB, SPORT HAVEN, SHORE HAVEN, HTC TRAILERS, SPORT CLUB",Trailer,UNITED STATES (USA)
591,7719,"DRAGON ESP, LTD",DRAGON ESP,Trailer,UNITED STATES (USA)
594,25290,"EVOLUTION ELECTRIC VEHICLES, INC.","EVOLUTION (EVOLUTION ELECTRIC VEHICLES, INC.)",Low Speed Vehicle (LSV),
595,5941,"MD PRODUCTS AND SOLUTIONS, INC.",M.D. PRODUCTS INC,Trailer,UNITED STATES (USA)
597,6986,DIAMOND CITY TRAILER,DIAMOND CITY TRAILER,Trailer,UNITED STATES (USA)
598,6993,POOL TRAILER DESIGN,POOL TRAILER DESIGN,Trailer,UNITED STATES (USA)
59C,8491,"RIVERSIDE RV, INC.","RIVERSIDE RV, INTREPID, RETRO, XPL/XPLORER, RIIT, WHWT, XPL",Trailer,UNITED STATES (USA)
59G,13658,"DURUXX, LLC","MAXXUM, DURUXX",Low Speed Vehicle (LSV),UNITED STATES (USA)
59H,7336,"OMEGA RV, LLC",OMEGA RV,Trailer,UNITED STATES (USA)
59K,15842,"SUMMIT TRAILER MANUFACTURING, INC.",SUMMIT TRAILER,Trailer,UNITED STATES (USA)
59L,13793,COMMODORE TRAILERS LLC,COMMODORE TRAILERS,Trailer,UNITED STATES (USA)
59P,16276,WORKHORSE GROUP INC.,WORKHORSE,Incomplete Vehicle,UNITED STATES (USA)
59R,16276,WORKHORSE GROUP INC.,WORKHORSE,Truck,UNITED STATES (USA)
59T,6629,LOGAN COACH INC.,LOGAN COACH,Trailer,UNITED STATES (USA)
59U,13631,SPIRA4U LLC,SPIRA,Motorcycle,UNITED STATES (USA)
59W,15917,"EZ TRAC TRAILERS, INC.",EZ TRAC,Trailer,UNITED STATES (USA)
59X,13607,"MALIBU BOATS, LLC",MALIBU BOATS,Trailer,UNITED STATES (USA)
59Y,24857,LUND MANUFACTURING LLC,LUND,Trailer,UNITED STATES (USA)
5A0,11210,"AA SCREEN SUPPLY, INC.",AA SCREEN SUPPLY,Trailer,UNITED STATES (USA)
5A1,4938,I-85 TRAILER MANUFACTURERS,I-85 TRAILER MANUFACTURERS,Trailer,UNITED STATES (USA)
5A3,8757,"CAR MATE TRAILERS, INC.",CAR MATE TRAILERS,Trailer,UNITED STATES (USA)
5A4,3087,LOAD RITE TRAILERS INC,LOAD RITE,Trailer,UNITED STATES (USA)
5A5,3810,MIDWEST TRAILERS,MIDWEST TRAILERS,Trailer,UNITED STATES (USA)
5A6,4360,STRATOS BOATS INC,"STRATOS BOATS INC, OMC FISHING BOAT GROUP, INC.",Trailer,UNITED STATES (USA)
5A7,13068,"BOATMATE TRAILERS, INC.",BOATMATE TRAILERS,Trailer,UNITED STATES (USA)
5A8,3379,NEWMAN'S MANUFACTURING INCORPORATED,"NEWMAN'S MANUFACTURING INCORPORATED, NEWMANS INDUSTRIES INC.",Trailer,UNITED STATES (USA)
5AC,17067,"BUG MOTORS, INC.",BUG MOTORS,Passenger Car,UNITED STATES (USA)
5AD,5935,TOW-IT-ALL,TOW-IT-ALL,Trailer,UNITED STATES (USA)
5AE,4853,"ALLMAND BROTHERS, INC","ALLMAND BROTHERS, ALLMAND BROS, INC.",Trailer,UNITED STATES (USA)
5AG,10475,"V.E. ENTERPRISES, INC.",V.E. ENTERPRISES,Trailer,UNITED STATES (USA)
5AJ,13553,"MAGNUM PRODUCTS, INC.",MAGNUM PRODUCTS,Trailer,UNITED STATES (USA)
5AK,4432,"SPI MANUFACTURING, INC.","SPI MANUFACTURING, INC.",Trailer,UNITED STATES (USA)
5AR,12678,E-Z PULL TRAILERS LLC,E-Z PULL TRAILERS LLC,Trailer,UNITED STATES (USA)
5AS,1132,POLARIS INDUSTRIES INC.,GEM,Low Speed Vehicle (LSV),
5AT,17079,KIRK'S TRAILER MFG.,KIRK'S TRAILER MFG.,Trailer,UNITED STATES (USA)
5AX,2002,"ARMOR CHASSIS, LLC",ARMOR CHASSIS,Trailer,UNITED STATES (USA)
5B4,1078,WORKHORSE CUSTOM CHASSIS,"NAVISTAR, CATERPILLAR, IC BUS, WORKHORSE, INTERNATIONAL",Incomplete Vehicle,UNITED STATES (USA)
5B5,20867,PREMIER TRAILERS INC,PREMIER TRAILERS INC,Trailer,UNITED STATES (USA)
5B6,4521,CANNONDALE CORPORATION,CANNONDALE CORPORATION,Motorcycle,UNITED STATES (USA)
5BA,2917,"NABORS TRAILERS OF AMERICA, LLC",NABORS TRAILERS OF AMERICA,Trailer,UNITED STATES (USA)
5BB,2605,MILWAUKEE MOTORCYCLE COMPANY,MILWAUKEE MOTORCYCLE COMPANY,Motorcycle,UNITED STATES (USA)
5BC,1925,"GEORGIE BOY MANUFACTURING, INC.","CRUISE AIR, MAVERICK, SUITE, LANDAU, CRUISE MASTER, PURSUIT",Trailer,UNITED STATES (USA)
5BE,11785,"TRAIL MASTER, INC.","TRAIL MASTER, INC.",Trailer,UNITED STATES (USA)
5BF,15977,"LEONARD ALUMINUM UTILITY BUILDINGS, LLC.",LEONARD ALUMINUM UTILITY BUILDINGS,Trailer,UNITED STATES (USA)
5BJ,17226,IVES MOTORS CORPORATION (IMC),IVES MOTORS CORPORATION (IMC),Passenger Car,UNITED STATES (USA)
5BN,13565,"PRO-TRAK TRAILERS, INC.",PRO-TRAK TRAILERS,Trailer,UNITED STATES (USA)
5BP,8371,SOLECTRIA CORPORATION,SOLECTRIA,Passenger Car,UNITED STATES (USA)
5BS,5378,"HORSE CREEK MANUFACTURING & FABRICATION, INC.",HORSE CREEK MANUFACTURING,Trailer,UNITED STATES (USA)
5BT,12585,BERING TRUCK CORPORATION,BERING TRUCK CORPORATION,Incomplete Vehicle,UNITED STATES (USA)
5BU,10791,"VEGA INTEGRATED PRODUCTS, INC.",VEGA INTEGRATED PRODUCTS,Trailer,UNITED STATES (USA)
5BX,1712,"WOLVERINE TRAILERS, INC.","HOT SUMMER INDUSTRIES, WOLVERINE TRAILERS",Trailer,UNITED STATES (USA)
5BZ,997,"NISSAN NORTH AMERICA, INC.",NISSAN,Bus,UNITED STATES (USA)
5C2,15683,"CLEMENT INDUSTRIES, INC.",CLEMENT INDUSTRIES,Trailer,UNITED STATES (USA)
5CD,8937,INDIAN MOTORCYCLE COMPANY,INDIAN MOTORCYCLE,Motorcycle,UNITED STATES (USA)
5CJ,11248,WESTERN STAR TRUCKS INC,WESTERN STAR,Incomplete Vehicle,UNITED STATES (USA)
5CK,11248,WESTERN STAR TRUCKS INC,WESTERN STAR,Truck,UNITED STATES (USA)
5CL,5386,"DALTON ENTERPRISES, INC.",ADAM TRAILERS,Trailer,UNITED STATES (USA)
5CN,12666,CENTRAL TRAILER CORP.,CENTRAL TRAILER CORP,Trailer,UNITED STATES (USA)
5CU,10634,"BIL-JAX, INC.",BIL-JAX,Trailer,UNITED STATES (USA)
5CW,10121,MICKEY TRUCK BODIES INC.,MICKEY TRUCK BODIES INC.,Trailer,UNITED STATES (USA)
5CX,5922,"SHELBY AMERICAN, INC.",SHELBY,Passenger Car,UNITED STATES (USA)
5CZ,19387,"RECREATION BY DESIGN, LLC",RBD,Trailer,UNITED STATES (USA)
5D0,3974,R & B INDUSTRIES,R & B INDUSTRIES,Trailer,UNITED STATES (USA)
5D1,15845,"SHIVERS UTILITY TRAILERS, INC.",SHIVERS UTILITY TRAILER,Trailer,UNITED STATES (USA)
5D3,2712,"LEGEND TRAILERS, INC.",LEGEND,Trailer,UNITED STATES (USA)
5D6,2216,"CENTURION VEHICLES, INC.",CENTURION,Trailer,UNITED STATES (USA)
5D7,9410,CHARLESTON MARINE CONTAINERS INC.,CHARLESTON MARINE CONTAINERS,Trailer,UNITED STATES (USA)
5D8,5310,"GENIE MANUFACTURING, INC.","GENIE MANUFACTURING, INC.",Trailer,UNITED STATES (USA)
5DA,3714,"LAFAYETTE COUNTY CAR COMPANY, LLC","LAFAYETTE COUNTY CAR COMPANY, LLC",Low Speed Vehicle (LSV),UNITED STATES (USA)
5DB,13000,EXTREME ENGINEERING,EXTREME ENGINEERING INC.,Trailer,UNITED STATES (USA)
5DD,24607,KALYN SIEBERT,KALYN SIEBERT,Trailer,UNITED STATES (USA)
5DE,12488,FOX TRAILERS INC,FOX TRAILERS,Trailer,UNITED STATES (USA)
5DG,9501,TEREX ADVANCE MIXER,TEREX ADVANCE MIXER,Truck,UNITED STATES (USA)
5DJ,1173,DAMON CORPORATION,BECKENRIDGE,Trailer,
5DL,9459,TRI-STATE INDUSTRIES,TRI STATE INDUSTRIES,Trailer,UNITED STATES (USA)
5DN,8543,WESTERN TRAILER COMPANY,WESTERN TRAILER COMPANY,Trailer,UNITED STATES (USA)
5DS,5694,CUSTOM PULL TRAILER MFG.,CUSTOM PULL TRAILER,Trailer,UNITED STATES (USA)
5DT,10579,ROADMASTER LLC,ROADMASTER LLC,Trailer,UNITED STATES (USA)
5DY,5784,"JLG INDUSTRIES, INC.","JLG INDUSTRIES, TRIPLE-L",Trailer,UNITED STATES (USA)
5E0,20895,"COTTRELL, INC.",COTTRELL,Trailer,UNITED STATES (USA)
5E2,13549,"HORTON VANS, INCORPORATED",HORTON VANS,Trailer,UNITED STATES (USA)
5E3,8145,SLABACH ENTERPRISES,WHEELER REELER,Trailer,UNITED STATES (USA)
5E7,19652,"KRAFTSMAN, INC",KRAFTSMAN,Trailer,
5E8,4897,FOCUS  INC,INDEPENDENCE MOTORCYCLE COMPANY,Motorcycle,UNITED STATES (USA)
5EC,3756,STEEL PREP LLC,STEEL PREP,Trailer,UNITED STATES (USA)
5EF,4094,CHEETAH CHASSIS CORPORATION,CHEETAH CHASSIS,Trailer,UNITED STATES (USA)
5EH,13540,EXCELSIOR-HENDERSON MOTORCYCLES,EXCELSIOR-HENDERSON MOTORCYCLES,Motorcycle,UNITED STATES (USA)
5EN,2717,EXCALIBUR AUTOMOBILE CORPORATION,EXCALIBUR AUTOMOBILE CORPORATION,Trailer,UNITED STATES (USA)
5EP,9819,"YOUNG'S WELDING, INC.","YOUNG'S WELDING, INC.",Trailer,UNITED STATES (USA)
5ER,11292,"TESKE MANUFACTURING, INC.",TESKE MANUFACTURING,Trailer,UNITED STATES (USA)
5ES,8658,"HUNTER AUTOMOTIVE GROUP, INC.","HUNTER AUTOMOTIVE GROUP, INC",Multipurpose Passenger Vehicle (MPV),UNITED STATES (USA)
5EU,17388,"ASTUR N.C. TOOLING, INC","ASTUR N.C. TOOLING, INC",Motorcycle,UNITED STATES (USA)
5EV,9627,EXPLORER VAN COMPANY,EXPLORER VAN COMPANY,Trailer,UNITED STATES (USA)
5EW,8329,"STECO, INC.","STECO, INC",Trailer,UNITED STATES (USA)
5EX,11309,AVANTI MARINE USA INC.,AVANTI MARINE USA INC.,Trailer,UNITED STATES (USA)
5EZ,10808,"T & T ENTERPRISES & MFG., LLC","T & T ENTERPRISES & MFG., LLC",Trailer,UNITED STATES (USA)
5F0,2139,"CLASSIC MOTORCYCLES & SIDECARS, INC.",CLASSIC MOTORCYCLES & SIDECARS,Motorcycle,
5F1,10326,"WANCO, INC.","WANCO, INC",Trailer,UNITED STATES (USA)
5F5,12541,ESARATI ELECTRIC TECHNOLOGIES CORP.,ESARATI ELECTRIC TECHNOLOGIES CORP,Motorcycle,UNITED STATES (USA)
5F6,2160,ENNIS TRAILER MFG.,ENNIS TRAILER MFG,Trailer,UNITED STATES (USA)
5F7,13153,"BIG BUBBA'S TRAILER SALES, INC.",BIG BUBBA'S TRAILER SALES,Trailer,UNITED STATES (USA)
5F8,9178,ZONE ELECTRIC CAR LLC,ZONE ELECTRIC CAR,Low Speed Vehicle (LSV),UNITED STATES (USA)
5FA,12936,"FLEETWOOD ENTERPRISES, INC.",FLEETWOOD ENTERPRISES,Trailer,UNITED STATES (USA)
5FB,12936,"FLEETWOOD ENTERPRISES, INC.",FLEETWOOD ENTERPRISES,Trailer,UNITED STATES (USA)
5FC,17600,"COLUMBIA VEHICLE GROUP, INC.","TOMBERLIN, COLUMBIA",Low Speed Vehicle (LSV),UNITED STATES (USA)
5FG,1399,"THULE TRAILERS, INC.","THULE TRAILERS, INC/C & C DISTRIBUTORS, INC.",Trailer,UNITED STATES (USA)
5FK,1802,"DIAMOND C ENTERPRISES, INC. DBA DIAMOND C FARM EQUIPMENT",DIAMOND C FARM EQUIPMENT,Trailer,UNITED STATES (USA)
5FL,5035,"B&R TRAILER MFG., INC.",B & R TRAILERS,Trailer,UNITED STATES (USA)
5FM,13213,CARNAI TRAILERS INC,CARNAI TRAILERS INC.,Trailer,UNITED STATES (USA)
5FN,988,"AMERICAN HONDA MOTOR CO., INC.",HONDA,Multipurpose Passenger Vehicle (MPV),UNITED STATES (USA)
5FP,988,"AMERICAN HONDA MOTOR CO., INC.",HONDA,Truck,UNITED STATES (USA)
5FR,988,"AMERICAN HONDA MOTOR CO., INC.",ACURA,Multipurpose Passenger Vehicle (MPV),UNITED STATES (USA)
5FS,988,"AMERICAN HONDA MOTOR CO., INC.",ACURA,Truck,UNITED STATES (USA)
5FT,6919,"FELLING TRAILERS, INC.",FELLING TRAILERS,Trailer,UNITED STATES (USA)
5FV,4801,"IRONHORSE TRAILERS, L.L.C.",IRONHORSE MANUFACTURING INC,Trailer,UNITED STATES (USA)
5FW,2185,DIAMOND T TRAILERS,DIAMOND T TRAILERS MFG. CO.,Trailer,UNITED STATES (USA)
5FY,23357,"NEW FLYER OF AMERICA, INC.",NEW FLYER,Bus,UNITED STATES (USA)
5G0,2978,LIPPERT COMPONENT INC,LIPPERT COMPONENT,Trailer,UNITED STATES (USA)
5G2,984,GENERAL MOTORS LLC,CRUISE,Passenger Car,UNITED STATES (USA)
5G3,984,GENERAL MOTORS LLC,GMC,Multipurpose Passenger Vehicle (MPV),UNITED STATES (USA)
5G5,984,GENERAL MOTORS LLC,BRIGHTDROP,Truck,UNITED STATES (USA)
5G8,984,GENERAL MOTORS LLC,HOLDEN,Passenger Car,UNITED STATES (USA)
5GA,984,GENERAL MOTORS LLC,BUICK,Multipurpose Passenger Vehicle (MPV),UNITED STATES (USA)
5GD,984,GENERAL MOTORS LLC,DAEWOO,Passenger Car,UNITED STATES (USA)
5GG,1287,"CRAFTON EQUIPMENT, INC.",CRAFTON EQUIPMENT,Trailer,UNITED STATES (USA)
5GL,15975,G.T. EXPRESS ENTERPRISES. INC.,EXPRESS TRAILERS INC,Trailer,UNITED STATES (USA)
5GN,984,GENERAL MOTORS LLC,HUMMER,Truck,UNITED STATES (USA)
5GP,4642,"C & H QUALITY TRAILER SALES, LLC.",C & H QUALITY TRAILER SALES,Trailer,UNITED STATES (USA)
5GR,984,GENERAL MOTORS LLC,HUMMER,Multipurpose Passenger Vehicle (MPV),UNITED STATES (USA)
5GS,9327,"SILVER STAR TRAILERS, LLC",SILVER STAR TRAILERS,Trailer,UNITED STATES (USA)
5GT,984,GENERAL MOTORS LLC,HUMMER,Multipurpose Passenger Vehicle (MPV),UNITED STATES (USA)
5GU,3703,TNT A DIVISION OF BANKS TRAILER GROUP,"TNT, A DIVISION OF BANKS TRAILER GROUP",Trailer,UNITED STATES (USA)
5GV,11404,STREME TRAILER MFG. INC.,"STREME TRAILER MFG, X-TREME TRAILER MFG",Trailer,UNITED STATES (USA)
5GX,6452,MAXEY WELDING,MAXEY WELDING,Trailer,UNITED STATES (USA)
5GY,13139,COMMERCIAL MANUFACTURING & INDUSTRIAL,"COMMERCIAL MANUFACTURING & INDUSTRIAL, CO.",Trailer,UNITED STATES (USA)
5GZ,984,GENERAL MOTORS LLC,SATURN,Multipurpose Passenger Vehicle (MPV),UNITED STATES (USA)
5H0,1425,"TARGET TRAILER MFG., CO.",TARGET TRAILER,Trailer,UNITED STATES (USA)
5H2,13403,"EZ DUMPERS PRODUCTS, LLC",E Z DUMPER PRODUCTS LLC,Trailer,UNITED STATES (USA)
5H3,8841,TAYLOR TRAILERS,TAYLOR TRAILERS,Trailer,UNITED STATES (USA)
5H5,5939,TOYHOYST INC,TOYHOYST INC.,Trailer,UNITED STATES (USA)
5H6,8581,WHEELS UNLIMITED,WHEELS UNLIMITED,Trailer,UNITED STATES (USA)
5HA,12754,HOMESTEADER LLC,HOMESTEADER,Trailer,UNITED STATES (USA)
5HB,2305,TRINITY TRAILERS,TRINITY TRAILERS,Trailer,UNITED STATES (USA)
5HC,13313,"JOHN H ENTERPRISE, INC",ATLAS SPECIALTY PRODUCTS,Trailer,UNITED STATES (USA)
5HD,4249,HARLEY-DAVIDSON MOTOR COMPANY,HARLEY-DAVIDSON,Motorcycle,
5HE,9738,BACK TRACK TRAILERS,BACK TRACK TRAILERS,Trailer,UNITED STATES (USA)
5HF,1771,CUSTOMIZED UTILITY TRAILERS,CUSTOMIZED UTILITY TRAILERS,Trailer,UNITED STATES (USA)
5HH,5103,D. HART DESIGNS INC.,D HART DESIGNS INC,Trailer,UNITED STATES (USA)
5HJ,8964,DISPLAY SOLUTIONS,DISPLAY SOLUTIONS INC,Trailer,UNITED STATES (USA)
5HK,13108,AMPHIBIAN BOAT TRAILERS INC,"AMPHIBIAN BOAT TRAILERS, INC.",Trailer,UNITED STATES (USA)
5HL,5891,TOP BRAND INC,TOP BRAND,Trailer,UNITED STATES (USA)
5HM,2297,PLATINUM MANUFACTURING LLC,PLATINUM MANUFACTURING LLC,Trailer,UNITED STATES (USA)
5HN,1183,"A-1 CUSTOM TRAILER MFG., INC.",A-1 CUSTOM TRAILER AKA TOW MASTER,Trailer,UNITED STATES (USA)
5HP,3554,KMT SERVICE PARTS INC,KMT SERVICE PARTS INC,Trailer,UNITED STATES (USA)
5HR,11483,WEEKEND WARRIOR TRAILERS INC,WEEKEND WARRIOR TRAILERS,Trailer,UNITED STATES (USA)
5HT,5564,"HEIL TRAILER INTERNATIONAL, LLC",HEIL TRAILER INTERNATIONAL,Trailer,UNITED STATES (USA)
5HU,1342,TOW PRO LLC,TOW PRO LLC,Trailer,UNITED STATES (USA)
5HV,3472,"O'DELL MFG & TRUCK SALES, INC",PREDATOR EAGLE,Trailer,UNITED STATES (USA)
5HZ,10020,VAC-TRON EQUIPMENT LLC,VAC-TRON EQUIPMENT,Trailer,UNITED STATES (USA)
5J1,13155,BIG DOG MOTORCYCLES,BIG DOG MOTORCYCLES,Motorcycle,UNITED STATES (USA)
5J2,12413,EAST TEXAS LONGHORN TRAILERS LLC,"EAST TEXAS LONGHORN TRAILERS, LLC",Trailer,UNITED STATES (USA)
5J3,9303,"ARIZONA TRAILER MANUFACTURING, INC.",ARIZONA TRAILER MANUFACTURING,Trailer,UNITED STATES (USA)
5J4,8395,OEM FABRICATORS INC,"OEM FABRICATORS, INC.",Trailer,UNITED STATES (USA)
5J5,1003,CLUB CAR LLC.,CLUB CAR,Low Speed Vehicle (LSV),UNITED STATES (USA)
5J6,988,"AMERICAN HONDA MOTOR CO., INC.",HONDA,Multipurpose Passenger Vehicle (MPV),UNITED STATES (USA)
5J7,988,"AMERICAN HONDA MOTOR CO., INC.",HONDA,Truck,UNITED STATES (USA)
5J8,988,"AMERICAN HONDA MOTOR CO., INC.",ACURA,Multipurpose Passenger Vehicle (MPV),UNITED STATES (USA)
5JA,17209,"ARMSTRONG TRAILER PRODUCTS, INC.","ARMSTRONG TRAILER PRODUCTS, INC.",Trailer,UNITED STATES (USA)
5JB,17721,SOUTHERN HERITAGE TRAILERS LLC,SOUTHERN HERITAGE TRAILERS LLC,Trailer,UNITED STATES (USA)
5JE,5150,FAST TRAC MANUFACTURING INC,"FAST TRAC MANUFACTURING, INC.",Motorcycle,UNITED STATES (USA)
5JF,4047,TEXAS BEST TRAILER SALES & SERVICE,TEXAS BEST TRAILER SALES & SERVICE,Trailer,UNITED STATES (USA)
5JG,5977,"TRAILER CORPORATION OF AMERICA, INC.","TRAILER CORPORATION OF AMERICA, INC.",Trailer,UNITED STATES (USA)
5JH,3987,R&B FABRICATION,R&B FABRICATION,Trailer,UNITED STATES (USA)
5JJ,10600,SKYLINE CORPORATION,SKYLINE CORPORATION,Trailer,UNITED STATES (USA)
5JK,10600,SKYLINE CORPORATION,SKYLINE CORPORATION,Trailer,UNITED STATES (USA)
5JL,5564,"HEIL TRAILER INTERNATIONAL, LLC",J&L,Trailer,UNITED STATES (USA)
5JN,9287,"JET COMPANY, INC.",JET COMPANY INC.,Trailer,UNITED STATES (USA)
5JP,13101,"CAM SUPERLINE, INC.",CAM SUPERLINE,Trailer,UNITED STATES (USA)
5JR,5129,APACHE TRAILERS,APACHE TRAILER,Trailer,UNITED STATES (USA)
5JT,24343,P&T WELDING & TRAILER SALES INC,P&T,Trailer,
5JU,3854,"MARINE MASTER TRAILERS, LLC",MARINE MASTER TRAILERS,Trailer,UNITED STATES (USA)
5JV,15498,"CENTREVILLE TAG A LONG TRAILERS, INC",CENTREVILLE TAG-A-LONG TRAILERS,Trailer,UNITED STATES (USA)
5JW,9916,NOVAE LLC,"CAM SUPERLINE, FORMULA TRAILERS, H & H TRAILERS, NOVAE TRAILERS, SURE-TRAC, TNT TRAILERS, MIRAGE TRAILERS, TAILGATER TRAILERS, TRAILERMAN TRAILERS, ITI CARGO TRAILERS, MIDSOTA TRAILERS, LOOK TRAILERS, COMMANDER TRAILERS, PACE TRAILERS, CARGO EXPRESS TRAILERS, EVERLITE TRAILERS, COMPASS TRAILERS, IMPACT TRAILERS, PUNCH TRAILERS",Trailer,UNITED STATES (USA)
5JX,2205,THE ALUMINUM TRAILER COMPANY,ALUMINUM TRAILER CO.,Trailer,UNITED STATES (USA)
5JY,2290,PITTS ENTERPRISES INC,PITTS TRAILERS,Trailer,UNITED STATES (USA)
5K0,3209,THE ELECTRIC CYCLE COMPANY,ELECTRIC CYCLE CO,Motorcycle,UNITED STATES (USA)
5K1,2462,MILLER BUILT TRAILERS,MILLER BUILT TRAILERS,Trailer,UNITED STATES (USA)
5K6,11762,RANGER BOAT CO.,RANGER BOAT,Trailer,UNITED STATES (USA)
5K7,1757,GRASS ROOTS MFG INC DBA CREATIVE TRL. CONCEPTS,CREATIVE TRAILER CONCEPTS,Trailer,UNITED STATES (USA)
5K8,5696,HERCULES ENTERPRISES LLC.,HERCULES ENTERPRISES LLC.,Trailer,UNITED STATES (USA)
5KB,988,"AMERICAN HONDA MOTOR CO., INC.",HONDA,Passenger Car,UNITED STATES (USA)
5KC,988,"AMERICAN HONDA MOTOR CO., INC.",ACURA,Passenger Car,UNITED STATES (USA)
5KD,13345,"FRONTIER RV TEXAS, INC.",FRONTIER RV,Trailer,UNITED STATES (USA)
5KE,6093,"DRV, LLC.","DRV SUITES, ALL ALUMINUM STRUCTURE, MOBILE SUITES, FULL HOUSE, TRADITION, TRAVEL SUITES",Trailer,UNITED STATES (USA)
5KG,11513,"R & R TRAILERS, INC.",LONG NECK TRAILERS,Trailer,UNITED STATES (USA)
5KH,10600,SKYLINE CORPORATION,SKYLINE CORPORATION,Trailer,UNITED STATES (USA)
5KJ,1024,DAIMLER TRUCK NORTH AMERICA LLC,WESTERN STAR,Truck,UNITED STATES (USA)
5KK,1024,DAIMLER TRUCK NORTH AMERICA LLC,WESTERN STAR,Incomplete Vehicle,UNITED STATES (USA)
5KM,10859,"VENTO NORTH AMERICA, LLC",VENTO,Motorcycle,UNITED STATES (USA)
5KN,5793,TRANSHAUL INC,"TRANSHAUL, INC.",Trailer,UNITED STATES (USA)
5KP,13149,BIG A MFG CO,BIG A MFG.,Trailer,UNITED STATES (USA)
5KR,2505,STILES TRAILER COMPANY,STILES TRAILER COMPANY,Trailer,UNITED STATES (USA)
5KS,4414,A TEAM TRAILERS LTD,"A TEAM TRAILERS, LTD.",Trailer,UNITED STATES (USA)
5KT,10097,KARAVAN TRAILERS INC.,KARAVAN TRAILER,Trailer,UNITED STATES (USA)
5KV,8574,S & S TRAILERS,S & S TRAILERS,Trailer,UNITED STATES (USA)
5KW,17153,"DANZER INDUSTRIES, INC","DANZER INDUSTRIES, INC",Trailer,UNITED STATES (USA)
5KX,12412,EAST TENNESSEE TRAILERS LLC,EAST TENNESSEE TRAILERS LLC,Trailer,UNITED STATES (USA)
5KY,6181,GENERATION TRAILERS INC,GENESIS TRAILERS INC.,Trailer,UNITED STATES (USA)
5KZ,3883,ROAD KING TRAILERS INC,ROAD KING TRAILERS,Trailer,UNITED STATES (USA)
5L0,12877,"GILES RV, LLC.",GILES RV,Trailer,UNITED STATES (USA)
5L1,976,FORD MOTOR COMPANY,LINCOLN,Multipurpose Passenger Vehicle (MPV),UNITED STATES (USA)
5L3,3259,"TRAILERMAN TRAILERS, INC.","TRAILERMAN TRAILERS, INC.",Trailer,UNITED STATES (USA)
5L4,9712,"PILGRIM INTERNATIONAL, INC.",PILGRIM INTERNATIONAL,Trailer,UNITED STATES (USA)
5L5,4475,"AMERICAN IRONHORSE MOTORCYCLE COMPANY, INC.",AMERICAN IRONHORSE MOTORCYCLES,Motorcycle,UNITED STATES (USA)
5L6,12604,"EAGLE IRON TRAILERS, INC.",IRON EAGLE TRAILERS,Trailer,UNITED STATES (USA)
5L7,2635,MOFFETT UTILITY TRAILERS,MOFFETT UTILITY TRAILERS,Trailer,UNITED STATES (USA)
5L8,11576,"LOAD MAX TRAILERS, LTD","LOAD MAX TRAILERS, LTD",Trailer,UNITED STATES (USA)
5LA,10586,"ROYAL CARGO, LLC","ROYAL CARGO, LLC",Trailer,UNITED STATES (USA)
5LB,12044,"CARGO SOUTH, INC.",CARGO SOUTH,Trailer,UNITED STATES (USA)
5LD,976,FORD MOTOR COMPANY,FORD,Incomplete Vehicle,UNITED STATES (USA)
5LE,8695,"QUALITY STEEL & ALUMINUM PRODUCTS, LLC",QUALITY STEEL & ALUMINUM PRODUCTS,Trailer,UNITED STATES (USA)
5LF,7729,TIDEWATER TRAILERS,TIDEWATER TRAILERS,Trailer,UNITED STATES (USA)
5LG,8129,MASTERBUILT MANUFACTURING INC,MASTERBUILT MANUFACTURING INC.,Trailer,UNITED STATES (USA)
5LK,3083,LOAD KING LLC,LOAD KING,Trailer,UNITED STATES (USA)
5LL,4539,CARGO AMERICA,CARGO AMERICA,Trailer,UNITED STATES (USA)
5LM,976,FORD MOTOR COMPANY,LINCOLN,Multipurpose Passenger Vehicle (MPV),UNITED STATES (USA)
5LP,9858,HAWKLINE LLC,HAWKLINE LLC,Trailer,UNITED STATES (USA)
5LT,976,FORD MOTOR COMPANY,LINCOLN,Truck,UNITED STATES (USA)
5LV,12741,"HOLMES ENTERPRISES, INC.",HOLMES ENTERPRISES,Trailer,UNITED STATES (USA)
5LY,9895,JOHNNY PAG,JOHNNY PAG MOTORCYCLES,Motorcycle,UNITED STATES (USA)
5LZ,8911,"ECLIPSE RECREATIONAL VEHICLES, INC.","ECLIPSE RECREATIONAL VEHICLES, INC",Trailer,UNITED STATES (USA)
5M0,9059,"BUCKBILT TRAILERS, INC.","BUCKBILT TRAILERS, INC.",Trailer,UNITED STATES (USA)
5M3,2888,MIRAGE TRAILERS LLC,MIRAGE TRAILERS,Trailer,UNITED STATES (USA)
5M4,11320,LIBERTY INDUSTRIES INVESTMENTS,LIBERTY,Trailer,UNITED STATES (USA)
5M7,15715,RINGO TRAILER,RINGO,Trailer,UNITED STATES (USA)
5MA,5950,"MAC TRAILER MFG, INC.",MAC TRAILER MANUFACTURING,Trailer,UNITED STATES (USA)
5MB,1761,GREAT LAKES CARGO LLC,GREAT LAKES CARGO,Trailer,UNITED STATES (USA)
5MC,5772,"MANAC TRAILERS USA, INC.",MANAC TRAILERS USA,Trailer,UNITED STATES (USA)
5MH,10024,"MM SPIRIT, INC. DBA AMERICAN SPIRIT","MM SPIRIT, INC. DBA AMERICAN SPIRIT",Trailer,UNITED STATES (USA)
5MK,4243,ELITE TRAILER MANUFACTURING LLC,ELITE TRAILER MANUFACTURING,Trailer,UNITED STATES (USA)
5ML,4239,"ELGIN ENTERPRISES, INC.","ELGIN ENTERPRISES, INC.",Trailer,UNITED STATES (USA)
5MN,12890,"GLADIATOR CUSTOM TRAILERS, INC.","GLADIATOR CUSTOM TRAILERS, INC.",Trailer,UNITED STATES (USA)
5MS,4221,"TUBE SYSTEMS, LLC",TUBE SYSTEMS LLC,Trailer,UNITED STATES (USA)
5MU,2544,ROAD KING TRAILERS OF FLORIDA LLC,ROAD KING TRAILERS OF FLORIDA,Trailer,UNITED STATES (USA)
5MV,11630,"OPTIMA INDUSTRIES LLC SUB OF PACE AMERICAN, INC.",PACE AMERICAN,Trailer,UNITED STATES (USA)
5MY,15919,"TRIPLE CROWN TRAILERS GA, LLC",DOWN TO EARTH,Trailer,UNITED STATES (USA)
5MZ,961,BUELL MOTORCYCLE CO.,"BUELL (EBR), BUELL",Motorcycle,UNITED STATES (USA)
5N1,997,"NISSAN NORTH AMERICA, INC.","NISSAN, INFINITI",Multipurpose Passenger Vehicle (MPV),UNITED STATES (USA)
5N3,997,"NISSAN NORTH AMERICA, INC.",INFINITI,Multipurpose Passenger Vehicle (MPV),
5N6,7831,AMERICAN HAULER INC,AMERICAN HAULER,Trailer,UNITED STATES (USA)
5NC,10436,NEWMAR CORPORATION,NEWMAR CORPORATION,Incomplete Vehicle,UNITED STATES (USA)
5NH,1084,"FOREST RIVER, INC.",FOREST RIVER,Trailer,UNITED STATES (USA)
5NM,15712,HYUNDAI MOTOR MANUFACTURING ALABAMA LLC (HMMA),"HYUNDAI, GENESIS",Multipurpose Passenger Vehicle (MPV),UNITED STATES (USA)
5NP,1034,HYUNDAI-KIA AMERICA TECHNICAL CENTER INC (HATCI),HYUNDAI,Passenger Car,UNITED STATES (USA)
5NT,15712,HYUNDAI MOTOR MANUFACTURING ALABAMA LLC (HMMA),HYUNDAI,Truck,UNITED STATES (USA)
5NW,2545,"TOWBLAZER, INC.",TOWBLAZER,Trailer,UNITED STATES (USA)
5NY,8050,RANDY MYERS STAGECOACH TRAILERS,STAGECOACH TRAILERS,Trailer,UNITED STATES (USA)
5NZ,8649,TRAILMANOR,TRAILMANOR,Trailer,UNITED STATES (USA)
5P0,1086,"THOMAS BUILT BUSES, INC",THOMAS BUILT,Incomplete Vehicle,
5P3,8619,"BARON MOTORCYCLES, INC.","BARON MOTORCYCLES, INC.",Motorcycle,UNITED STATES (USA)
5P4,13843,POWER SPORTS FACTORY,POWER SPORTS FACTORY DBA YAMATI MOTORCYCLES,Motorcycle,UNITED STATES (USA)
5P5,8642,BLACKROCK TRAILERS CORPORATION,BLACKROCK TRAILERS CORPORATION,Trailer,UNITED STATES (USA)
5P7,9222,HINIKER COMPANY,HINIKER,Trailer,UNITED STATES (USA)
5P8,13627,"RC MOTORSPORTS, LLC.",RC MOTORSPORTS,Motorcycle,UNITED STATES (USA)
5PA,8824,"CIMARRON TRAILERS, INC.","CIMARRON TRAILERS, INC.",Trailer,UNITED STATES (USA)
5PD,9669,"INNOVATIVE TRAILER MFG., INC.",INNOVATIVE TRAILER,Trailer,UNITED STATES (USA)
5PG,11539,BULLDOG TRAILERS INC.,BULLDOG TRAILERS INC.,Trailer,UNITED STATES (USA)
5PM,8436,"RAGE'N, INC. DBA WEEKEND WARRIOR TRAILERS, INC.","RAGE'N, INC.",Trailer,UNITED STATES (USA)
5PR,11084,"WELCHEL ENTERPRISES, L.L.C.","WELCHEL ENTERPRISES, L.L.C. DBA CHEROKEE",Trailer,UNITED STATES (USA)
5PS,8930,"ECHO TRAILERS, LLC",ECHO TRAILER,Trailer,UNITED STATES (USA)
5PT,10641,SNAKE RIVER TRAILER COMPANY,SNAKE RIVER TRAILER,Trailer,UNITED STATES (USA)
5PV,1056,HINO MOTORS MANUFACTURING U.S.A.,HINO,Incomplete Vehicle,UNITED STATES (USA)
5PY,8627,TARNEL USA,TARNEL USA,Trailer,UNITED STATES (USA)
5R0,10021,"PROLINE TRAILERS, INC.",PROLINE TRAILERS,Trailer,UNITED STATES (USA)
5R3,16559,HOMIER DISTRIBUTING INC,HOMIER DISTRIBUTING INC,Trailer,UNITED STATES (USA)
5R4,9849,XKELETON MOTORCYCLE,XKELETON MOTORCYCLE,Motorcycle,UNITED STATES (USA)
5R6,9664,AZURE DYNAMICS INC.,AZURE DYNAMIC INC.,Truck,UNITED STATES (USA)
5R8,10758,"MAXEY TRAILERS MFG., INC.","MAXXD TRAILERS DROP-N-LOAD, MAXEY TRAILERS MFG",Trailer,UNITED STATES (USA)
5RC,9011,"TRAIL-RITE, LLC",TRAIL-RITE LLC,Trailer,UNITED STATES (USA)
5RD,9925,HITONG MOTORS CORP.,HITONG MOTORS,Motorcycle,UNITED STATES (USA)
5RE,3583,"RELIANCE TRAILER CO., LLC","RELIANCE, ALLOY, COMET, STURDYWELD",Trailer,UNITED STATES (USA)
5RF,16024,"CW WELDING AND FABRICATION, LLC","CW WELDING AND FABRICATION, LLC",Trailer,UNITED STATES (USA)
5RH,11233,CENTEX TRAILERS LTD.,CENTEX,Trailer,UNITED STATES (USA)
5RJ,8450,ANDROID INDUSTRIES - SPRINGFIELD LLC,INTERNATIONAL,Truck,UNITED STATES (USA)
5RK,9279,"DOWN 2 EARTH CARGO, LLC",DOWN 2 EARTH CARGO LLC,Trailer,UNITED STATES (USA)
5RL,9263,GREENFIELD TRAILERS,GREENFIELD TRAILERS,Trailer,UNITED STATES (USA)
5RR,10658,"KNIGHT TRAILERS, LLC",KNIGHT TRAILERS,Trailer,UNITED STATES (USA)
5RS,12703,"COASTAL  METAL FAB, INC.",DOWNEASTER,Trailer,UNITED STATES (USA)
5RT,8704,LARK UNITED MANUFACTURING INC.,LARK UNITED MANUFACTURING,Trailer,UNITED STATES (USA)
5RV,8916,LAMAR TRAILERS INC.,LAMAR TRAILERS,Trailer,UNITED STATES (USA)
5RX,1104,CRUISER RV,"GO EXPLORE, SHADOW CRUISER, ESSENCE, RADIANCE, STRYKER, MPG, AVENIR, SOUTHFORK, EMBRACE, TWILIGHT/TWILIGHT SIGNATURE, HITCH, FUN FINDER, LAND ROAMER, VIEW FINDER, ENTERRA, BOSS, CELL CARAVAN, MILESTONE",Trailer,
5RY,13499,ROKETA,ROKETA,Motorcycle,UNITED STATES (USA)
5RZ,8719,TIMBERWOLF MANUFACTURING CORPORATION,TIMBERWOLF MANUFACTURING CORPORATION,Trailer,UNITED STATES (USA)
5S3,984,GENERAL MOTORS LLC,SAAB,Multipurpose Passenger Vehicle (MPV),UNITED STATES (USA)
5SA,1048,"SUZUKI MOTOR OF AMERICA, INC",SUZUKI,Motorcycle,UNITED STATES (USA)
5SB,10894,PAIUTE TRAILERS,PAIUTE TRAILERS,Trailer,UNITED STATES (USA)
5SF,10254,"HEARTLAND RECREATIONAL VEHICLES, LLC","HEARTLAND RV, BIGHORN, TRAIL RUNNER, SUNDANCE, NORTH TRAIL, ELKRIDGE, GATEWAY & MILESTONE, PROWLER, LAKEVIEW, FINE LIFE / PERFECT COTTAGE, SUNDANCE TT, BIGHORN, BIGHORN TRAVELER, BIG COUNTRY, & LANDMARK, MALLARD, NORTH TRAIL, & WILDERNESS, ELK RIDGE, ELK RIDGE FOCUS, & PIONEER FW, PIONEER, PROWLER, & PROWLER LNYX, CYCLONE, FUEL, GRAVITY, ROAD WARRIOR, TORQUE, & TORQUE TT, LITHIUM, EDDIE BAUER, CORTERRA",Trailer,UNITED STATES (USA)
5SH,19398,KAUFMAN TRAILERS OF NE,"KAUFMAN TRAILERS OF NE, INC.",Trailer,UNITED STATES (USA)
5SJ,8444,AVANTI MOTORCYCLES INC.,AVANTI MOTORCYCLES,Motorcycle,CHINA
5SL,8699,MULTIQUIP INC.,"MQ POWER, MULTIQUIP",Trailer,UNITED STATES (USA)
5SM,9527,NORTH AMERICAN CARGO,NORTH AMERICAN CARGO,Trailer,UNITED STATES (USA)
5SN,11610,"LIFETIME PRODUCTS, INC.","LIFETIME PRODUCTS, INC.",Trailer,UNITED STATES (USA)
5SR,13532,C.F.'S WELDING SERVICE & CUSTOM BUILT TRAILERS INC.,C.F.'S WELDING SERVICE & CUSTOM BUILT TRAILERS,Trailer,UNITED STATES (USA)
5SV,12270,FONTAINE MILITARY PRODUCTS,FONTAINE TRAILER CO.,Trailer,UNITED STATES (USA)
5SW,9843,FRONTIER CARGO,FRONTIER CARGO,Trailer,UNITED STATES (USA)
5SX,11914,"AMERICAN LAFRANCE, LLC","AMERICAN LAFRANCE, MOBILE ARMOURED VEHICLE",Incomplete Vehicle,UNITED STATES (USA)
5T0,9987,ALL ABOUT TRAILERS,ALL ABOUT TRAILERS,Trailer,UNITED STATES (USA)
5T4,1078,WORKHORSE CUSTOM CHASSIS,"NAVISTAR, CATERPILLAR, IC BUS, WORKHORSE, INTERNATIONAL",Truck,UNITED STATES (USA)
5TA,10482,AMERICAN HOMESTAR,"OAK CREEK HOMES, PARK COTTAGES",Trailer,UNITED STATES (USA)
5TB,1087,"TOYOTA MOTOR MANUFACTURING, INDIANA, INC.",TOYOTA,Truck,UNITED STATES (USA)
5TC,17018,"CRUISERS MANUFACTURING, INC.","CRUISERS MFG, INC (CMI)",Motorcycle,UNITED STATES (USA)
5TD,1087,"TOYOTA MOTOR MANUFACTURING, INDIANA, INC.","TOYOTA, LEXUS",Multipurpose Passenger Vehicle (MPV),UNITED STATES (USA)
5TE,1063,"TOYOTA MOTOR MANUFACTURING, CALIFORNIA, INC.",TOYOTA,Truck,UNITED STATES (USA)
5TF,1090,"TOYOTA MOTOR MANUFACTURING, TEXAS, INC.",TOYOTA,Truck,UNITED STATES (USA)
5TG,9851,"SMART TRANSPORT SOLUTIONS, INC.",SMART TRANSPORT SOLUTIONS,Trailer,UNITED STATES (USA)
5TH,10058,ELITE TRAILERS INC,ELITE TRAILERS,Trailer,UNITED STATES (USA)
5TJ,11595,"AMERICAN SURPLUS & MFG., INC.",AMERICAN SURPLUS & MFG,Trailer,UNITED STATES (USA)
5TL,2490,TRANSPORTATION DESIGN & MANUFACTURING CO.,TDM,Low Speed Vehicle (LSV),UNITED STATES (USA)
5TM,8335,TITAN MOTORCYCLE COMPANY OF AMERICA,TITAN,Motorcycle,UNITED STATES (USA)
5TP,8678,TRAILER ALABAMA TRAILER CO. INC.,NORTH ALABAMA TRAILER CO. INC.,Trailer,UNITED STATES (USA)
5TR,12268,FONTAINE COMMERCIAL TRAILER INC.,FONTAINE TRAILER CO.,Trailer,UNITED STATES (USA)
5TS,10725,TOMBERLIN AUTOMOTIVE GROUP,TOMBERLIN,Low Speed Vehicle (LSV),UNITED STATES (USA)
5TU,10170,"CONSTRUCTION TRAILER SPECIALISTS, INC.",CONSTRUCTION TRAILER SPECIALISTS,Trailer,
5TY,11788,THOROUGHBRED MOTORSPORTS INC.,THOROUGHBRED MOTORSPORTS INC,Motorcycle,UNITED STATES (USA)
5U0,10228,ROSEBURG TRAILER WORKS,ROSEBURG TRAILER WORKS,Trailer,UNITED STATES (USA)
5UC,11341,GEMSTATE MANUFACTURING; INC,TRAILMAX,Trailer,UNITED STATES (USA)
5UE,11830,"ENDURAMAX,  LLC",ENDURAMAX,Trailer,UNITED STATES (USA)
5UF,8450,ANDROID INDUSTRIES - SPRINGFIELD LLC,INTERNATIONAL,Incomplete Vehicle,UNITED STATES (USA)
5UG,9492,"PROSTAR, LLC",PROSTAR,Trailer,UNITED STATES (USA)
5UH,1604,"RUFF & TUFF ELECTRIC VEHICLES, INC.",RUFF & TUFF ELECTRIC VEHICLES,Low Speed Vehicle (LSV),UNITED STATES (USA)
5UJ,11565,"DIRECT TRAILER, LP",DIRECT TRAILER,Trailer,UNITED STATES (USA)
5UL,8453,H & H TRAILER SW,H & H TRAILER SW,Trailer,UNITED STATES (USA)
5UM,966,BMW AG,BMW,Passenger Car,GERMANY
5UP,9495,"HAULRITE OF FOUR CORNERS, INC.","HAULRITE OF FOUR CORNERS, INC.",Trailer,UNITED STATES (USA)
5UR,2407,T & D ENTERPRISE INC,T & D ENTERPRISES,Trailer,UNITED STATES (USA)
5UU,10239,"HORTON IRON WORKS, LLC",HORTON IRON WORKS,Trailer,UNITED STATES (USA)
5UV,12160,TITAN IMPORTS INC. DBA US TITAN INC.,TITAN IMPORTS,Motorcycle,UNITED STATES (USA)
5UW,11515,"WATEC, INC. DBA H & H TRAILERS SOUTHEAST","WATEC, INC. DBA H & H TRAILERS SOUTHEAST",Trailer,UNITED STATES (USA)
5UX,968,BMW MANUFACTURER CORPORATION / BMW NORTH AMERICA,BMW,Multipurpose Passenger Vehicle (MPV),UNITED STATES (USA)
5UY,9737,PACIFIC COACHWORKS INC,PACIFIC COACHWORKS,Trailer,UNITED STATES (USA)
5UZ,6556,"DIAMOND CARGO, LLC",DIAMOND CARGO,Trailer,UNITED STATES (USA)
5V0,8874,NST INC.,NST MOTORCYCLES,Motorcycle,UNITED STATES (USA)
5V4,12279,AUTOCAR LLC,AUTOCAR,Truck,UNITED STATES (USA)
5V8,16522,VANGUARD NATIONAL TRAILER CORPORTATION,VANGUARD NATIONAL TRAILER CORPORATION (VNTC),Trailer,UNITED STATES (USA)
5VA,11374,MAJESTIC CORPORATION,MAJESTIC CORPORATION,Trailer,UNITED STATES (USA)
5VB,12392,TIFFIN MOTOR HOMES INC.,"TIFFIN MOTORHOMES, INC",Incomplete Vehicle,UNITED STATES (USA)
5VC,12279,AUTOCAR LLC,AUTOCAR,Incomplete Vehicle,UNITED STATES (USA)
5VD,1123,MICRO-LITE TRAILER MFG. LLC,MICRO-LITE TRAILER,Trailer,UNITED STATES (USA)
5VF,10729,"AMERICAN ELECTRIC VEHICLE COMPANY, LLC","AMERICAN ELECTRIC VEHICLE COMPANY, LLC",Low Speed Vehicle (LSV),UNITED STATES (USA)
5VG,16370,"KAUFMAN TRAILERS OF NC, INC.",KAUFMAN TRAILERS OF NC,Trailer,UNITED STATES (USA)
5VJ,11577,"CRARY INDUSTRIES, INC","ECHO BEAR CAT, ECHO, CRARY, LOCKWOOD, SHINDAIWA",Trailer,UNITED STATES (USA)
5VK,11571,"GREAT NORTHERN TRAILER WORKS, INC.",GREAT NORTHERN TRAILER WORKS,Trailer,UNITED STATES (USA)
5VL,9277,"FRONTIER RV GEORGIA, LLC",FRONTIER RV,Trailer,UNITED STATES (USA)
5VM,11648,"S & S MOTORSPORTS, INC.",S&S MOTORSPORTS,Trailer,UNITED STATES (USA)
5VN,15894,C&M TRAILERS INC.,C&M TRAILERS INC,Trailer,UNITED STATES (USA)
5VP,1132,POLARIS INDUSTRIES INC.,"POLARIS, VICTORY, INDIAN MOTORCYCLE",Motorcycle,
5VR,10738,"KURYENTE ENTERPRISES, LLC",KURYENTE ENTERPRISES,Motorcycle,UNITED STATES (USA)
5VS,8692,"GENERAL RICH ENTERPRISES, LLC",GENERAL RICH ENTERPRISES,Trailer,UNITED STATES (USA)
5VT,9110,BYE RITE TRAILER & FABRICATION INC.,BYE-RITE TRAILER SALES,Trailer,UNITED STATES (USA)
5VU,9208,"WYLIE & SON, INC. DBA WYLIE MANUFACTURING",WYLIE,Trailer,UNITED STATES (USA)
5VV,8848,TRAILON TRAILER CORP.,TRAILON TRAILER CORP.,Trailer,UNITED STATES (USA)
5VW,1682,"PHOENIX TRAILERS, LLC",PHOENIX TRAILERS LLC,Trailer,UNITED STATES (USA)
5VX,4264,"MILLENNIUM CYCLES, INC.",VORTEX MOTORCYCLES CO,Motorcycle,UNITED STATES (USA)
5VY,9453,LONE STAR TRAILER MFG.,LONE STAR TRAILER,Trailer,UNITED STATES (USA)
5VZ,10517,PACE AMERICAN OF OREGON INC.,PACE AMERICAN,Trailer,UNITED STATES (USA)
5WB,10957,TNT TRAILERS,TNT TRAILERS,Trailer,UNITED STATES (USA)
5WD,1096,"ALTEC ENVIRONMENTAL PRODUCTS, LLC",ALTEC,Trailer,UNITED STATES (USA)
5WE,1064,"IC BUS, LLC","CHEVROLET, NAVISTAR, CATERPILLAR, IC BUS, WORKHORSE, INTERNATIONAL, GM",Incomplete Vehicle,UNITED STATES (USA)
5WF,11136,ALCOM HOLDING COMPANY LLC,ALCOM LLC,Trailer,UNITED STATES (USA)
5WH,9308,"SYLVANSPORT, LLC",SYLVANSPORT,Trailer,UNITED STATES (USA)
5WK,9286,"FREEDOM TRAILERS, LLC","FREEDOM TRAILERS, LLC",Trailer,UNITED STATES (USA)
5WL,9301,LEVEL TRAILERS,LEVEL TRAILERS,Trailer,UNITED STATES (USA)
5WM,10828,"LEGEND MANUFACTURING, INC.",LEGEND MANUFACTURING INC,Trailer,UNITED STATES (USA)
5WN,11760,METRORIDER LLC,METRORIDER LLC,Motorcycle,UNITED STATES (USA)
5WP,6238,BAGGETT'S TRAILER CONNECTION LLC,BAGGETT'S TRAILER CONNECTION,Trailer,UNITED STATES (USA)
5WR,11769,INTREPID ENGINEERING GROUP (IEG),INTREPID ENGINEERING GROUP (IEG),Motorcycle,UNITED STATES (USA)
5WS,10142,WALKER STAINLESS EQUIPMENT CO,"WABASH, WALKER STAINLESS EQUIPMENT CO, WALKER, PROGRESS, WABASH TANKS",Trailer,UNITED STATES (USA)
5WT,6834,APTERA MOTORS CORP.,APTERA MOTORS,Motorcycle,UNITED STATES (USA)
5WU,10304,"LAWRIMORE MANUFACTURING, INC",LAWRIMORE MANUFACTURING,Trailer,UNITED STATES (USA)
5WV,13463,NORMAN POWER SYSTEMS,NORMAN POWER SYSTEMS,Trailer,UNITED STATES (USA)
5WW,7833,DELCO TRAILERS,DELCO TRAILERS,Trailer,UNITED STATES (USA)
5WY,17343,"VERUCCI MOTORCYCLES, LLC",VERUCCI MOTORCYCLES LLC,Motorcycle,UNITED STATES (USA)
5X0,11198,"RUDES RIGGS, LLC",RUDES RIGGS,Trailer,UNITED STATES (USA)
5XA,6174,IRON PANTHER INCORPORATED,IRON PANTHER INCORPORATED,Trailer,UNITED STATES (USA)
5XB,6643,"ELECTRIC CITY MOTORS, NORTH AMERICA, INC.","ELECTRIC CITY MOTORS, NORTH AMERICA",Low Speed Vehicle (LSV),UNITED STATES (USA)
5XD,10770,THULE TRAILERS A DIVISION OF THULE TOWING SYSTEMS LLC,THULE TRAILERS A DIVISION OF THULE TOWING SYSTEMS LLC,Trailer,UNITED STATES (USA)
5XE,1325,"PORTEON ELECTRIC VEHICLES, INC.",PORTEON ELECTRIC VEHICLES,Low Speed Vehicle (LSV),UNITED STATES (USA)
5XF,6220,WACKER NEUSON PRODUCTION AMERICAS LLC,WACKER NEUSON CORPORATION DBA WACKER NEUSON,Trailer,UNITED STATES (USA)
5XG,11367,"TRAILERMAKERS, LLC","TRAILERMAKERS, LLC",Trailer,UNITED STATES (USA)
5XH,10726,"SALTY'S MANUFACTURING, LTD","SALTY'S MANUFACTURING, LTD",Trailer,UNITED STATES (USA)
5XJ,11660,"LABARGE PRODUCTS, INC.",LABARGE PRODUCTS,Trailer,UNITED STATES (USA)
5XK,1312,"CHINA OFF-ROAD PRODUCTS, INC.","CHINA OFF-ROAD PRODUCTS, INC.",Trailer,UNITED STATES (USA)
5XM,8531,OPEN RANGE RV COMPANY,OPEN RANGE RV COMPANY,Trailer,UNITED STATES (USA)
5XR,9311,LUYUAN INC.,LUYUAN,Motorcycle,UNITED STATES (USA)
5XS,9055,"STREET STEEL MOTORSPORTS, LLC",STREET STEEL MOTORSPORTS,Motorcycle,UNITED STATES (USA)
5XV,7453,"EXTREME TRAILERS (JCJ CONSULTING OF MISSISSIPPI, LLC)",EXTREME TRAILERS,Trailer,UNITED STATES (USA)
5XW,1685,"ALPHA PRODUCTS INTERNATIONAL, INC.",ALPHA PRODUCTS INTERNATIONAL,Motorcycle,UNITED STATES (USA)
5XX,20996,"KIA GEORGIA, INC",KIA,Passenger Car,UNITED STATES (USA)
5XY,20996,"KIA GEORGIA, INC","HYUNDAI, KIA",Multipurpose Passenger Vehicle (MPV),UNITED STATES (USA)
5Y2,1062,"NEW UNITED MOTOR MANUFACTURING, INC.",PONTIAC,Passenger Car,UNITED STATES (USA)
5Y4,1130,YAMAHA MOTOR CORPORATION,YAMAHA,Motorcycle,UNITED STATES (USA)
5YA,8937,INDIAN MOTORCYCLE COMPANY,INDIAN MOTORCYCLE,Motorcycle,UNITED STATES (USA)
5YB,9148,"LIGHT ENGINEERING, INC.",LIGHT ENGINEERING,Trailer,UNITED STATES (USA)
5YC,9309,"ARISING INDUSTRIES, INC","ARISING INDUSTRIES, INC",Trailer,UNITED STATES (USA)
5YE,6203,"CHASE TRAILERS, LLC","CHASE TRAILERS, LLC",Trailer,UNITED STATES (USA)
5YF,1145,"TOYOTA MOTOR MANUFACTURING, MISSISSIPPI, INC.",TOYOTA,Passenger Car,UNITED STATES (USA)
5YH,6433,BESTBILT TRAILERS,BESTBILT TRAILERS,Trailer,UNITED STATES (USA)
5YJ,955,"TESLA, INC.",TESLA,Passenger Car,UNITED STATES (USA)
5YL,6463,APEX MOTOR USA,APEX MOTOR,Motorcycle,UNITED STATES (USA)
5YM,968,BMW MANUFACTURER CORPORATION / BMW NORTH AMERICA,BMW,Multipurpose Passenger Vehicle (MPV),UNITED STATES (USA)
5YN,12031,"CRUISE CAR, INC.","CRUISE CAR, MOKE",Low Speed Vehicle (LSV),UNITED STATES (USA)
5YP,6201,"TRIFUN, INC.","TRIFUN, INC.",Motorcycle,UNITED STATES (USA)
5YS,17347,"ST CERTIFICATION SERVICE (USA) CO., LTD.","ST CERTIFICATION SERVICE (USA) CO., LTD.",Motorcycle,UNITED STATES (USA)
5YT,6998,SMILEY RILEY'S TRAILER MANUFACTURING,SMILEY RILEY'S TRAILER,Trailer,UNITED STATES (USA)
5YU,9001,"ZERTECK, INC.",FUZION MOTORCYCLES,Motorcycle,UNITED STATES (USA)
5YW,9999,KNIEVEL MOTORCYCLE MANUFACTURING INC.,KNIEVEL MOTORCYCLE MANUFACTURING,Motorcycle,UNITED STATES (USA)
5YX,7020,AMERICAN SPORTWORKS,AMERICAN SPORTWORKS,Low Speed Vehicle (LSV),UNITED STATES (USA)
5Z0,6467,ROAD BOSS TRAILER MFG.,ROAD BOSS TRAILER MFG.,Trailer,UNITED STATES (USA)
5Z5,17264,APPALACHIAN TRAILERS INC,APPALACHIAN TRAILERS INC.,Trailer,UNITED STATES (USA)
5Z6,1048,"SUZUKI MOTOR OF AMERICA, INC",SUZUKI,Truck,UNITED STATES (USA)
5Z7,9107,LINAMAR CONSUMER PRODUCTS INC.,LINAMAR CONSUMER PRODUCTS,Trailer,CANADA
5Z8,13414,"KANDI USA, INC.",KANDI,Low Speed Vehicle (LSV),UNITED STATES (USA)
5ZA,13414,"KANDI USA, INC.",KANDI,Low Speed Vehicle (LSV),UNITED STATES (USA)
5ZC,13101,"CAM SUPERLINE, INC.",CAM SUPERLINE,Trailer,UNITED STATES (USA)
5ZK,1282,"AMERICAN PERFORMANCE TECHNOLOGIES, LLC",AMERICAN PERFORMANCE TECHNOLOGIES,Motorcycle,UNITED STATES (USA)
5ZL,6651,"DHM TRAILERS, INC.",DHM TRAILERS,Trailer,UNITED STATES (USA)
5ZM,10945,"BELSHE INDUSTRIES, INC. DBA DURABUILT TRAILERS",DURABUILT,Trailer,UNITED STATES (USA)
5ZR,7033,"MOTOADVENT, INC.",MOTOADVENT,Motorcycle,UNITED STATES (USA)
5ZT,1084,"FOREST RIVER, INC.",FOREST RIVER,Trailer,UNITED STATES (USA)
5ZU,6406,GREENKRAFT INC.,GREENKRAFT,Truck,UNITED STATES (USA)
5ZW,6826,"EVERGREEN RECREATIONAL VEHICLES, LLC","EVERGREEN RECREATIONAL VEHICLES, LIFESTYLE, EVERGREEN, SKYLINE",Trailer,UNITED STATES (USA)
5ZY,1476,TAYLOR-DUNN MANUFACTURING,TAYLOR-DUNN,Low Speed Vehicle (LSV),UNITED STATES (USA)
5ZZ,7199,"XTREME GREEN PRODUCTS, INC.",XTREME GREEN PRODUCTS,Motorcycle,UNITED STATES (USA)
629040,25430,URBAN CARAVANS PTY LTD AS THE TRUSTEE FOR THE SMT INVESTMENT,,Trailer,AUSTRALIA
629460,25156,KERFTON PTY LTD,,Trailer,
6B9AE6,20066,SLOANEBUILT TRAILERS PTY LTD,,Trailer,AUSTRALIA
6G1,984,GENERAL MOTORS LLC,CHEVROLET,Passenger Car,AUSTRALIA
6G2,984,GENERAL MOTORS LLC,PONTIAC,Passenger Car,AUSTRALIA
6G3,984,GENERAL MOTORS LLC,CHEVROLET,Passenger Car,
6J4,10057,KIMBERLEY KAMPERS PTY LTD,KIMBERLEY KAMPERS PTY,Trailer,UNITED STATES (USA)
6K9018,19175,TRACKABOUT OFF ROAD CAMPERS AUST PTY LTD,,Trailer,AUSTRALIA
6K9230,16009,PATRIOT CAMPERS PTY LTD,,Trailer,AUSTRALIA
6K9299,15213,GIDGET RETRO TEARDROP CAMPER PTY. LTD.,,Trailer,AUSTRALIA
6K9314,18406,BRUDER EXPEDITION PTY LTD,,Trailer,AUSTRALIA
6K9337,15102,DRIFTA CAMPING KITCHENS PTY LTD,,Trailer,AUSTRALIA
6K9345,20179,ZONE RV PTY LTD,,Trailer,AUSTRALIA
6K9502,18489,NEVCO ENGINEERING PTY LTD,,Trailer,AUSTRALIA
6K9605,20060,FINELINE FABRICATIONS PTY LTD,,Trailer,AUSTRALIA
6K9677,20957,MVS TRUST T/A OFFTRAX CAMPERS,,Trailer,AUSTRALIA
6K9718,21506,INFRAVISION PTY LTD,,Trailer,AUSTRALIA
6K9860,24461,SPECIALTY TRAILERS PTY LTD,,Trailer,AUSTRALIA
6K9950,21827,HARVEY TECHNOLOGY PTY LTD,,Trailer,
6K9960,25206,AUSTRALIAN ENTERPRISE GROUP PTY LTD,,Trailer,
6MD,20341,BRAAAP MOTORCYCLE PTY LTD,BRAAAP MOTORCYCLES,Motorcycle,AUSTRALIA
6MM,13526,MITSUBISHI MOTORS AUSTRALIA LTD.,MITSUBISHI,Passenger Car,AUSTRALIA
6MP,15857,FORD MOTOR CO OF AUSTRALIA LTD.,MERCURY,Passenger Car,AUSTRALIA
6P1,14408,KIMBERLEY KAMPERS MANUFACTURING PTY. LTD.,KIMBERLEY KAMPERS,Trailer,AUSTRALIA
6P6,22824,CCMSM MANUFACTURING PTY LTD,DREAM HAVEN,Trailer,
6PM,16009,PATRIOT CAMPERS PTY LTD,PATRIOT CAMPERS,Trailer,AUSTRALIA
6R3,25630,TITANIUM CARAVANS AUSTRALIA PTY LTD ATF TITANIUM CARAVANS TRUST,TITANIUM CARAVANS,Trailer,AUSTRALIA
6RH,23552,OFF ROAD ACCESSORIES LTD,ARB,Trailer,THAILAND
6S4,24650,FUSINE INVESTMENTS PTY LTD,TRACK TRAILER,Trailer,AUSTRALIA
6SB,25796,BRUDER RV PTY LTD,BRUDER,Trailer,
6V9055,20726,LIFESTYLE CAMPER TRAILERS PTY LTD,,Trailer,AUSTRALIA
6V9067,20878,RHOST PTY LTD,,Trailer,AUSTRALIA
6Y9052,17307,BLUE MIST HOLDINGS LIMITED (A REGISTERED LIMITED LIABILITY COMPANY) DBA EQUI-STILL PORTABLE EQUINE STOCKS,,Trailer,NEW ZEALAND
6Y9056,19629,SEQUOR TRAILERS LTD,,Trailer,NEW ZEALAND
6Y9104,22606,MAKAIRA BOATS LIMITED,,Trailer,NEW ZEALAND
6ZF,15713,FUTURA TRAILERS INC.,FUTURA TRAILERS LIMITED,Trailer,NEW ZEALAND
710,23424,"J PIERSKI ENTERPRISES, LLC",CHARMAC,Trailer,UNITED STATES (USA)
711,24009,"BARRETT TRAILERS, LLC","BARRETT TRAILERS, LLC",Trailer,
712,24099,NIU TECHNOLOGY INC.,NIU,Low Speed Vehicle (LSV),UNITED STATES (USA)
713,24985,HORIZON TRAILERS TEXAS LLC,HORIZON TRAILERS,Trailer,UNITED STATES (USA)
714,24047,SOLAR TRANSPORT SYSTEMS. INC,INTI,Low Speed Vehicle (LSV),
715,24056,IKON TRAILER MANUFACTURING,IKON,Trailer,
716,24116,VISION CARGO LLC,VISION CARGO LLC,Trailer,
718,23736,ZO MOTORS NORTH AMERICA LLC,ZM TRUCKS,Incomplete Vehicle,
71C,23886,STANDARD IRON & WIRE WORKS LLC,STANDARD IRON,Trailer,UNITED STATES (USA)
71E,24212,PACK MULE TRAILERS LLC,PACK MULE,Trailer,
71F,24575,"BLACK IRON PRODUCTS, LLC",BLACK IRON PRODUCTS,Trailer,UNITED STATES (USA)
71H,21171,SAWYER TRAILERS LLC,SAWYER TRAILERS LLC,Trailer,
71K,24348,ROAM ELECTRIC VEHICLES LLC,ROAM,Low Speed Vehicle (LSV),UNITED STATES (USA)
71L,24321,SOLANA EV LLC,SOLANA,Low Speed Vehicle (LSV),UNITED STATES (USA)
71N,24335,"TEKO, INC.",TEKO INC.,Low Speed Vehicle (LSV),
71P,22526,C TRAILERS LLC,C TRAILERS LLC,Trailer,UNITED STATES (USA)
71T,24369,SLATE AUTO LLC,SLATE,Truck,UNITED STATES (USA)
71U,24687,TMB MANUFACTURING LLC,DOUBLE A,Trailer,UNITED STATES (USA)
71V,24369,SLATE AUTO LLC,SLATE,Multipurpose Passenger Vehicle (MPV),UNITED STATES (USA)
71X,24711,STEALTH TRAILERS LLC,STEALTH TRAILERS,Trailer,UNITED STATES (USA)
721,24903,DARKHORSE ACQUISITION LLC,DARKHORSE,Trailer,UNITED STATES (USA)
722,25251,ISUZU NORTH AMERICA CORPORATION,"CHEVROLET, ISUZU",Incomplete Vehicle,UNITED STATES (USA)
724,25294,TGT MANUFACTURERS,TGT MANUFACTURERS,Trailer,
727,22016,RAWRR INC.,RAWRR,Motorcycle,UNITED STATES (USA)
728,24425,TAYLOR & ARD EQUIPMENT,"AMIDA, TAYLOR AND ARD EQUIPMENT",Trailer,
72A,24941,VIMO MOBILITY INC.,VIMO MOBILITY,Low Speed Vehicle (LSV),
72D,1444,J&M MANUFACTURING CO. INC.,"SPEED TENDER, HEADER TRANSPORT, FARM FORGED",Trailer,
72G,25054,FREEWIND TECHNOLOGY CORPORATION,"BREEZE, ZEPHYR",Low Speed Vehicle (LSV),
72H,25122,IBEX TRAILERS LLC,PRIME TRAILERS,Trailer,UNITED STATES (USA)
72K,25569,ADVANCE TANK PRODUCTION LTD.,ADVANCE,Trailer,UNITED STATES (USA)
72M,25358,SEANGLES INC,SEANGLES,Low Speed Vehicle (LSV),
72N,25261,VX ROBOTICS INC,VX ROBOTICS,Trailer,UNITED STATES (USA)
72P,25273,SCORPION TRAILERS USA LLC,SCORPION TRAILERS USA,Trailer,
72T,1653,NEXUS RVS LLC,AXIOM RV,Trailer,UNITED STATES (USA)
72U,25362,ARIEL ONE INC,"ARIEL ONE, INC",Low Speed Vehicle (LSV),
72V,12100,DYNAMITE MANUFACTURING,DYNAMITE MANUFACTURING,Trailer,
72W,21612,"MODERN BUGGY RV, LLC",MODERN BUGGY,Trailer,
72Y,25401,BEAST CARGO LLC,BEAST CARGO LLC,Trailer,
72Z,25638,LANI SOLAR LLC,LANI,Low Speed Vehicle (LSV),
730,25414,BOUNDLESS RECREATION LLC,BOUNDLESS RECREATION,Trailer,UNITED STATES (USA)
731,25438,QUALITY TOW LLC,"QUALITY TOW, LLC",Trailer,UNITED STATES (USA)
732,25443,RYDON ELECTRIC VEHICLES,RYDON,Low Speed Vehicle (LSV),UNITED STATES (USA)
733,25454,CAMPINAWE LLC,CAMPINAWE,Trailer,
734,25426,SUNWIZE POWER AND BATTERY LLC,SUNWIZE,Trailer,
735,25510,RONNIE & SON TRAILER SALES LLC,RSTS TRAILERS,Trailer,UNITED STATES (USA)
736,25556,"PRIMELINE INDUSTRIES, LLC",PRIMELINE INDUSTRIES,Trailer,
73A,25577,RISEN TRAILERS LLC,RISEN TRAILERS LLC,Trailer,
73C,25508,ARIES EV CORPORATION,ARIES EV,Low Speed Vehicle (LSV),UNITED STATES (USA)
73E,25636,CONQUR INDUSTRIES LLC,DOUBLE A TRAILERS,Trailer,UNITED STATES (USA)
73G,25772,MOLDTRON TECHNOLOGIES CORP,DACH,Low Speed Vehicle (LSV),UNITED STATES (USA)
73J,25716,GO CHASSIS INC.,GO CHASSIS,Trailer,UNITED STATES (USA)
73U,25851,EVFMX USA LLC,VANTA,Low Speed Vehicle (LSV),UNITED STATES (USA)
73V,25868,DURAMEX TRAILERS LLC,DURAMEX,Trailer,
73W,25909,VPS INC,VENOM,Low Speed Vehicle (LSV),
7A5,16237,FORD MOTOR COMPANY OF NEW ZEALAND LTD,FORD MOTOR COMPANY OF NEW ZEALAND,Trailer,NEW ZEALAND
7A9005,16191,STEELBRO CONTAINER HANDLING SOLUTIONS,,Trailer,NEW ZEALAND
7A9024,12456,HOSKING TRAILERS LIMITED,,Trailer,NEW ZEALAND
7A9026,11009,UNI-GO NEW ZEALAND LIMITED,,Trailer,NEW ZEALAND
7B9CHG,19743,"ANHUI GUANGTONG AUTOMOBILE MANUFACTURING SHARE CO, LTD",,Low Speed Vehicle (LSV),CHINA
7DL,11202,"DESIGNLINE INTERNATIONAL HOLDINGS, LLC (USA)",DESIGNLINE INTERNATIONAL HOLDINGS,Bus,UNITED STATES (USA)
7F2,13986,"XPO MANUFACTURING, LLC",XPO,Trailer,UNITED STATES (USA)
7F3,9110,BYE RITE TRAILER & FABRICATION INC.,BYE-RITE TRAILER SALES,Trailer,UNITED STATES (USA)
7F5,16157,17 CREEK ENTERPRISES,17 CREEK ENTERPRISES,Trailer,UNITED STATES (USA)
7F6,6040,STELLAR INDUSTRIES INC.,STELLAR INDUSTIES INC.,Trailer,UNITED STATES (USA)
7F7,12045,ARCIMOTO INC.,ARCIMOTO,Motorcycle,UNITED STATES (USA)
7F8,14275,EMPIRE CARGO TRAILERS,EMPIRE CARGO TRAILERS,Trailer,UNITED STATES (USA)
7FA,988,"AMERICAN HONDA MOTOR CO., INC.",HONDA,Multipurpose Passenger Vehicle (MPV),UNITED STATES (USA)
7FB,14420,LEGEND-WIDE TECHNOLOGY INC. D/B/A AERO MOTORS GROUP ( AMG ),AERO MOTORS,Low Speed Vehicle (LSV),UNITED STATES (USA)
7FC,18870,RIVIAN AUTOMOTIVE LLC,RIVIAN,Truck,UNITED STATES (USA)
7FD,15190,DEEP SOUTH CARGO TRAILERS LLC,DEEP SOUTH CARGO TRAILERS LLC,Trailer,UNITED STATES (USA)
7FE,16417,ARCH BUILDERS LLC.,ARCH CARGO TRAILERS,Trailer,UNITED STATES (USA)
7FH,3529,THE TORO COMPANY,THE TORO COMPANY,Trailer,UNITED STATES (USA)
7FJ,7652,"PCI MANUFACTURING, LLC",PCI MANUFACTURING,Trailer,UNITED STATES (USA)
7FK,15143,IMPAC MANUFACTURING INC.,"IMPAC MANUFACTURING, INC",Trailer,UNITED STATES (USA)
7FM,13514,SIERRA MOTOR CORP.,SIERRA MOTOR CORPORATION,Trailer,UNITED STATES (USA)
7FN,1256,"AMERICAN MANUFACTURING OPERATIONS, INC.","AMERICAN MANUFACTURING OPERATIONS, INC.",Trailer,UNITED STATES (USA)
7FR,15899,PEACH CARGO LLC,PEACH CARGO,Trailer,UNITED STATES (USA)
7FS,13979,"GENERAC POWER SYSTEMS, INC.","GENERAC MOBILE PRODUCTS, LLC",Trailer,UNITED STATES (USA)
7FU,16249,SKEETER PRODUCTS INC.,SKEETER PRODUCTS,Trailer,UNITED STATES (USA)
7FW,21077,"STEEL PINES CARGO, LLC","HIGH COUNTRY CARGO, LLC",Trailer,UNITED STATES (USA)
7FY,7578,ANVIL TRAILER LLC,ANVIL TRAILER,Trailer,
7G0,18617,FARADAY&FUTURE INC.,FF,Multipurpose Passenger Vehicle (MPV),UNITED STATES (USA)
7G1,16712,DISCOVERY CARGO TRAILERS INC.,"DISCOVERY CARGO TRAILERS, INC.",Trailer,UNITED STATES (USA)
7G2,955,"TESLA, INC.",TESLA,Truck,UNITED STATES (USA)
7G3,9123,"O'NEAL TRAILERS, LLC",O'NEAL TRAILERS,Trailer,UNITED STATES (USA)
7G5,5256,COLUMBIA NORTHWEST INC,"COLUMBIA NORTHWEST, ALINER, SOMERSET",Trailer,UNITED STATES (USA)
7G6,15862,US SPECIALTY VEHICLES LLC,US SPECIALTY VEHICLES LLC,Multipurpose Passenger Vehicle (MPV),UNITED STATES (USA)
7G7,15913,"IPT, INC.","IPT, INC",Trailer,UNITED STATES (USA)
7G8,15584,SNIDERBUILT TRAILERS,SNIDERBUILT TRAILERS,Trailer,UNITED STATES (USA)
7GA,24921,RIVERCRAFT TRAILERS LLC,RIVERCRAFT,Trailer,UNITED STATES (USA)
7GB,16230,MAHINDRA NORTH AMERICAN TECHNICAL CENTER INCORPORATED,MANA,Truck,UNITED STATES (USA)
7GC,15005,MENTZER CUSTOM TRAILER MANUFACTURING,MCT,Trailer,UNITED STATES (USA)
7GE,16591,"THURO-BILT, INC.","THURO-BILT, INC.",Trailer,UNITED STATES (USA)
7GG,16044,"SALVATION TRAILERS MFG, LLC",SALVATION TRAILERS,Trailer,UNITED STATES (USA)
7GJ,18919,"HISUN MOTORS CORP.,USA","HISUN MOTORS CORP.,USA",Low Speed Vehicle (LSV),UNITED STATES (USA)
7GR,23621,ROGERS WELDING,ROGERS WELDING,Trailer,UNITED STATES (USA)
7GT,16392,ALL STAR SOLUTIONS,ALL STAR SOLUTIONS,Trailer,UNITED STATES (USA)
7GU,16324,BUILT BY KRAMER BBK LLC,BBK,Trailer,UNITED STATES (USA)
7GY,16304,MVM7,"MVM7, LLC",Trailer,UNITED STATES (USA)
7GZ,1028,"INTERNATIONAL MOTORS, LLC",GMC,Incomplete Vehicle,UNITED STATES (USA)
7H0,1492,INTECH TRAILERS INC.,INTECH TRAILERS,Trailer,UNITED STATES (USA)
7H2,17148,"TJCW, INC.",ROCK SOLID CARGO,Trailer,UNITED STATES (USA)
7H4,1056,HINO MOTORS MANUFACTURING U.S.A.,HINO,Truck,UNITED STATES (USA)
7H5,15915,"BNM TRAILER SALES, INC.",BNM TRAILER SALES,Trailer,UNITED STATES (USA)
7H6,16583,"ALLIANCE NORTH AMERICA, INC.","ALLIANCE NORTH AMERICA, INC",Trailer,UNITED STATES (USA)
7H8,13836,CENNTRO AUTOMOTIVE CORPORATION,CENNTRO,Low Speed Vehicle (LSV),UNITED STATES (USA)
7HA,16860,"TEXLINE TRAILERS, LLC","PATRIOT, TEXLINE, STEALTH",Trailer,UNITED STATES (USA)
7HB,7831,AMERICAN HAULER INC,AMERICAN HAULER,Trailer,UNITED STATES (USA)
7HC,19404,"TEXAS PRIDE TRAILERS, LLC DBA U.S. BUILT TRAILERS",TEXAS PRIDE TRAILERS,Trailer,UNITED STATES (USA)
7HE,17050,GEORGIA WHOLESALE TRAILERS,GEORGIA WHOLESALE TRAILERS,Trailer,UNITED STATES (USA)
7HF,16925,"BONTRAGER OUTDOORS, LLC",BRAXTON CREEK,Trailer,UNITED STATES (USA)
7HH,17856,"VLRV, LLC.",VANLEIGH RV,Trailer,UNITED STATES (USA)
7HJ,17145,VISION TRAILER MANUFACTURING LLC,VISIONARY METALS,Trailer,UNITED STATES (USA)
7HK,17553,KANE RATANAMONGKALA-BRAY DBA TK TRAILERS,TK TRAILERS,Trailer,UNITED STATES (USA)
7HL,17653,"3&1 ENTERPRISES, LLC DBA IMPACT TRAILERS","3&1 ENTERPRISES, LLC DBA IMPACT TRAILERS",Trailer,UNITED STATES (USA)
7HM,18242,US TRAILER MANUFACTURING,US TRAILER MANUFACTURING,Trailer,UNITED STATES (USA)
7HN,16534,"GENESIS SUPREME RV, INC.","GENESIS SUPREME RV, INC",Trailer,UNITED STATES (USA)
7HP,16126,GREEN 4 U INC.,GREEN 4 U INC.,Low Speed Vehicle (LSV),UNITED STATES (USA)
7HR,17187,"PRECISION CARGO, LLC",PRECISION,Trailer,UNITED STATES (USA)
7HT,17276,"SF MOTORS, INC.",SF MOTORS INC.,Passenger Car,UNITED STATES (USA)
7HV,18469,"CRITERION TRAILERS, LLC","CRITERION TRAILERS LLC, CRITERION, TRADCO",Trailer,UNITED STATES (USA)
7HW,18864,"VERMEER MV SOLUTIONS, INC.",MCLAUGHLIN,Trailer,UNITED STATES (USA)
7HY,17402,"NWT HOLDINGS, LLC","NWT HOLDINGS, LLC",Trailer,UNITED STATES (USA)
7HZ,17405,PRIMO CORPORATIONS INC,PRIMO TRAILERS,Trailer,UNITED STATES (USA)
7J0,16325,AYRO INC,AUSTIN ELECTRIC,Motorcycle,UNITED STATES (USA)
7J1,17416,"AMPERE ELECTRIC CARS, INC.",AMPERE,Motorcycle,UNITED STATES (USA)
7J2,17747,SMC ACQUISITIONS CORP,SMC TRAILERS,Trailer,UNITED STATES (USA)
7J3,6435,SUNSET PARK & RV INC.,"SUNSET LIBERTY, XPLORER, ELITE, RETRO, GO LITE, SUNRAY, SUN LITE, RUSH, SUNTREK",Trailer,UNITED STATES (USA)
7J5,15828,WHITE RIVER MARINE GROUP LLC,WHITE RIVER MARINE GROUP,Trailer,UNITED STATES (USA)
7J8,17575,"MANLEY METALWORKS,LLC",MANLEY TRAILERS,Trailer,UNITED STATES (USA)
7JA,17544,QUALITY ELECTRICAL SYSTEMS INC,QUALITY ELECTRIC SYSTEMS,Trailer,UNITED STATES (USA)
7JB,21188,U.S. BUILT TRAILERS,U.S. BUILT TRAILERS,Trailer,UNITED STATES (USA)
7JD,1006,"VOLVO CAR USA, LLC",VOLVO,Multipurpose Passenger Vehicle (MPV),UNITED STATES (USA)
7JE,8949,"LUCON, INC.",LUCON,Trailer,UNITED STATES (USA)
7JF,17582,CAPSTONE TRAILERS INC.,CAPSTONE,Trailer,UNITED STATES (USA)
7JJ,17646,EAST-TO-WEST & NORTH-TO-SOUTH INC.,"EAST TO WEST, NORTH TO SOUTH, DELLA TERRA TRAILER",Trailer,UNITED STATES (USA)
7JK,18560,DEEP SOUTH CARGO TRAILERS LLC,DEEP SOUTH CARGO TRAILERS LLC,Trailer,
7JM,19351,TROPOS TECHNOLOGIES INC,"TROPOS MOTORS, TROPOS TECHNOLOGIES INC",Low Speed Vehicle (LSV),UNITED STATES (USA)
7JN,17871,JACKSON'S TRAILERS & WELDING,JACKSON'S TRAILERS,Trailer,UNITED STATES (USA)
7JR,1006,"VOLVO CAR USA, LLC",VOLVO,Passenger Car,UNITED STATES (USA)
7JS,18037,HBT SMOKERS LLC,HBT SMOKERS,Trailer,UNITED STATES (USA)
7JU,16298,"XTREME OUTDOORS, LLC",LIBERTY OUTDOORS,Trailer,UNITED STATES (USA)
7JV,18267,FITZGERALD INDUSTRIES INC.,FITZGERALD INDUSTRIES INC,Trailer,UNITED STATES (USA)
7JW,18266,"AUTONATION CARRIERS, INC",ACI,Trailer,UNITED STATES (USA)
7JY,1636,"RYAN HOWELL MARKETING, LLC",RHM,Trailer,UNITED STATES (USA)
7JZ,1674,"PROTERRA OPERATING COMPANY, INC.",PROTERRA,Bus,UNITED STATES (USA)
7K1,18701,BRIDGEWATER STEEL LLC,BRIDGEWATER STEEL LLC,Trailer,UNITED STATES (USA)
7K2,11917,STEALTH ENTERPRISES LLC,NOMAD TRAILERS,Trailer,UNITED STATES (USA)
7K4,18634,"MAX BUILT TRAILERS, LLC",MAX BUILT,Trailer,UNITED STATES (USA)
7K5,22033,"AMERICAN CARGO GROUP TRAILERS, LLC",HAULMARK,Trailer,UNITED STATES (USA)
7K6,22033,"AMERICAN CARGO GROUP TRAILERS, LLC",WELLS CARGO,Trailer,UNITED STATES (USA)
7K7,19395,"MORAN WELDING, INC.",MORAN WELDING,Trailer,UNITED STATES (USA)
7K8,22033,"AMERICAN CARGO GROUP TRAILERS, LLC",HAULMARK,Trailer,UNITED STATES (USA)
7KA,22033,"AMERICAN CARGO GROUP TRAILERS, LLC",WELLS CARGO,Trailer,UNITED STATES (USA)
7KB,22033,"AMERICAN CARGO GROUP TRAILERS, LLC",HAULMARK,Trailer,UNITED STATES (USA)
7KC,22033,"AMERICAN CARGO GROUP TRAILERS, LLC",WELLS CARGO,Trailer,UNITED STATES (USA)
7KD,22033,"AMERICAN CARGO GROUP TRAILERS, LLC",HAULMARK,Trailer,UNITED STATES (USA)
7KE,22033,"AMERICAN CARGO GROUP TRAILERS, LLC",WELLS CARGO,Trailer,UNITED STATES (USA)
7KF,8901,"MERTZ MANUFACTURING, INC.",MERTZ MANUFACTURING,Trailer,UNITED STATES (USA)
7KG,12126,VANDERHALL MOTOR WORKS INC,VANDERHALL MOTOR WORKS,Motorcycle,UNITED STATES (USA)
7KJ,24861,"FLORIDA TRAILER MANUFACTURING, CORP.",ROCKET TRAILERS,Trailer,
7KL,7136,PRECISION TRAILERS LLC,PRECISION TRAILER,Trailer,UNITED STATES (USA)
7KR,18984,SPARK INTERMODAL EQUIPMENT INC.,SPARK INTERMODAL EQUIPMENT INC.,Trailer,UNITED STATES (USA)
7KS,18843,"DAYBREAK TRADING, LLC","ULTRA, DAYSTAR, BUCK",Trailer,UNITED STATES (USA)
7KU,9388,UNITED ALLOY,"UNITED ALLOY, INC.",Trailer,UNITED STATES (USA)
7KV,22033,"AMERICAN CARGO GROUP TRAILERS, LLC",HAULMARK,Trailer,UNITED STATES (USA)
7KX,15752,CHINOOK MOTOR COACH LLC,CHINOOK,Trailer,UNITED STATES (USA)
7KY,5550,DORSEY TRAILER LLC,DORSEY,Trailer,
7KZ,18941,ZHEJIANG KANDI VEHICLES CO. LTD.,KANDI,Passenger Car,UNITED STATES (USA)
7L0,18897,"SONBUILT TRAILERS, LLC",SONBUILT,Trailer,UNITED STATES (USA)
7L3,8099,"HILL AND SMITH, INC.","HILL AND SMITH, INC.",Trailer,UNITED STATES (USA)
7L5,1084,"FOREST RIVER, INC.",FOREST RIVER,Trailer,UNITED STATES (USA)
7L6,19013,NORTEX TRAILERS,NORTEX TRAILERS,Trailer,UNITED STATES (USA)
7L7,19043,"LVT MANUFACTURING, LLC",LVT,Trailer,UNITED STATES (USA)
7LA,19089,"OLD SCHOOL TRAILERS, LLC",OLD SCHOOL TRAILERS LLC,Trailer,UNITED STATES (USA)
7LB,19080,"RACERS RIG, LLC.",RACERSRIG,Trailer,UNITED STATES (USA)
7LC,19087,"GSK METALWORKS, LLC",GSK,Trailer,UNITED STATES (USA)
7LE,19079,X-ON TRAILERS LLC,X-ON TRAILERS LLC,Trailer,UNITED STATES (USA)
7LF,18913,"GPS TRAILERS, LLC",GPS TRAILERS,Trailer,UNITED STATES (USA)
7LH,19163,COAL MOUNTAIN TRAILERS,COAL MOUNTAIN,Trailer,UNITED STATES (USA)
7LK,19397,HD TRAILER,HD TRAILER,Trailer,UNITED STATES (USA)
7LM,16230,MAHINDRA NORTH AMERICAN TECHNICAL CENTER INCORPORATED,MAHINDRA TRAILER,Trailer,UNITED STATES (USA)
7LN,19317,AMERICAN LIFAN,AMERICAN LIFAN,Low Speed Vehicle (LSV),UNITED STATES (USA)
7LP,2888,MIRAGE TRAILERS LLC,TAILGATER TRAILERS,Trailer,UNITED STATES (USA)
7LR,4787,STROMCO LLC,FRIESEN TRAILERS,Trailer,UNITED STATES (USA)
7LS,19459,VALLEY MANUFACTURING LLC,VALLEY MANUFACTURING LLC,Trailer,UNITED STATES (USA)
7LU,20024,"APPLEQUIST MANUFACTURING, INC.","APPLEQUIST MANUFACTURING, INC.",Trailer,UNITED STATES (USA)
7LV,19510,DE LUCIO USA LLC,DELUCIO USA,Trailer,UNITED STATES (USA)
7LW,19391,LVTONG USA GOLF CARS,ADVANCED EV,Low Speed Vehicle (LSV),UNITED STATES (USA)
7LX,19450,ALFA CARGO LLC,ALFA CARGO LLC,Trailer,UNITED STATES (USA)
7LZ,19473,"DARKHORSE CARGO, INC.",DARKHORSE,Trailer,UNITED STATES (USA)
7M2,15728,BENCHMARK TOOL & MACHINE INC,BENCHMARK TRAILERS,Trailer,UNITED STATES (USA)
7M3,19487,"DAVIDSON TRAILERS, LLC","DAVIDSON TRAILERS, LLC",Trailer,UNITED STATES (USA)
7M4,19528,SMOKIN JOES ENTERPRISE LLC,SJT TRAILERS,Trailer,UNITED STATES (USA)
7M5,19476,"ALLIANCE RV, LLC",ALLIANCE RV,Trailer,UNITED STATES (USA)
7M6,20860,DARPAH LLC,DARPAH LLC,Trailer,
7M7,6181,GENERATION TRAILERS INC,GENESIS TRAILERS INC.,Trailer,UNITED STATES (USA)
7MC,20720,FRANKLIN ELECTRIC CO INC,FRANKLIN ELECTRIC CO INC,Trailer,UNITED STATES (USA)
7MD,19770,WOODIES HUNGRY BEAR MARKET AND RESORT DBA WOODIES TOWING AND TRANSPORT,WOODIES,Trailer,UNITED STATES (USA)
7ME,19655,"ONYX MOTORBIKES, INC.",ONYX MOTORCYCLES,Motorcycle,UNITED STATES (USA)
7MF,19664,RAIL WURX,EVA 406,Low Speed Vehicle (LSV),UNITED STATES (USA)
7MH,19808,"BISON TRAILERS, LLC",BISON TRAILERS,Trailer,UNITED STATES (USA)
7MM,20777,"MAZDA TOYOTA MANUFACTURING, USA, INC.","TOYOTA, MAZDA",Multipurpose Passenger Vehicle (MPV),UNITED STATES (USA)
7MU,20777,"MAZDA TOYOTA MANUFACTURING, USA, INC.",TOYOTA,Multipurpose Passenger Vehicle (MPV),UNITED STATES (USA)
7MV,19797,ELGI COMPRESSORS USA,ROTAIR,Trailer,UNITED STATES (USA)
7MW,13836,CENNTRO AUTOMOTIVE CORPORATION,CENNTRO,Truck,
7MX,19835,"TEX FAB MFG, LLC","TEX FAB MFG, LLC",Trailer,UNITED STATES (USA)
7MZ,11887,"HDK PLASTIC FACTORY, LTD (USA)","HDK ELECTRIC VEHICLES, EVOLUTION, TARA",Low Speed Vehicle (LSV),UNITED STATES (USA)
7N0,19960,BLACK RHINO MANUFACTURING INC.,BLACK RHINO TRAILERS,Trailer,UNITED STATES (USA)
7N1,18357,"K & S FABRICATION, LLC","K & S MANUFACTURING, LLC",Trailer,UNITED STATES (USA)
7N2,19907,BERNIER MOTORS COMPANY,BERNIER TRAILER,Trailer,UNITED STATES (USA)
7N3,9507,"CHUY'S C-5 TRAILER, INC.",CHUY'S C&5 TRAILERS,Trailer,UNITED STATES (USA)
7N4,19919,BULLDOG TRAILERS INC,BULLDOG TRAILERS INC.,Trailer,UNITED STATES (USA)
7N5,20259,LION TRAILERS LLC,LION,Trailer,UNITED STATES (USA)
7N6,19967,"P AND G IMPORTS, LLC",MOTO,Motorcycle,UNITED STATES (USA)
7N7,18861,J&C TRAILERS,J&C,Trailer,UNITED STATES (USA)
7NA,20470,"NAVISTAR DEFENSE, LLC","INTERNATIONAL, ND",Truck,UNITED STATES (USA)
7NB,19421,FAST CARGO LLC,FAST CARGO LLC,Trailer,UNITED STATES (USA)
7NC,19987,TORK TRAILERS LLC,TORK TRAILERS LLC,Trailer,UNITED STATES (USA)
7ND,19983,"RANEWS OUTDOOR EQUIPMENT, INC.",TUFFDUMP,Trailer,UNITED STATES (USA)
7NE,19117,ZIGGY LSV INC. (FORMERLY ZIGGY INC.),ZIGGY,Motorcycle,UNITED STATES (USA)
7NF,20384,LAND ENERGY INC.,LAND,Motorcycle,UNITED STATES (USA)
7NG,20008,"PATRIOT CARGO TRAILERS, LLC",PATRIOT,Trailer,UNITED STATES (USA)
7NH,20107,CYNERGY CARGO2 LLC,CYNERGY CARGO2 LLC,Trailer,UNITED STATES (USA)
7NJ,20208,ROYAL ELECTRIC VEHICLE,ROYAL ELECTRIC VEHICLE,Low Speed Vehicle (LSV),UNITED STATES (USA)
7NK,20016,"ASW, LLC",AMERICAN LANDMASTER,Low Speed Vehicle (LSV),UNITED STATES (USA)
7NN,21974,J & J TRAILER STAR,J&J TRAILER STAR,Trailer,
7NP,19809,RHINO TRAILERS LLC,"RHINO, PRIME CARGO",Trailer,UNITED STATES (USA)
7NR,20129,JUST TRAILERS LLC,"TRAILERS BY PREMIER, JUST TRAILERS LLC",Trailer,UNITED STATES (USA)
7NS,21843,GRANDVIEW SALES,GRANDVIEW,Trailer,
7NU,20244,"TRIPLE R TRAILERS, LLC","RMART, RRR (TRIPLE R)",Trailer,UNITED STATES (USA)
7NV,20175,TEXAS PUSH OFF,TEXAS PUSH OFF,Trailer,UNITED STATES (USA)
7NW,18864,"VERMEER MV SOLUTIONS, INC.",VERMEER MV SOLUTIONS,Trailer,UNITED STATES (USA)
7NX,20113,GENERAL WATER SYSTEMS INC. DBA JT FABRICATION,JT TRAILERS,Trailer,UNITED STATES (USA)
7NY,20250,LORDSTOWN EV CORPORATION,LORDSTOWN,Truck,UNITED STATES (USA)
7NZ,20218,KAAB MFG LLC,KAAB,Trailer,UNITED STATES (USA)
7P0,6329,MASTIFF TRAILERS LLC,MASTIFF TRAILERS,Trailer,UNITED STATES (USA)
7P1,20241,"BACK PORCH HOMES, LLC",BACK PORCH HOMES,Trailer,UNITED STATES (USA)
7P2,20037,"BREMACH, INC.",BREMACH,Multipurpose Passenger Vehicle (MPV),UNITED STATES (USA)
7P3,20310,"EV TRANSPORTATION SERVICES, INC.","DRAGONFLY, FIREFLY",Motorcycle,UNITED STATES (USA)
7P5,20296,"HIGH COUNTRY TRAILER MANUFACTURING, LLC","HIGH COUNTRY TRAILER MANUFACTURING, LLC",Trailer,UNITED STATES (USA)
7P6,19596,HAUL-ABOUT LLC,HAUL-ABOUT,Trailer,UNITED STATES (USA)
7P7,20325,THAM CORPORATION,THAMLEV,Motorcycle,UNITED STATES (USA)
7PA,20322,KL MANUFACTURING LLC,KL MANUFACTURING LLC,Trailer,UNITED STATES (USA)
7PD,18870,RIVIAN AUTOMOTIVE LLC,RIVIAN,Multipurpose Passenger Vehicle (MPV),UNITED STATES (USA)
7PE,20406,ICON TRAILERS LTD,ICON TRAILERS,Trailer,UNITED STATES (USA)
7PF,20336,JANSTEEL USA INC.,JANSTEEL,Trailer,UNITED STATES (USA)
7PH,20438,OBI/CONQUEROR CORPORATION,"COMPAKS, OBI, CONQUEROR, DST",Trailer,UNITED STATES (USA)
7PJ,20411,RIDE ON RIDE OFF TRAILERS LLC,RIDE ON RIDE OFF,Trailer,UNITED STATES (USA)
7PK,19240,SEED CARGO,SEED CARGO,Trailer,UNITED STATES (USA)
7PL,21186,TITANIUM CARGO TRAILERS LLC,TITANIUM CARGO TRAILERS,Trailer,
7PM,19142,"VAR TRAILERS, LLC","VAR TRAILERS, LLC",Trailer,UNITED STATES (USA)
7PN,20498,"ONE FAT FROG, INCORPORATED",FROG,Trailer,UNITED STATES (USA)
7PP,20782,INNOVATIVE SPECIALTIES LLC,INNOVATIVE SPECIALTIES LLC,Trailer,UNITED STATES (USA)
7PT,20517,4L SALES & SERVICES LLC,4L TRAILERS,Trailer,UNITED STATES (USA)
7PU,15780,AERO TRAILERS LLC,AERO TRAILERS,Trailer,UNITED STATES (USA)
7PV,19933,"NATIONCRAFT, LLC",NATIONCRAFT,Trailer,UNITED STATES (USA)
7PW,22694,"HAWKE TRAILERS SC, INC","HAWKE TRAILERS SC, INC",Trailer,
7PX,14936,SATELLITE INDUSTRIES,SATELLITE INDUSTRIES DBA SATELLITE SUITES,Trailer,UNITED STATES (USA)
7PY,20700,BEST ALUMINUM STRIPING EQUIPMENT INC.,BEST ALUMINUM STRIPING EQUIPMENT,Trailer,
7PZ,22631,RBJ TRAILERS INC,GPS TRAILERS,Trailer,UNITED STATES (USA)
7R0,22427,AUTUMNCREST ENTERPRISES LLC,AUTUMNCREST ENTERPRISES LLC,Trailer,
7R2,20604,PAVE MOTORS INC.,PAVE,Motorcycle,
7R3,6099,BINTELLI LLC,BINTELLI,Low Speed Vehicle (LSV),UNITED STATES (USA)
7R4,17011,ICON EV LLC,"ICON EV, PURE, EPIC EV, FX",Low Speed Vehicle (LSV),UNITED STATES (USA)
7R5,21452,DM TRAILERS,DM,Trailer,
7R6,20640,"DYNAMITE TRAILERS, LLC",DYNAMITE,Trailer,UNITED STATES (USA)
7R7,20752,LOAD READY,LOAD READY,Trailer,UNITED STATES (USA)
7R8,20633,4 W FABRICATION LLC,4 W,Trailer,UNITED STATES (USA)
7RA,7908,"QUALITY TRAILERS OHIO, INC.","QUALITY TRAILERS OHIO, INC.",Trailer,UNITED STATES (USA)
7RB,19962,MATERIAL HANDLING OF GA INC,TUFF DAWG,Trailer,UNITED STATES (USA)
7RD,3943,"CONTRACT MANUFACTURER, LLC",ORANGELINE,Trailer,
7RF,20715,RMS TRAILERS LLC,RMS TRAILERS,Trailer,UNITED STATES (USA)
7RG,20655,"AMERICAN MADE CHASSIS, LLC",AMERICAN MADE CHASSIS,Trailer,
7RL,20898,DOLEGA TRAILERS,DOLEGA TRAILERS,Trailer,UNITED STATES (USA)
7RM,18804,"ADVANCED MARINE PERFORMANCE, LLC",VEXUS BOATS,Trailer,UNITED STATES (USA)
7RN,13879,"LAKELAND TRAILERS, INC. OF HILL CITY","LAKELAND TRAILERS, INC. OF HILL CITY",Trailer,UNITED STATES (USA)
7RR,20756,BELLWETHER MANUFACTURING LLC.,BELLWETHER / PREMIER,Trailer,UNITED STATES (USA)
7RS,20799,DIAMOND HAWG MFG,DIAMOND HAWG MFG,Trailer,UNITED STATES (USA)
7RU,16298,"XTREME OUTDOORS, LLC","LITTLE GUY MAX, LITTLE GUY MICRO MAX",Trailer,UNITED STATES (USA)
7RV,20813,EMBER RECREATIONAL VEHICLES,"EMBER RECREATIONAL VEHICLES, INC",Trailer,UNITED STATES (USA)
7RW,20832,ARC LINE MANUFACTURING LLC,ARC LINE MANUFACTURING LLC,Trailer,UNITED STATES (USA)
7RX,12137,"UNITED TRAILERS, LLC",UNITED TRAILERS,Trailer,
7RY,20856,"BAMA BUILT TRAILERS, LLC.",BAMA BUILT TRAILERS,Trailer,
7RZ,20386,"ELECTRIC LAST MILE SOLUTIONS, INC.",ELMS,Truck,
7S0,20892,GYPSI MAE TRAILERS,GYPSI MAE TRAILERS,Trailer,UNITED STATES (USA)
7S1,21309,"PAYLOAD TRAILERS OF WV, INC",PAYLOAD TRAILERS,Trailer,
7S3,20908,"TIGERTX, LLC",TIGERTX,Trailer,UNITED STATES (USA)
7S4,21320,VANDERBILT TRAILERS INC.,VANDERBILT TRAILERS,Trailer,
7S5,20927,BIG BOY TRAILERS,BIG BOY,Trailer,UNITED STATES (USA)
7S6,21903,ABBA TRAILERS LLC,ABBA TRAILERS LLC,Trailer,
7S8,20967,"GOLDEN ARM TRAILERS, LLC","GOLDEN ARM TRAILERS, LLC",Trailer,UNITED STATES (USA)
7SA,955,"TESLA, INC.",TESLA,Multipurpose Passenger Vehicle (MPV),UNITED STATES (USA)
7SC,21043,AKY TRAILERS LLC,AKY,Trailer,UNITED STATES (USA)
7SD,21016,"STRONG ARM TRAILERS, LLC","STRONG ARM TRAILERS, LLC",Trailer,UNITED STATES (USA)
7SE,19708,SEA ELECTRIC LLC,SEA,Incomplete Vehicle,UNITED STATES (USA)
7SF,21483,PINES MANUFACTURING LLC,PINES TRAILERS,Trailer,UNITED STATES (USA)
7SG,17264,APPALACHIAN TRAILERS INC,APPALACHIAN TRAILERS INC.,Trailer,
7SH,21063,WABTEC CORPORATION,WABTEC CORPORATION,Trailer,UNITED STATES (USA)
7SK,21100,"ARGO TRAILERS GA, LLC",ARGO TRAILERS GA,Trailer,
7SL,21081,"ELITE CARGO TRAILERS, LLC",ELITE CARGO TRAILERS,Trailer,UNITED STATES (USA)
7SM,21276,FRUEHAUF INC,FRUEHAUF INC.,Trailer,UNITED STATES (USA)
7SN,21093,FORCE OF GRAVITY LLC,CHILTON TRAILERS,Trailer,UNITED STATES (USA)
7SP,21143,PRATT INTERMODAL CHASSIS LLC,PRATT INTERMODAL CHASSIS LLC,Trailer,
7SR,10325,"WALTON TRAILERS, LLC","WALTON TRAILERS, LLC",Trailer,UNITED STATES (USA)
7SS,9752,"NATIONAL SIGNAL, LLC",NATIONAL SIGNAL,Trailer,UNITED STATES (USA)
7SU,21419,"THE SHYFT GROUP EV SOLUTIONS, LLC",BLUE ARC,Truck,UNITED STATES (USA)
7SV,1090,"TOYOTA MOTOR MANUFACTURING, TEXAS, INC.",TOYOTA,Multipurpose Passenger Vehicle (MPV),UNITED STATES (USA)
7SW,21224,STALLION MANUFACTURING LLC,STALLION MANUFACTURING LLC,Trailer,
7SX,21210,WAEV INC.,"GEM WAEV, FUSION",Low Speed Vehicle (LSV),
7SY,25576,"POLESTAR AUTOMOTIVE USA, INC.",POLESTAR,Multipurpose Passenger Vehicle (MPV),UNITED STATES (USA)
7T0,21592,"BRINKLEY RV, LLC","MODEL Z, MODEL G, MODEL R, MODEL I",Trailer,UNITED STATES (USA)
7T1,21456,BOSS MOTOR INC.,BOSS MOTOR,Motorcycle,UNITED STATES (USA)
7T2,21271,SILVERCAT TRAILER COMPANY LLC,SILVERCAT TRAILER COMPANY LLC,Trailer,
7T3,21343,C & A TRAILERS LLC,C & A TRAILERS LLC,Trailer,
7T4,21231,SJ TRAILERS,SJ,Trailer,
7T6,21286,BARNTS SALES COMPANY LLC,BARNTS SALES COMPANY LLC,Trailer,UNITED STATES (USA)
7T7,21325,COAL REGION TRAILERS,COAL REGION TRAILERS,Trailer,UNITED STATES (USA)
7T8,21337,"UPRISING ENGINEERING USA, LLC",UPRISING ENGINEERING USA,Trailer,
7TB,21350,GORILLA RIDES LLC,GORILLA,Low Speed Vehicle (LSV),UNITED STATES (USA)
7TC,21379,BOSQUE INTEGRITY FABRICATION LLC,ROAD DOG,Trailer,
7TD,21346,TRUE BLUE TRAILERS LLC,TRUE BLUE TRAILERS,Trailer,
7TE,17545,DURABULL TRAILERS LLC,DURABULL TRAILERS,Trailer,
7TF,21147,LION ELECTRIC MANUFACTURING USA INC.,LION ELECTRIC MANUFACTURING USA INC.,Bus,UNITED STATES (USA)
7TG,21147,LION ELECTRIC MANUFACTURING USA INC.,LION ELECTRIC MANUFACTURING USA INC.,Truck,UNITED STATES (USA)
7TH,21147,LION ELECTRIC MANUFACTURING USA INC.,LION ELECTRIC MANUFACTURING USA INC.,Incomplete Vehicle,UNITED STATES (USA)
7TJ,21534,"PROFORM TRAILERS, INC","PROFORM TRAILERS, INC.",Trailer,
7TK,21390,GIDDY UP USA MFG LLC,GIDDY UP,Trailer,UNITED STATES (USA)
7TL,21466,ELITE ELECTRIC VEHICLES LLC,ELITE ELECTRIC VEHICLE,Low Speed Vehicle (LSV),UNITED STATES (USA)
7TN,21937,CANOO TECHNOLOGIES INC.,CANOO,Multipurpose Passenger Vehicle (MPV),
7TP,21446,METALCRAFT OF MAYVILLE INC.,"SCAG POWER EQUIPMENT, METALCRAFT OF MAYVILLE",Trailer,UNITED STATES (USA)
7TS,8103,PREMIER TRAILER MANUFACTURING INC.,"PREMIER TRAILER MANUFACTURING, INC.",Trailer,UNITED STATES (USA)
7TT,21521,GOODGUYS TRAILERS,GOODGUYS TRAILERS LLC,Trailer,
7TU,22564,"MOKE ASSEMBLY, LLC",MOKE,Low Speed Vehicle (LSV),
7TV,19897,TOP TIER TRAILERS,TOP TIER TRAILERS,Trailer,
7TX,18790,MOUNTAIN TRADES LLC,"OZARK TRAILER SALES, RIDGELINE",Trailer,UNITED STATES (USA)
7TY,21565,FWMOTO INC.,"FLY E-BIKE, FWMOTO, GOFLY",Motorcycle,UNITED STATES (USA)
7TZ,22280,"BOLLINGER INNOVATIONS, INC.",MULLEN AUTOMOTIVE INC.,Truck,UNITED STATES (USA)
7U0,19701,"DOUGLAS TRAILERS, INC.",DOUGLAS TRAILERS INC,Trailer,UNITED STATES (USA)
7U1,19911,J & C SUPPLIERS,J & C SUPPLIERS,Trailer,
7U3,21650,"ELECTRIC BIKE COMPANY, LLC",EBC,Motorcycle,
7U4,19923,"NOLAN MANUFACTURING, LLC",NOLAN,Trailer,UNITED STATES (USA)
7U5,21709,GOLF CARTS PLUS LLC,ECO-CART,Low Speed Vehicle (LSV),UNITED STATES (USA)
7U7,6571,"VIA MOTORS, INC.","VIA MOTORS, INC.",Truck,
7U8,21740,IRON STAR MANUFACTURING INC.,IRON STAR,Trailer,
7UA,21687,RANDON NORTH AMERICA LLC,RANDON NORTH AMERICA LLC,Trailer,
7UB,21663,BLAZER WELDING AND TRAILERS LLC,BLAZER,Trailer,UNITED STATES (USA)
7UC,20213,"SC AUTOSPORTS, LLC",KANDI,Low Speed Vehicle (LSV),
7UD,1650,OREION MOTORS LLC,OREION MOTORS,Trailer,UNITED STATES (USA)
7UE,21729,ALL WORLD TRAILERS LLC,ALL WORLD TRAILERS LLC,Trailer,
7UF,25166,FITZGERALD TRAILERS,FITZGERALD,Trailer,
7UG,21706,NATIONAL TRAILER MANUFACTURING,NATIONAL TRAILER MANUFACTURING,Trailer,UNITED STATES (USA)
7UJ,21746,RYVID INC,RYVID,Motorcycle,
7UK,18989,"XOS, INC.",XOS,Truck,UNITED STATES (USA)
7UL,24009,"BARRETT TRAILERS, LLC",CURRAHEE TRAILERS,Trailer,UNITED STATES (USA)
7UM,21793,GRANITE INDUSTRIES,GRANITE INDUSTRIES,Trailer,UNITED STATES (USA)
7UN,21648,"BANDIT TRAILERS, LLC","BANDIT TRAILERS, LLC",Trailer,UNITED STATES (USA)
7US,21565,FWMOTO INC.,FLY E-BIKE,Low Speed Vehicle (LSV),
7UT,21904,BOSQUE INTEGRITY FABRICATION LLC D/B/A CELLTECH TRAILERS,CELLTECH,Trailer,UNITED STATES (USA)
7UU,15526,"LUCID USA, INC.",LUCID,Multipurpose Passenger Vehicle (MPV),UNITED STATES (USA)
7UV,22016,RAWRR INC.,RAWRR,Motorcycle,UNITED STATES (USA)
7UW,21810,HIMOINSA POWER SYSTEMS,HIPOWER SYSTEMS,Trailer,UNITED STATES (USA)
7UX,20025,"LACOSTA TRAILERS, LLC","LACOSTA TRAILERS, LLC",Trailer,
7UY,22656,HTC GROUP LIMITED,"HTC GROUP LIMITED, YACHT CLUB, SPORT HAVEN, SHORE HAVEN, HTC TRAILERS, SPORT CLUB",Trailer,
7UZ,21911,"KAUFMAN TRAILERS GROUP, LLC","KAUFMAN TRAILERS GROUP, LLC",Trailer,
7V0,22033,"AMERICAN CARGO GROUP TRAILERS, LLC","AMERICAN HAULER, HAULMARK, WELLS CARGO",Trailer,
7V1,22346,COAST 2 COAST,COAST 2 COAST,Trailer,
7V2,21971,PHOENIX BUILDING SOLUTIONS,PHOENIX BUILDING SOLUTIONS,Trailer,UNITED STATES (USA)
7V3,21316,CART PART PROS,KODIAK EV,Low Speed Vehicle (LSV),
7V4,20483,HT TRAILERS LLC,HT,Trailer,UNITED STATES (USA)
7V5,22024,"TRIME US, INC.","TRIME US, INC.",Trailer,
7V8,22183,OUTLAW TRAILERS SALES LLC,OUTLAW TRAILERS SALES,Trailer,UNITED STATES (USA)
7VA,22103,"FLEX TRAILERS, INC.","AIR-TOW TRAILERS, ARCTIC BLAST",Trailer,
7VB,6571,"VIA MOTORS, INC.","VIA MOTORS, INC.",Incomplete Vehicle,
7VC,22113,TRUXCO TRAILERS,TRUXCO,Trailer,
7VD,22104,TOWYO L.L.C,TOWYO,Trailer,UNITED STATES (USA)
7VE,22136,BAKERSFIELD ONE STOP SERVICE,PARTNER,Trailer,UNITED STATES (USA)
7VG,15165,EXTREME TRAILERS LLC,EXTREME TRAILERS LLC,Trailer,UNITED STATES (USA)
7VH,22226,EDGE-EV,EDGE-EV,Low Speed Vehicle (LSV),
7VJ,22237,LINX LLC,LINX,Trailer,UNITED STATES (USA)
7VL,16251,M. B. BOWEN COMPANY LLC,M.B. BOWEN COMPANY LLC,Trailer,UNITED STATES (USA)
7VM,22269,SOUTHSIDE LIVESTOCK EQUIPMENT INC.,MJM,Trailer,UNITED STATES (USA)
7VN,22110,HONOR LSV,HONOR LSV,Low Speed Vehicle (LSV),UNITED STATES (USA)
7VS,22174,LEGION ELECTRIC VEHICLES LLC,LEGION ELECTRIC VEHICLES,Low Speed Vehicle (LSV),
7VU,22280,"BOLLINGER INNOVATIONS, INC.",MULLEN AUTOMOTIVE INC.,Incomplete Vehicle,UNITED STATES (USA)
7VV,22940,REE AUTOMOTIVE USA INC.,REE,Incomplete Vehicle,
7VW,22334,"PRS HOLDINGS, LLC.","PRS HOLDINGS, LLC. DBA RHINO TRAILERS",Trailer,
7VY,19940,"UBCO BIKES US, LLC",UBCO,Motorcycle,
7VZ,22363,KERS USA INC,"KERS, KERS WEE, VEECO",Motorcycle,
7W0,22363,KERS USA INC,"KERS, KERS WEE, VEECO",Low Speed Vehicle (LSV),
7W1,22265,OFFROAD CAMPERS LLC,OFFROAD CAMPERS LLC,Trailer,UNITED STATES (USA)
7W2,22365,ADVENTURE MANUFACTURING LLC,ADVENTURE,Low Speed Vehicle (LSV),UNITED STATES (USA)
7W4,12016,"KWIK EQUIPMENT SALES, LLC",KWIK EQUIPMENT SALES,Trailer,
7W7,22377,TEEMAK POWER CORPORATION,TEEMAK,Low Speed Vehicle (LSV),UNITED STATES (USA)
7W8,22384,ACTIVEV LLC,ACTIVEV LLC,Low Speed Vehicle (LSV),
7WA,22938,SCOUT MOTORS INC.,SCOUT,Multipurpose Passenger Vehicle (MPV),UNITED STATES (USA)
7WB,22419,VANDERHALL NORTH AMERICA LLC,VANDERHALL NORTH AMERICA LLC,Motorcycle,
7WC,21219,"BOXABL, INC",BOXABL INC.,Trailer,UNITED STATES (USA)
7WD,22614,IRON BULL CARTS LLC,IRON BULL,Low Speed Vehicle (LSV),UNITED STATES (USA)
7WE,16201,"BOLLINGER MOTORS, INC.","BOLLINGER MOTORS, INC.",Incomplete Vehicle,
7WF,22447,SCORPION TRAILERS LLC,SCORPION TRAILERS,Trailer,
7WG,23006,FUEL HOG TRAILERS LLC,FUEL HOG TRAILERS LLC,Trailer,
7WH,22257,PALADIN MOTORS,PALADIN MOTORS,Trailer,UNITED STATES (USA)
7WJ,22469,SUNDAY CARTS LLC,SUNDAY CARTS LLC,Low Speed Vehicle (LSV),
7WK,22468,LEAF ENERGY INC,LEAF ENERGY,Motorcycle,
7WL,22256,TRAIL MAXX TRAILER SALES LLC,TRAIL MAXX,Trailer,
7WR,22524,"NIVEL PARTS & MANUFACTURING CO., LLC",MADJAX,Low Speed Vehicle (LSV),
7WS,22608,VEXAS CORP.,ATLAS (VEXAS CORP.),Low Speed Vehicle (LSV),
7WT,21937,CANOO TECHNOLOGIES INC.,CANOO,Truck,UNITED STATES (USA)
7WW,23574,SOLAR MOTORS INC,SOLAR MOTORS INC.,Motorcycle,
7WX,22649,NOVA LOGIX LLC,NOVA LOGIX,Trailer,UNITED STATES (USA)
7WZ,23133,MOTA MOTOR LLC,MOTA,Motorcycle,UNITED STATES (USA)
7X0,22672,ALL OUT CUSTOM TRAILERS AND FABRICATION LLC,ALL OUT CUSTOM TRAILERS & FABRICATION,Trailer,
7X1,22710,"WALTON TRANSPORTATION, LLC",WALTON TRAILERS,Trailer,UNITED STATES (USA)
7X4,22828,BOSQUE INTEGRITY FABRICATION LLC D/B/A STANLEY TRAILERS,STANLEY TRAILERS,Trailer,
7X6,6815,"VALLEY TRAILERS DIVISION OF CREATIVE FAB & WELDING, LLC",VALLEY TRAILERS,Trailer,UNITED STATES (USA)
7X7,22851,MERHOW OKLAHOMA LLC,BAR M TRAILERS,Trailer,
7X8,22905,HILLCREST TRAILERS LLC,HILLCREST TRAILERS,Trailer,UNITED STATES (USA)
7XA,24042,DP PLATINUM STAR TRAILERS,PLATINUMSTAR,Trailer,UNITED STATES (USA)
7XB,23011,DENAGO EV CORPORATION,DENAGO EV,Low Speed Vehicle (LSV),UNITED STATES (USA)
7XC,10650,THE TICO MANUFACTURING DIVISION OF TERMINAL,TICO MANUFACTURING DIVISION,Truck,
7XD,22935,DIABLO ELECTRIC VEHICLES,"DIABLO, SCORPION RIDES, MICO CARTS, KK CARTS, VALOR CARTS, GG CART",Low Speed Vehicle (LSV),UNITED STATES (USA)
7XE,18510,VER-MAC INC.,VER-MAC INC.,Trailer,
7XF,21517,ENCORE RV LLC,"ROG/VENU, REVUE, ROG, VENU",Trailer,
7XG,22985,"SILVERBACK TRAILERS, LLC",SILVERBACK,Trailer,UNITED STATES (USA)
7XH,22983,BLACK HAWK TRAILER CORPORATION,BLACK HAWK TRAILER CORPORATION,Trailer,
7XJ,23018,BUILT MANUFACTURING LLC,BUILT TRAILERS,Trailer,
7XK,22999,BOOM INTERNATIONAL HOLDINGS (USA) INC.,BOOM,Motorcycle,UNITED STATES (USA)
7XL,21951,CELLTECH TRAILERS LLC,CELLTECH TRAILERS,Trailer,
7XM,8027,PRATT INDUSTRIES (US) LLC,PRATT INDUSTRIES,Trailer,
7XP,20213,"SC AUTOSPORTS, LLC",SC AUTOSPORTS,Trailer,
7XU,23165,GHOSTEV CORPORATION,GHOSTEV,Low Speed Vehicle (LSV),UNITED STATES (USA)
7XV,23150,"STANLEY TRAILERS, LLC",STANLEY TRAILERS,Trailer,UNITED STATES (USA)
7XW,23154,SAUTTIS LLC,SAUTTIS LLC,Trailer,
7XX,23149,CELLTECH CARGO LLC,CELLTECH TRAILERS,Trailer,
7XY,23174,C AND R LLC,C AND R,Trailer,UNITED STATES (USA)
7XZ,22962,SIERRA LSV LLC,SIERRA LSV,Low Speed Vehicle (LSV),
7Y0,23181,JMA WELDING TRAILERS LLC,JMA TRAILERS,Trailer,UNITED STATES (USA)
7Y1,23009,F&F FABRICATION AND TRAILERS LLC,"F&F, F&FHD",Trailer,
7Y2,23204,IRON HITCH TRAILERS INC,IRON HITCH TRAILERS,Trailer,UNITED STATES (USA)
7Y3,23224,NUENERGY CORPORATION,NUENERGY,Bus,UNITED STATES (USA)
7Y4,23223,LSV FIX LLC,STARFIRE,Low Speed Vehicle (LSV),UNITED STATES (USA)
7Y5,23222,IRONWOLF TRAILERS,IRONWOLF TRAILERS,Trailer,UNITED STATES (USA)
7Y6,23295,PLASTIC DEVELOPMENT GROUP LLC.,"PDG, GREYSON, BOCA EV",Low Speed Vehicle (LSV),UNITED STATES (USA)
7Y8,23277,HERITAGE TRAILERS LLC,HERITAGE CUSTOM TRAILERS,Trailer,
7YA,23314,HYUNDAI MOTOR GROUP METAPLANT AMERICA,"HYUNDAI, KIA",Multipurpose Passenger Vehicle (MPV),
7YD,23299,"THE DUMP TRAILER COMPANY, LLC","THE DUMP TRAILER COMPANY, LLC",Trailer,
7YE,23304,BREEZY EV LLC,"BREEZY, BREEZY EV LLC / SHELBY",Low Speed Vehicle (LSV),UNITED STATES (USA)
7YF,23353,ULV LLC.,ULV,Low Speed Vehicle (LSV),UNITED STATES (USA)
7YG,23358,AW CUSTOM TRAILERS LLC,AW CUSTOM TRAILER’S LLC,Trailer,
7YK,23336,A&M TRAILER LLC,A&M TRAILER LLC,Trailer,
7YL,7843,BRAVO TRAILERS LLC,HERO TRAILERS,Trailer,
7YP,23436,LIBERTY TRAILERS LLC,LIBERTY TRAILERS LLC,Trailer,
7YS,23430,PRATT UTILITY TRAILERS,PRATT UTILITY TRAILERS,Trailer,
7YT,23434,WINK MOTORS INC.,"WINK MOTORS INC, SPROUT MOTORS INC, DUMPLING MOTORS INC, HIPPO MOTORS INC",Low Speed Vehicle (LSV),UNITED STATES (USA)
7YU,23461,TOMAHAWK TRAILERS LLC,TOMAHAWK TRAILERS,Trailer,UNITED STATES (USA)
7YW,23664,HOOK & LINE CARGO LLC,HOOK & LINE CARGO LLC,Trailer,
7YX,23572,TRUELINE INC,TRUELINE,Trailer,UNITED STATES (USA)
7YY,24360,TARA ELECTRIC VEHICLES CORP,TARA,Low Speed Vehicle (LSV),UNITED STATES (USA)
7YZ,23782,"PEBBLE MOBILITY, INC.",PEBBLE FLOW,Trailer,UNITED STATES (USA)
7Z0,17629,"ZOOX, INC.",ZOOX,Passenger Car,
7Z1,16925,"BONTRAGER OUTDOORS, LLC","SKINNY GUY CAMPERS, BONTRAGER OUTDOORS, TIMBREN X",Trailer,
7Z2,23994,SIVO EV,SIVO,Low Speed Vehicle (LSV),UNITED STATES (USA)
7Z3,23628,SEVIC INC.,SEVIC,Low Speed Vehicle (LSV),
7Z6,23647,MERTZ INTEGRATION LLC,MERTZ INTEGRATION,Trailer,UNITED STATES (USA)
7Z8,23736,ZO MOTORS NORTH AMERICA LLC,ZM TRUCKS,Truck,
7ZA,23773,"ZROX EV, INC.","ZROX EV, INC.",Low Speed Vehicle (LSV),
7ZB,23683,"KING TRAILERS, LLC","KING TRAILERS, LLC",Trailer,UNITED STATES (USA)
7ZC,23658,HIGH TIDE TRAILERS LLC,HIGH TIDE TRAILERS,Trailer,
7ZD,13836,CENNTRO AUTOMOTIVE CORPORATION,CENNTRO,Incomplete Vehicle,UNITED STATES (USA)
7ZF,23779,HITCH-POINT TRAILERS,HITCH-POINT TRAILERS,Trailer,
7ZJ,22228,"MEYERS MANX, LLC",MEYERS MANX,Low Speed Vehicle (LSV),UNITED STATES (USA)
7ZK,19475,"STAINLESS TANK AND EQUIPMENT, LLC",STE,Trailer,UNITED STATES (USA)
7ZL,23858,"TERBERG TAYLOR AMERICAS, LLC",TERBERG TAYLOR,Truck,UNITED STATES (USA)
7ZM,23863,"NATIVE TRAILERS, LLC",NATIVE TRAILERS,Trailer,UNITED STATES (USA)
7ZN,21957,HARBINGER MOTORS INC.,HARBINGER,Incomplete Vehicle,UNITED STATES (USA)
7ZP,23866,COMPASS MARINE TRAILERS,COMPASS,Trailer,
7ZR,23886,STANDARD IRON & WIRE WORKS LLC,STANDARD IRON,Incomplete Vehicle,
7ZS,23868,TTS TRAILERS INC,TTS TRAILERS,Trailer,UNITED STATES (USA)
7ZT,23885,DCD VEHICLE CORP,DACH,Low Speed Vehicle (LSV),UNITED STATES (USA)
7ZV,24679,REN ZHONG MOTOR INC,LIYA,Motorcycle,UNITED STATES (USA)
7ZW,23914,CABASE LLC,COALA,Low Speed Vehicle (LSV),UNITED STATES (USA)
7ZX,24070,SERVICE SPECIALTIES OF ELKHART IN,LIFTCO(SERVICE SPECIALTIES OF ELKHART IN),Trailer,
7ZY,22465,"CARGO UNITED,LLC","CARGO UNITED, LLC",Trailer,
7ZZ,4571,"BEALL MANUFACTURING, INC.",BEALL,Trailer,UNITED STATES (USA)
849001,19216,THE VINTAGE COMPANY S.A.,,Passenger Car,COSTA RICA
869001,16480,FAJUMES SA DE CV,,Trailer,EL SALVADOR
8A6,8994,ZANELLA HNOS Y CIA SA,ZANELLA,Motorcycle,ARGENTINA
8A90ME,7076,QM EQUIPMENT S.A.,,Trailer,ARGENTINA
8A9MAC,20798,SUDAMERICANTRAIL SOCIEDAD ANONIMA,,Trailer,ARGENTINA
8BN,964,"MERCEDES-BENZ USA, LLC (SPRINTER)",MERCEDES-BENZ,Incomplete Vehicle,ARGENTINA
8BR,964,"MERCEDES-BENZ USA, LLC (SPRINTER)",MERCEDES-BENZ,Bus,ARGENTINA
8BT,964,"MERCEDES-BENZ USA, LLC (SPRINTER)",MERCEDES-BENZ,Multipurpose Passenger Vehicle (MPV),ARGENTINA
8BU,964,"MERCEDES-BENZ USA, LLC (SPRINTER)",MERCEDES-BENZ,Truck,ARGENTINA
8C9287,10256,HEIL TRAILER INTERNACIONAL S.A.,,Trailer,ARGENTINA
8X9001,17053,FERNANDO RIVERA & ASSOCIATES,,Trailer,UNITED STATES (USA)
8X9002,17126,REMOLQUES AGAMAR C.A.,,Trailer,VENEZUELA
932,14971,HARLEY-DAVIDSON DO BRASIL LTDA,HARLEY-DAVIDSON,Motorcycle,BRAZIL
93M,1055,INTERNATIONAL TRUCK AND ENGINE CORPORATION,"NAVISTAR, CATERPILLAR, IC BUS, WORKHORSE, INTERNATIONAL",Truck,BRAZIL
93S,1055,INTERNATIONAL TRUCK AND ENGINE CORPORATION,"NAVISTAR, CATERPILLAR, IC BUS, WORKHORSE, INTERNATIONAL",Truck,BRAZIL
93V,1055,INTERNATIONAL TRUCK AND ENGINE CORPORATION,"NAVISTAR, CATERPILLAR, IC BUS, WORKHORSE, INTERNATIONAL",Bus,BRAZIL
94M,1166,BUSSCAR ONIBUS S.A.,BUSSCAR,Bus,BRAZIL
95Z,961,BUELL MOTORCYCLE CO.,"BUELL (EBR), BUELL",Motorcycle,UNITED STATES (USA)
9790Y6,24571,MGK SOLUCOES INDUSTRIAIS PARA CALDEIRARIA LTDA,,Trailer,
97N,1131,TRIUMPH MOTORCYCLES (AMERICA) LIMITED,TRIUMPH,Motorcycle,BRAZIL
99L,23860,BYD DO BRASIL LTDA,RIDE,Bus,BRAZIL
9AD,21607,RANDON S.A IMPLEMENTOS E PARTICIPAÇÕES,RANDON,Trailer,
9BF,16225,FORD MOTOR COMPANY BRASIL LTDA.,FORD,Truck,BRAZIL
9BV,15887,VOLVO DO BRASIL VEICULOS LTDA,VOLVO,Truck,BRAZIL
9BW,1147,"VOLKSWAGEN GROUP OF AMERICA, INC.",VOLKSWAGEN,Passenger Car,MEXICO
9C2,14782,MOTO HONDA DA AMAZONIA LTDA.,HONDA,Motorcycle,BRAZIL
9C6,1130,YAMAHA MOTOR CORPORATION,YAMAHA,Motorcycle,
9DB,15880,MERCEDES-BENZ TRUCK COMPANY INC,MERCEDES-BENZ,Truck,BRAZIL
9F5,22065,ROMARCO S.A.S.,ROMARCO,Trailer,COLOMBIA
9F9046,22768,TRACTEC SAS BIC,,Trailer,COLOMBIA
9F9090,22805,BISON TRUCKS S.A.S.,,Trailer,
9F9371,15938,LCH COLOMBIA SAS,,Trailer,COLOMBIA
9UA,17186,DECELESTE SA,DECELESTE SA,Motorcycle,URUGUAY
9UH,9290,RTM GROUP INC.,RTM GROUP,Motorcycle,URUGUAY
9VB,21196,NAIDA MOROSOLES NOELIA FERNANDA Y BLANCO SCHIERLING JOSE IGNACIO,BEWAY BRAND,Trailer,
9VD,22860,GREENSTAR VEHICULOS ELECTRICOS S.R.L.,KITE,Motorcycle,URUGUAY
A2B,11591,"USA MOTORTOYS, LLC",USA MOTORTOYS,Off-Road Vehicle,UNITED STATES (USA)
A4Z,8947,"ZERO MOTORCYCLES, INC.",ZERO MOTORCYCLES,Motorcycle,UNITED STATES (USA)
A5L,10019,ACTIVMO AUTO INC.,ACTIVMO AUTO,Motorcycle,UNITED STATES (USA)
A5T,13388,JINHUA REGARD MANUFACTURING COMPANY USA,JINHUA REGARD MANUFACTURING COMPANY USA,Motorcycle,CHINA
A6A,25315,ALTIS POWERSPORTS INC,ALTIS,Off-Road Vehicle,UNITED STATES (USA)
A6H,18919,"HISUN MOTORS CORP.,USA","AXIS, VECTOR, BAD BOY, HISUN",Off-Road Vehicle,UNITED STATES (USA)
A8M,16015,MASSIMO MOTOR SPORTS LLC,MASSIMO MOTOR SPORTS,Off-Road Vehicle,UNITED STATES (USA)
AA9001,11994,ECHO ACCESSORIES CC,,Trailer,SOUTH AFRICA
AA9HN1,11287,DESERT WOLF (PTY) LTD.,,Trailer,UNITED STATES (USA)
AA9KY1,15066,CONQUEROR MANUFACTURERS (PTY) LTD,,Trailer,SOUTH AFRICA
AAH,22937,ROUTE MANAGEMENT (PTY) LTD,HENRED FRUEHAUF,Trailer,SOUTH AFRICA
AAW,14250,CHALLENGER TRAILERS PTY LTD,CHALLENGER TRAILER,Trailer,SOUTH AFRICA
ABT,6986,DIAMOND CITY TRAILER,,Trailer,UNITED STATES (USA)
ABV,15076,VENTER MANUFACTURING (PTY) LTD,VENTER,Trailer,SOUTH AFRICA
ADC,11994,ECHO ACCESSORIES CC,ECHO ACCESSORIES,Trailer,SOUTH AFRICA
ADM,984,GENERAL MOTORS LLC,HUMMER,Multipurpose Passenger Vehicle (MPV),SOUTH AFRICA
AE9MT1,19939,TR-TEC (PTY) LTD.,,Passenger Car,SOUTH AFRICA
AF9EJ1,4633,BUSHWAKKA AFRICA CC,,Trailer,SOUTH AFRICA
AF9FG1,17641,KEVIN MC ARDLE,,Trailer,SOUTH AFRICA
AF9SZ2,19898,BUSH LAPA OFFROAD CARAVANS (PTY) LTD.,,Trailer,SOUTH AFRICA
AF9TA2,19479,CALCULUS PRODUCTS (PTY) LTD,,Trailer,SOUTH AFRICA
AFV,5443,FREIGHTLINER  CORPORATION,FREIGHTLINER,Truck,SOUTH AFRICA
AG2,23571,"GLV, LLC","GLV, LLC",Trailer,
AT5,22638,TUT CORPORATION,TUT,Off-Road Vehicle,UNITED STATES (USA)
BCA,13409,BREWER COTE SOUTHWEST,BREWER COTE SOUTHWEST,Trailer,UNITED STATES (USA)
CBC,9264,CAROLINA BOATS & CARS,CAROLINA BOATS & CARS,Trailer,UNITED STATES (USA)
H09ACC,24255,"ATLAS COPCO (WUXI) COMPRESSOR CO., LTD.",,Trailer,CHINA
H09DLL,24949,"HENAN OULEAD TRAILER MANUFACTURING CO., LTD.",,Trailer,CHINA
H09FMX,25175,"JIANGSU FMX ELECTRIC VEHICLE CO.,LTD",,Low Speed Vehicle (LSV),CHINA
H09HHC,25597,"HEBEI HUACHEN MACHINERY MANUFACTURING CO., LTD",,Trailer,
H09KPL,25205,"SHANDONG KEPLER VEHICLE MANUFACTURING CO., LTD",,Low Speed Vehicle (LSV),
H09MT0,24735,"SHANDONG MINGTAI MODULAR INTEGRATED HOUSING CO., LTD.",,Trailer,CHINA
H09PLE,23917,"POWERLINK ENERGY SH CO.,LTD",,Trailer,CHINA
H09RLC,23615,"NANTONG RELIANCE MACHINERY MANUFACTURING TECHNOLOGY CO., LTD.",,Trailer,CHINA
H09SAT,22049,"SHANDONG ANTE SPECIAL VEHICLES MANUFACTURING CO.,LTD",,Trailer,
H09SHT,24643,SHANDONG HIGHTOP GROUP,,Low Speed Vehicle (LSV),CHINA
H09SKJ,23964,"SHANDONG KANGJIE INTELLIGENT TECHNOLOGY CO,.LTD",,Trailer,CHINA
H09SLJ,24492,"SHANDONG LIJING MACHINERY EQUIPMENT CO., LTD",,Trailer,CHINA
H09SRD,25703,"HENAN SIRISTAR INTELLIGENT TECHNOLOGY CO., LTD",,Trailer,CHINA
H09WNZ,25348,"QINGDAO SNAIL SPECIAL VEHICLE CO.,LTD",,Trailer,CHINA
H09WXY,25226,"WEIFANG NEWWIN CATERING EQUIPMENT CO.,LTD",,Trailer,CHINA
H09YGJ,25408,"HENAN YUGONG MACHINERY MANUFACTURING CO., LTD",,Trailer,CHINA
H09YZM,24228,"SHANDONG YANZHIMEI IMPORT AND EXPORT CO., LTD. ZIBO BRANCH",,Trailer,CHINA
H0D,20511,"TAIZHOU QIANXIN VEHICLE CO,.LTD.","LIEFAN, ANLIE, FENGYUAN",Motorcycle,CHINA
H0J,22835,"SHANDONG ODES INDUSTRY CO.,LTD.",AODES,Off-Road Vehicle,CHINA
H0L,23308,"CHANGZHOU YU AN ALUMINUM WHEEL CO., LTD.",YU AN,Trailer,CHINA
H0N,22827,OPTRAFFIC CO.LTD,OPTRAFFIC,Trailer,CHINA
H0R,24469,"ZHEJIANG UNIVERSAL MACHINERY CO., LTD",UNIV,Trailer,CHINA
H0U,21407,"ZHEJIANG VALIANT POWER TECHNOLOGY CO., LTD.",VALIANT,Trailer,CHINA
H1D,25041,"YANGZHOU WHANLONG ELECTRIC VEHICLES CO., LTD",WHANLONG,Low Speed Vehicle (LSV),CHINA
H1M,22867,"GREENMAN ELECTRIC VEHICLES CO, LTD",ELI,Low Speed Vehicle (LSV),CHINA
H1N,22879,"QINGDAO ROAD ON OUTDOOR PRODUCTS CO., LTD",ALLROAD,Trailer,CHINA
H2D,22844,"WUXI SANRAIN VEHICLE TECH CO.,LTD.","RAWATRON, XIANGYU, AVENTURA-X, ZERAENERGY, LUYING",Motorcycle,CHINA
H2E,22945,"TAIZHOU BOSHENG LOCOMOTIVE TECHNOLOGY CO.,LTD",BOSHENG,Low Speed Vehicle (LSV),
H2H,23948,"CHONGQING NICOT MOTORSPORTS CO., LTD",NICOT,Motorcycle,CHINA
H2N,23515,"HENAN CREATE MACHINERY CO., LTD",ETOFOODCARTS,Trailer,CHINA
H2U,23724,"JINHUA BETTER TRAILER MANUFACTURING CO., LTD","TOOL TRAILER USA (JINHUA BETTER TRAILER MANUFACTURING CO., LTD)",Trailer,
H2W,23809,"NINGBO ENGINEERING TECHNOLOGY CO., LTD.",E RIDE PRO,Motorcycle,CHINA
H3A,23553,"SHANDONG TIANZONG FOOD TRUCK CO., LTD",TIANZONG,Trailer,CHINA
H3B,23420,"WEIFANG DREAM FLY INTELLIGENT TECHNOLOGY CO., LTD.","HUMMINGBIRD, DREAM FLY",Trailer,CHINA
H3Y,24509,"LUOYANG NORTH DAHE THREE-WHEELED MOTORCYCLE CO., LTD","DAHE, 79BIKE, TITAONE, Y-VOLT",Motorcycle,CHINA
H7K,25523,TAILG SCIENCE AND TECHNOLOGY INC. LTD.,TAILG,Motorcycle,
H7L,24549,"WUQIQU AUTO INDUSTRY (ZIBO) CO., LTD",DAVINCI,Motorcycle,CHINA
H7Y,23467,"ZHEJIANG LEQI VEHICLE CO.,LTD",GUANG CHUAN,Motorcycle,CHINA
H84,22594,"HANGZHOU SATURN POWER TECHNOLOGY CO., LTD.",BENDA,Motorcycle,CHINA
H9X,24638,"XUZHOU TIANYING AUTOMOBILE CO., LTD.",XINBEN,Motorcycle,CHINA
HA0,22845,"WUXI SUNDIRO ELECTRIC VEHICLE CO., LTD.","PALLA, PARRAY, PAIDM, PAITS",Motorcycle,CHINA
HA6,19903,"JIANGSU NIU ELECTRIC TECHNOLOGY CO., LTD.",NIU,Motorcycle,CHINA
HA9MAH,24440,"HANGZHOU LEISHEN MOTORCYCLE CO.,LTD.",,Motorcycle,
HB3,21370,"HSU DRAGON TECHNOLOGY CO., LTD.","HSU DRAGON TECHNOLOGY CO., LTD.",Motorcycle,CHINA
HD1,22010,"WUXI DAYANG ELECTRIC TECHNOLOGY CO., LTD.","ECOOTER, WUXI DAYANG ELECTRIC TECHNOLOGY CO., LTD. / DAYANG",Motorcycle,CHINA
HDR,15022,HARLEY-DAVIDSON OFF-ROAD,HARLEY-DAVIDSON,Motorcycle,
HG6,22973,"GUANGDONG JIANYA MOTORCYCLE TECHNOLOGY CO.,  LTD",NAXEON,Motorcycle,CHINA
HJ5,24752,"GUANGXI DONGSHUN SCI&TECH CO., LTD.",YIYING,Motorcycle,
HL3,21557,"ZHEJIANG LANGXIANG INDUSTRY CO.,LTD.",JIANBU,Motorcycle,CHINA
HL4,22075,"ZHEJIANG MORINI VEHICLE CO.,LTD.",MOTO MORINI,Motorcycle,CHINA
HL5,23733,"ZHEJIANG GUANGCHUANGXIN ENERGY TECHNOLOGY CO.,LTD.",CHITE,Motorcycle,CHINA
HSL,24166,"TAIZHOU VELOCIFERO VEHICLE CO., LTD",VELOCIFERO,Motorcycle,CHINA
HT5,23508,"ZHEJIANG JIANYING LOCOMOTIVE CO., LTD.","JINGYINGJIANSHE, ZHUBEN, FENGLING",Motorcycle,CHINA
HU3,22391,"CHONGQING QIULONG TECHNOLOGY CO., LTD",SURRON,Motorcycle,CHINA
HY2,25417,JIANGSU DAELG MOTORCYCLE CO. LTD.,SUKULI,Motorcycle,CHINA
HZ2,21715,"TAIZHOU ZHILONG TECHNOLOGY CO.,LTD",ZHILONG,Motorcycle,CHINA
J81,1171,"ISUZU MOTORS LIMITED, JAPAN","CHEVROLET, GEO",Passenger Car,JAPAN
J87,1171,"ISUZU MOTORS LIMITED, JAPAN","ISUZU, ASUNA",Passenger Car,CANADA
J8B,1171,"ISUZU MOTORS LIMITED, JAPAN",CHEVROLET,Incomplete Vehicle,JAPAN
J8C,984,GENERAL MOTORS LLC,ISUZU,Truck,UNITED STATES (USA)
J8D,1171,"ISUZU MOTORS LIMITED, JAPAN",GMC,Incomplete Vehicle,JAPAN
J8T,984,GENERAL MOTORS LLC,ISUZU,Truck,UNITED STATES (USA)
J8Z,1171,"ISUZU MOTORS LIMITED, JAPAN",CHEVROLET,Truck,JAPAN
JA3,1052,MITSUBISHI MOTORS CORPORATION (MMC),MITSUBISHI,Passenger Car,JAPAN
JA4,1052,MITSUBISHI MOTORS CORPORATION (MMC),"NISSAN, MITSUBISHI",Multipurpose Passenger Vehicle (MPV),JAPAN
JA7,1052,MITSUBISHI MOTORS CORPORATION (MMC),MITSUBISHI,Truck,JAPAN
JAA,1171,"ISUZU MOTORS LIMITED, JAPAN",ISUZU,Truck,JAPAN
JAB,1171,"ISUZU MOTORS LIMITED, JAPAN",ISUZU,Passenger Car,JAPAN
JAC,1171,"ISUZU MOTORS LIMITED, JAPAN",ISUZU,Multipurpose Passenger Vehicle (MPV),JAPAN
JAE,1171,"ISUZU MOTORS LIMITED, JAPAN",ACURA,Multipurpose Passenger Vehicle (MPV),JAPAN
JAL,1171,"ISUZU MOTORS LIMITED, JAPAN","CHEVROLET, HINO, ISUZU",Incomplete Vehicle,JAPAN
JAM,1171,"ISUZU MOTORS LIMITED, JAPAN",ISUZU,Incomplete Vehicle,JAPAN
JB3,994,FCA US LLC,DODGE,Passenger Car,JAPAN
JB4,1052,MITSUBISHI MOTORS CORPORATION (MMC),"DODGE, MITSUBISHI",Multipurpose Passenger Vehicle (MPV),JAPAN
JB7,1052,MITSUBISHI MOTORS CORPORATION (MMC),DODGE,Truck,JAPAN
JC1,1041,MAZDA MOTOR CORPORATION,"MAZDA, FIAT",Passenger Car,JAPAN
JC2,1041,MAZDA MOTOR CORPORATION,FORD,Truck,JAPAN
JCB,10155,JIMMY'S CUSTOM BUILT TRAILERS & FABRICATION,JIMMY'S CUSTOM BUILT TRAILERS & FABRICATION,Trailer,UNITED STATES (USA)
JD1,2163,"DAIHATSU MOTOR CO., LTD.",DAIHATSU,Passenger Car,JAPAN
JD2,2163,"DAIHATSU MOTOR CO., LTD.",DAIHATSU,Multipurpose Passenger Vehicle (MPV),JAPAN
JE3,994,FCA US LLC,EAGLE,Passenger Car,JAPAN
JE4,1052,MITSUBISHI MOTORS CORPORATION (MMC),EAGLE,Passenger Car,JAPAN
JF1,19109,SUBARU CORPORATION,"TOYOTA, SUBARU",Passenger Car,JAPAN
JF2,19109,SUBARU CORPORATION,SUBARU,Multipurpose Passenger Vehicle (MPV),JAPAN
JF3,1075,"FUJI HEAVY INDUSTRIES U.S.A., INC. (C/O SUBARU OF AMERICA)",SUBARU,Truck,JAPAN
JF4,1075,"FUJI HEAVY INDUSTRIES U.S.A., INC. (C/O SUBARU OF AMERICA)",SAAB,Passenger Car,JAPAN
JG1,984,GENERAL MOTORS LLC,"CHEVROLET, GEO",Passenger Car,UNITED STATES (USA)
JG2,984,GENERAL MOTORS LLC,PONTIAC,Passenger Car,UNITED STATES (USA)
JG7,1048,"SUZUKI MOTOR OF AMERICA, INC",SUZUKI,Passenger Car,JAPAN
JGC,984,GENERAL MOTORS LLC,SUZUKI,Truck,UNITED STATES (USA)
JGT,984,GENERAL MOTORS LLC,"GMC, SUZUKI",Truck,UNITED STATES (USA)
JH1,987,"HONDA MOTOR CO., LTD.",HONDA,Truck,
JH2,987,"HONDA MOTOR CO., LTD.",HONDA,Motorcycle,JAPAN
JH3,987,"HONDA MOTOR CO., LTD.",HONDA,Motorcycle,JAPAN
JH4,987,"HONDA MOTOR CO., LTD.",ACURA,Passenger Car,
JH6,1109,"HINO MOTORS, LTD.",HINO,Incomplete Vehicle,JAPAN
JH7,1109,"HINO MOTORS, LTD.",HINO,Truck,JAPAN
JH8,1109,"HINO MOTORS, LTD.",HINO,Incomplete Vehicle,JAPAN
JHA,1109,"HINO MOTORS, LTD.",HINO,Truck,JAPAN
JHB,1109,"HINO MOTORS, LTD.",HINO,Incomplete Vehicle,JAPAN
JHC,1109,"HINO MOTORS, LTD.",HINO,Bus,JAPAN
JHH,1109,"HINO MOTORS, LTD.",HINO,Incomplete Vehicle,JAPAN
JHL,987,"HONDA MOTOR CO., LTD.",HONDA,Multipurpose Passenger Vehicle (MPV),
JHM,987,"HONDA MOTOR CO., LTD.",HONDA,Passenger Car,
JJ3,1052,MITSUBISHI MOTORS CORPORATION (MMC),MITSUBISHI,Passenger Car,JAPAN
JK1,21860,"KAWASAKI MOTORS, LTD.",KAWASAKI,Motorcycle,
JK8,21860,"KAWASAKI MOTORS, LTD.",KAWASAKI,Motorcycle,JAPAN
JKA,21860,"KAWASAKI MOTORS, LTD.",KAWASAKI,Motorcycle,UNITED STATES (USA)
JKB,21860,"KAWASAKI MOTORS, LTD.",KAWASAKI,Motorcycle,UNITED STATES (USA)
JKS,1048,"SUZUKI MOTOR OF AMERICA, INC",SUZUKI,Motorcycle,JAPAN
JL6,1081,MITSUBISHI FUSO TRUCK AND BUS CORPORATION,"MITSUBISHI FUSO, RIZON",Incomplete Vehicle,JAPAN
JL7,1081,MITSUBISHI FUSO TRUCK AND BUS CORPORATION,MITSUBISHI FUSO,Incomplete Vehicle,JAPAN
JLS,1081,MITSUBISHI FUSO TRUCK AND BUS CORPORATION,MITSUBISHI FUSO,Incomplete Vehicle,JAPAN
JM1,1041,MAZDA MOTOR CORPORATION,MAZDA,Passenger Car,JAPAN
JM2,1041,MAZDA MOTOR CORPORATION,MAZDA,Truck,JAPAN
JM3,1041,MAZDA MOTOR CORPORATION,MAZDA,Multipurpose Passenger Vehicle (MPV),JAPAN
JN1,996,"NISSAN MOTOR COMPANY, LTD","NISSAN, INFINITI, DATSUN",Passenger Car,JAPAN
JN3,996,"NISSAN MOTOR COMPANY, LTD","NISSAN, INFINITI",Incomplete Vehicle,JAPAN
JN6,996,"NISSAN MOTOR COMPANY, LTD","CHEVROLET, NISSAN",Truck,JAPAN
JN8,996,"NISSAN MOTOR COMPANY, LTD","NISSAN, INFINITI",Multipurpose Passenger Vehicle (MPV),JAPAN
JNA,14584,UD TRUCKS CORPORATION,UD,Incomplete Vehicle,JAPAN
JNE,14584,UD TRUCKS CORPORATION,UD,Truck,JAPAN
JNK,996,"NISSAN MOTOR COMPANY, LTD",INFINITI,Passenger Car,
JNM,10309,"JNM EQUIPMENT, INC.",JNM EQUIPMENT,Trailer,UNITED STATES (USA)
JNR,996,"NISSAN MOTOR COMPANY, LTD",INFINITI,Multipurpose Passenger Vehicle (MPV),
JNT,996,"NISSAN MOTOR COMPANY, LTD",INFINITI,Truck,
JNX,996,"NISSAN MOTOR COMPANY, LTD",INFINITI,Incomplete Vehicle,JAPAN
JP3,1052,MITSUBISHI MOTORS CORPORATION (MMC),PLYMOUTH,Passenger Car,JAPAN
JP4,1052,MITSUBISHI MOTORS CORPORATION (MMC),"MITSUBISHI, PLYMOUTH",Passenger Car,JAPAN
JP7,1052,MITSUBISHI MOTORS CORPORATION (MMC),PLYMOUTH,Truck,JAPAN
JP9003,13333,"ARAI SHOJI CO., LTD.",,Low Speed Vehicle (LSV),JAPAN
JP9008,17426,"LIGHT BOY CO., LTD.",,Trailer,UNITED STATES (USA)
JPA,14584,UD TRUCKS CORPORATION,INTERNATIONAL,Incomplete Vehicle,JAPAN
JPB,14584,UD TRUCKS CORPORATION,INTERNATIONAL,Truck,JAPAN
JPE,14584,UD TRUCKS CORPORATION,INTERNATIONAL,Truck,JAPAN
JR2,987,"HONDA MOTOR CO., LTD.",ISUZU,Multipurpose Passenger Vehicle (MPV),JAPAN
JS1,21871,SUZUKI MOTOR CORPORATION,SUZUKI,Motorcycle,JAPAN
JS2,1048,"SUZUKI MOTOR OF AMERICA, INC",SUZUKI,Passenger Car,
JS3,1048,"SUZUKI MOTOR OF AMERICA, INC",SUZUKI,Multipurpose Passenger Vehicle (MPV),
JS4,1048,"SUZUKI MOTOR OF AMERICA, INC",SUZUKI,Truck,JAPAN
JSA,1048,"SUZUKI MOTOR OF AMERICA, INC","SUZUKI, KAWASAKI",Motorcycle,JAPAN
JSK,1048,"SUZUKI MOTOR OF AMERICA, INC",KAWASAKI,Motorcycle,JAPAN
JSL,1048,"SUZUKI MOTOR OF AMERICA, INC",KAWASAKI,Motorcycle,JAPAN
JT2,1057,TOYOTA MOTOR CORPORATION,TOYOTA,Passenger Car,JAPAN
JT3,1057,TOYOTA MOTOR CORPORATION,TOYOTA,Multipurpose Passenger Vehicle (MPV),JAPAN
JT4,1057,TOYOTA MOTOR CORPORATION,TOYOTA,Truck,JAPAN
JT5,1057,TOYOTA MOTOR CORPORATION,TOYOTA,Passenger Car,JAPAN
JT6,1057,TOYOTA MOTOR CORPORATION,LEXUS,Multipurpose Passenger Vehicle (MPV),JAPAN
JT8,1057,TOYOTA MOTOR CORPORATION,LEXUS,Passenger Car,JAPAN
JTD,1057,TOYOTA MOTOR CORPORATION,TOYOTA,Passenger Car,JAPAN
JTE,1057,TOYOTA MOTOR CORPORATION,"TOYOTA, LEXUS, SUBARU",Multipurpose Passenger Vehicle (MPV),JAPAN
JTH,1057,TOYOTA MOTOR CORPORATION,LEXUS,Passenger Car,JAPAN
JTJ,1057,TOYOTA MOTOR CORPORATION,LEXUS,Multipurpose Passenger Vehicle (MPV),JAPAN
JTK,962,"TOYOTA MOTOR NORTH AMERICA, INC",TOYOTA,Passenger Car,JAPAN
JTL,1057,TOYOTA MOTOR CORPORATION,TOYOTA,Multipurpose Passenger Vehicle (MPV),JAPAN
JTM,1057,TOYOTA MOTOR CORPORATION,"TOYOTA, SUBARU",Multipurpose Passenger Vehicle (MPV),JAPAN
JTN,1057,TOYOTA MOTOR CORPORATION,TOYOTA,Passenger Car,JAPAN
JW6,1052,MITSUBISHI MOTORS CORPORATION (MMC),MITSUBISHI FUSO,Incomplete Vehicle,JAPAN
JW7,1052,MITSUBISHI MOTORS CORPORATION (MMC),MITSUBISHI FUSO,Truck,JAPAN
JY4,1130,YAMAHA MOTOR CORPORATION,YAMAHA,Motorcycle,JAPAN
JYA,14610,"YAMAHA MOTOR CO., LTD.",YAMAHA,Motorcycle,JAPAN
JYE,14610,"YAMAHA MOTOR CO., LTD.",YAMAHA,Off-Road Vehicle,JAPAN
KF9003,13269,ELCO INDUSTRIES LTD,,Trailer,ISRAEL
KF9005,22013,BLITZ ELECTRIC MOTORS LTD.,,Motorcycle,ISRAEL
KFB,5443,FREIGHTLINER  CORPORATION,FREIGHTLINER,Truck,ISRAEL
KL1,984,GENERAL MOTORS LLC,CHEVROLET,Passenger Car,SOUTH KOREA
KL2,984,GENERAL MOTORS LLC,PONTIAC,Passenger Car,UNITED STATES (USA)
KL4,984,GENERAL MOTORS LLC,BUICK,Multipurpose Passenger Vehicle (MPV),
KL5,1048,"SUZUKI MOTOR OF AMERICA, INC",SUZUKI,Passenger Car,SOUTH KOREA
KL7,984,GENERAL MOTORS LLC,CHEVROLET,Multipurpose Passenger Vehicle (MPV),
KL8,984,GENERAL MOTORS LLC,CHEVROLET,Passenger Car,
KL9B9E,22349,DY INNOVATE CORPORATION,,Low Speed Vehicle (LSV),
KL9CGA,14955,"ROUTE17 CO.,LTD",,Low Speed Vehicle (LSV),SOUTH KOREA
KL9EF7,24390,"SMI INNOVATIONS COMPANY, LTD.",,Incomplete Vehicle,SOUTH KOREA
KLA,12902,GM DAEWOO AUTO & TECHNOLOGY COMPANY,DAEWOO,Passenger Car,SOUTH KOREA
KLM,13081,ADVANCED TRANSPORTATION TECHNOLOGY R&D CO.,ATT R&D,Low Speed Vehicle (LSV),SOUTH KOREA
KLP,6909,"CT&T AMERICA, INC.",CT&T AMERICA,Low Speed Vehicle (LSV),SOUTH KOREA
KM1,4934,HYOSUNG MOTORS & MACHINERY INC,UNITED MOTORS OF AMERICA,Motorcycle,SOUTH KOREA
KM4,13628,"KR MOTORS CO., LTD","SUZUKI, KR MOTORS CO., LTD., HYOSUNG MOTORS & MACHINERY",Motorcycle,SOUTH KOREA
KM8,15984,HYUNDAI MOTOR CO,HYUNDAI,Multipurpose Passenger Vehicle (MPV),SOUTH KOREA
KME,15984,HYUNDAI MOTOR CO,HYUNDAI,Truck,
KMF,15984,HYUNDAI MOTOR CO,HMC,Truck,SOUTH KOREA
KMH,15984,HYUNDAI MOTOR CO,"HYUNDAI, GENESIS",Passenger Car,SOUTH KOREA
KMT,15984,HYUNDAI MOTOR CO,GENESIS,Passenger Car,SOUTH KOREA
KMU,15984,HYUNDAI MOTOR CO,"HYUNDAI, GENESIS, HMC",Multipurpose Passenger Vehicle (MPV),SOUTH KOREA
KMY,8608,"DAELIM MOTOR CO., LTD","DAELIM MOTOR CO., LTD",Motorcycle,SOUTH KOREA
KN9CAU,21625,"BOGO CO., LTD.",,Trailer,SOUTH KOREA
KN9CGS,22405,"VESTA CO., LTD.",,Incomplete Vehicle,SOUTH KOREA
KNA,21994,KIA CORPORATION,KIA,Passenger Car,SOUTH KOREA
KND,21994,KIA CORPORATION,"HYUNDAI, KIA",Multipurpose Passenger Vehicle (MPV),SOUTH KOREA
KNJ,2350,KIA MOTORS (FORD IMPORTS),FORD,Passenger Car,SOUTH KOREA
KNM,1000,"RENAULT SAMSUNG MOTORS CO., LTD",NISSAN,Multipurpose Passenger Vehicle (MPV),SOUTH KOREA
KPH,15984,HYUNDAI MOTOR CO,MITSUBISHI,Passenger Car,SOUTH KOREA
KPS,17268,SSANGYONG MOTOR CO. LTD,KORANDO,Multipurpose Passenger Vehicle (MPV),SOUTH KOREA
KUS,17431,ULB CORPORATION,ULB CORPORATION,Low Speed Vehicle (LSV),SOUTH KOREA
KUT,17431,ULB CORPORATION,ULB CORPORATION,Low Speed Vehicle (LSV),SOUTH KOREA
L06,15891,"TAIZHOU NEBULA POWER CO., LTD.","TAIZHOU NEBULA POWER CO., LTD",Off-Road Vehicle,CHINA
L08,7434,ZHEJIANG APOLLO SPORTS TECHNOLOGY CO LTD.,"APOLLO, RFN",Motorcycle,CHINA
L0E,12075,NANCHANG FREEDOM TECHNOLOGY LIMITED COMPANY,NANCHANG FREEDOM TECHNOLOGY LIMITED COMPANY,Off-Road Vehicle,CHINA
L0H,6108,"CHANGZHOU ZHONGMAO MACHINERY CO., LTD",ZHONGMAO,Trailer,CHINA
L0X,13771,"ZHENGZHOU EAST INDUSTRY CO., LTD.",ECOCRUISE,Low Speed Vehicle (LSV),CHINA
L13,6931,"SHANDONG BAOYA NEW ENERGY VEHICLE CO., LTD.",SHANDONG BAOYA NEW ENERGY VEHICLE,Motorcycle,CHINA
L1E,7242,"TAIZHOU OMING MOTORCYCLE CO., LTD.","DIAMO, TAIZHOU OMING MOTORCYCLE",Motorcycle,CHINA
L1P,9554,"CHONGQUING DAJIANG MOTORCYCLES CO., LTD",CHONGQUING DAJIANG MOTORCYCLES,Motorcycle,CHINA
L1T,14057,"ZHEJIANG DOOHAN TECHNOLOGY CO., LTD.","DOOHAN, SUNTERA",Motorcycle,UNITED STATES (USA)
L2B,8876,"JIANGSU BAODIAO LOCOMOTIVE CO., LTD.","BAODIAO, BOOM",Motorcycle,CHINA
L37,7256,HUZHOU DAIXI ZHENHUA TECHNOLOGY TRADE CO. LTD.,"HUZHOU DAIXI SCOOTERS, MALON, DAIX",Motorcycle,CHINA
L3J,1570,"JIANGSU SACIN MOTORCYCLE CO., LTD.","SACIN, SKYTEAM",Motorcycle,CHINA
L3Y,9690,NINGBO MOTORCYCLE FACTORY,NINGBO MOTORCYCLE FACTORY,Motorcycle,CHINA
L43,7197,"ZHEJIANG LONGWISE TECHNOLOGY CO., LTD.",ZHEJIANG LONGWISE TECHNOLOGY CO,Low Speed Vehicle (LSV),CHINA
L4B,8764,"CHINA XINGYUE GROUP CO., LTD.",NIKOTA USA,Motorcycle,UNITED STATES (USA)
L4F,10566,"SUZHOU EAGLE ELECTRIC VEHICLE MANUFACTURING CO., LTD.",SUZHOU EAGLE ELECTRIC VEHICLE,Low Speed Vehicle (LSV),CHINA
L4G,6708,"QUNSHENG GROUP CO., LTD.",QUNSHENG GROUP,Motorcycle,CHINA
L4H,9149,"NINGBO LONGJIA MOTORCYCLE CO., LTD.","GENUINE SCOOTERS, LONGJIA, CHICAGO SCOOTER COMPANY, SSR MOTORSPORTS, LONGJIA OR BUCCANEER (SSR MOTORSPORTS)",Motorcycle,CHINA
L4M,16214,"GUANGDONG MARSHELL ELECTRIC VEHICLE CO., LTD.",MARSHELL,Low Speed Vehicle (LSV),CHINA
L4S,9276,"ZHEJIANG XINGYUE VEHICLE CO., LTD.",ZHEJIANG XINGYUE VEHICLE CO,Motorcycle,CHINA
L4T,6689,TANK SPORTS INC. A PARENT COMPANY OF PMI NORTHERN COMPANY LTD.,TANK SPORTS,Motorcycle,UNITED STATES (USA)
L4V,1168,KTMMEX SA. DE CV.,"KTMMEX, DAZON ( ARIZONA) INC DBA DZ MOTORCYLE RENTALS",Motorcycle,
L4W,14270,JINHUA YONGQIANG VEHICLES FACTORY,JINHUA YONGQIANG VEHICLES FACTORY,Trailer,CHINA
L4Y,19324,"NINGBO DALONG SMOOTH LOCOMOTIVE INDUSTRY CO., LTD.","QINGQI GROUP NINGBO RHON MOTORCYCLE, NINGBO DALONG SMOOTH LOCOMOTIVE INDUSTRY CO., LTD.",Motorcycle,CHINA
L5C,12047,ZHEJIANG KANGDI VEHICLES CO. LTD.,ZHEJIANG KANGDI VEHICLES,Motorcycle,CHINA
L5D,14432,GUANGDONG DAFU MOTORCYCLE CO LTD.,DAFU,Motorcycle,CHINA
L5M,10219,"NINGBO KANGDA BICYCLE CO., LTD.","NINGBO KANGDA BICYCLE CO., LTD.",Motorcycle,UNITED STATES (USA)
L5N,13387,"JINYUN COUNTY XIANGYUAN INDUSTRY CO., LTD","JINYUN COUNTY XIANGYUAN INDUSTRY CO., TAOTAO",Motorcycle,CHINA
L5R,18704,"JIANGSU DAFIER MOTORCYCLE CO., LTD.",ROYAL ALLOY,Motorcycle,CHINA
L5T,6372,"YONGKANG MTL METAL PRODUCTS CO., LTD.","YONGKANG MTL METAL PRODUCTS CO., LTD.",Motorcycle,CHINA
L5X,17279,"YADEA  TECHNOLOGY GROUP CO., LTD.","UBCO, YADEA",Motorcycle,UNITED STATES (USA)
L5Y,9274,"TAIZHOU ZHONGNENG MOTORCYCLE CO., LTD.",ZNEN,Motorcycle,CHINA
L5Z,13435,WUZHENG NORTH AMERICA LTD,WUZHENG NORTH AMERICA,Motorcycle,UNITED STATES (USA)
L69FYK,7575,SHANDONG ZHONGTONG FEIYAN AUTOMOBILE CO. LTD.,,Low Speed Vehicle (LSV),CHINA
L6F,13736,"SHANDONG LIANGZI POWER CO., LTD",SHANDONG LIANGZI POWER CO. LTD.,Low Speed Vehicle (LSV),CHINA
L6J,19233,"ZHEJIANG KAYO MOTOR CO., LTD.",KAYO,Off-Road Vehicle,CHINA
L6K,7531,"SHANGHAI HOWHIT MACHINERY MANUFACTURE CO., LTD",SHANGHAI HOWHIT MACHINERY MANUFACTURE,Motorcycle,UNITED STATES (USA)
L6M,1589,"WUXI TMEC POWER TECHNOLOGY CO., LTD.",TMEC,Motorcycle,CHINA
L6T,23657,"ZEEKR INTELLIGENT TECHNOLOGY US, LLC",ZEEKR,Passenger Car,CHINA
L7K,22849,"ZHEJIANG FEISHEN VEHICLE INDUSTRY CO., LTD.","TROXUS, FM",Motorcycle,CHINA
L7Y,19035,"SHANDONG JEKEEN INTELLIGENT MANUFACTURING TECHNOLOGY CO., LTD.",JEKEEN,Trailer,CHINA
L7Z,12377,"SHANGHAI FU QUAN AUTOMOBILE MANUFACTORY CO., LTD.","SHANGHAI FU QUAN AUTOMOBILE MANUFACTORY CO., LTD.",Motorcycle,CHINA
L81,10497,"QINGDAO SINGAMAS INDUSTRIAL VEHICLE CO., LTD.",QINGDAO SINGAMAS,Trailer,CHINA
L82,13493,"JIANGMEN SINO-HONGKONG BAOTIAN MOTORCYCLE INDUSTRIAL CO., LTD.","JIANGMEN SINO-HONGKONG BAOTIAN MOTORCYCLE INDUSTRIAL CO., LTD.",Motorcycle,CHINA
L83,16379,"NINGBO CENTURY EVA MOTORS CO.,LTD.","EVANGEL, EMBUGGY",Off-Road Vehicle,CHINA
L8X,10302,"ZHEJIANG SUMMIT HUAWIN MOTORCYCLE CO., LTD.",HUAWIN,Motorcycle,CHINA
L8Y,6691,"ZHEJIANG JONWAY MOTORCYCLE MANUFACTURING CO., LTD.","ZHEJIANG JMSTAR SHENKE MOTORCYCLE CO, JONWAY",Motorcycle,UNITED STATES (USA)
L9N,7414,"ZHEJIANG TAOTAO VEHICLES CO.,LTD","TAOTAO, DENAGO, GOTRAX",Motorcycle,CHINA
LA2,18382,CPS LIMITED,HER CHEE,Motorcycle,CHINA
LA8,12157,"ANHUI ANKAI AUTOMOBILE CO., LTD.",ANHUI ANKAI,Bus,CHINA
LA910E,23687,"LIUZHOU WULING AUTOMOBILE INDUSTRY CO.,LTD",,Low Speed Vehicle (LSV),CHINA
LA9AKK,23044,"KUNMING PASSENGER CAR MANUFACTURING CO., LTD",,Truck,CHINA
LA9ATC,11511,"CENTECH SPECIALTY VEHICLES, LTD., CO.",,Trailer,UNITED STATES (USA)
LA9BFC,4274,"BEIJING NORTH HUADE NEOPLAN BUS CO., LTD.",,Trailer,CHINA
LA9CFR,25005,"CHAOFENG AUTOMOBILE (GUANGDONG) CO., LTD",,Trailer,CHINA
LA9CJC,12103,"CHANGZHOU LANLING SPECIAL VEHICLE MANUFACTURING CO., LTD",,Low Speed Vehicle (LSV),CHINA
LA9CLW,21799,"CHENGLI SPECIAL AUTOMOBILE CO.,LTD",,Trailer,CHINA
LA9DC1,23101,"DACHI INTELLIGENT AUTOMOBILE(RIZHAO)CO.,LTD",,Low Speed Vehicle (LSV),
LA9FCC,7371,"FUJIAN CHANGCHUN SPECIAL VEHICLE MANUFACTURING CO., LTD.",,Trailer,CHINA
LA9GFC,23398,"SHANDONG SHODAILER AUTOMOBILE MANUFACTURING CO.,LTD",,Trailer,CHINA
LA9HBC,7351,"HEBEI CHANGHUA SPECIAL VEHICLE CO., LTD",,Trailer,UNITED STATES (USA)
LA9HTK,24102,"CHTC KINWIN(NANJING) AUTOMOBILE CO., LTD.",,Truck,CHINA
LA9HZG,17428,CHANGJIANG AUTOMOBILE HOLDINGS LTD.,,Multipurpose Passenger Vehicle (MPV),CHINA
LA9JRR,7640,"YANTAI JEREH OILFIELD SERVICE GROUP CO., LTD.",,Trailer,CHINA
LA9JXK,6175,"JIANGXI KAMA BUSINESS BUS CO., LTD.,",,Bus,CHINA
LA9JXS,25777,"SHANXI WEILONG SPECIAL VEHICLE MANUFACTURING CO., LTD.",,Trailer,CHINA
LA9KTF,22795,"GUANGDONG ECOCAMPOR VEHICLE CO., LTD.",,Trailer,CHINA
LA9LC0,7330,BYD AUTO INDUSTRY COMPANY LIMITED,,Truck,CHINA
LA9LYB,22099,WEICHAI YANGZHOU YAXING COMMERICIAL VEHICLE CO LTD,,Incomplete Vehicle,CHINA
LA9NJX,23594,"SICHUAN ANTARCTICA STAR RV EQUIPMENT CO., LTD",,Trailer,CHINA
LA9PWS,25008,"SHANDONG WEISHI AUTOMOBILE MANUFACTURING CO., LTD.",,Trailer,CHINA
LA9SAN,1355,"SANY HEAVY INDUSTRY CO., LTD",,Trailer,CHINA
LA9SYL,21758,"HENAN MOBO ELECTRIC TECHNOLOGY CO., LTD.",,Trailer,
LA9SZJ,5927,SHENZHEN CIMC HEAVY INDUSTRIES CO. LTD,,Trailer,CHINA
LA9TJV,16537,"ZHUMADIAN DALI TIANJUN SPECIAL VEHICLE MANUFACTURING CO., LTD",,Trailer,CHINA
LA9XWS,6418,"XIAMEN XIAGONG YUWEI HEAVY INDUSTRY CO., LTD.",,Trailer,CHINA
LA9YHD,9070,YANTAI HAIDE SPECIAL AUTO WORKS,,Trailer,CHINA
LA9ZBK,23418,SHANDONG XINNENG KUNGANG LIGHTWEIGHT EQUIPMENT INCORPORATED COMPANY,,Trailer,CHINA
LA9ZGC,22294,"SHANDONG KEYU SPECIAL AOTOMOBILE MANUFACTURING CO., LTD.",,Truck,CHINA
LA9ZKD,12047,ZHEJIANG KANGDI VEHICLES CO. LTD.,,Low Speed Vehicle (LSV),CHINA
LAA,14273,"SHANGHAI JIALING VEHICLE CO., LTD.",JIALING,Motorcycle,CHINA
LAE,12164,JINAN DALONG VEHICLE INDUSTRY CO. LTD. (QINGQI GROUP MOTORCYCLE CO. LTD.),"QINGQI, SSR, PIONEER, HARDKNOCK",Motorcycle,CHINA
LAL,14790,"SUNDIRO HONDA MOTORCYCLE CO., LTD.","HONDA, SUNDIRO  HONDA MOTORCYCLE CO. LTD",Motorcycle,CHINA
LAN,11823,CHANGZHOU YAMASAKI MOTORCYCLE CO. LTD.,YAMASAKI,Motorcycle,JAPAN
LAT,5803,"LUOYANG NORTHERN EK CHOR MOTORCYCLE CO., LTD.","LUOYANG NORTHERN, DAYANG",Motorcycle,CHINA
LAW,3911,QIANJIANG MOTORCYCLES GROUP CORPORATION,"QIANJIANG MOTORCYCLES, UM MOTORCYCLES",Motorcycle,CHINA
LAY,11212,"NANFANG SPACE NAVIGATION SCIENCE & TECHNOLOGY CO., LTD.",NANFANG SPACE NAVIGATION SCIENCE & TECHNOLOGY,Motorcycle,UNITED STATES (USA)
LB2,1080,"ZHEJIANG GEELY MING INDUSTRIAL CO., LTD","GEELY, ZHEJIANG GEELY MING INDUSTRIAL CO., LTD / SONDORS, JIMING, GEELY GROUP ZHEJIANG MOTORCYCLE CO LTD, ZHEJIANG GEELY MING INDUSTRIAL CO., LTD / COLEMAN, GEELY GROUP ZHEJIANG MOTORCYCLE CO., LTD / COLEMAN",Motorcycle,CHINA
LB4,6877,"CHONGQING D-CHAMWIN MOTOR TECHNOLOGY CO.,LTD.","YINXIANG, BMS, JLM, CHEETA, XIANFENG, FEKON, XIANGJIANG, HYOSUNG",Motorcycle,CHINA
LB5,6700,"FOSHAN FOSTI MOTORCYCLE MANUFACTURING CO., LTD.","FOSHAN FOSTI MOTORCYCLE MANUFACTURING CO., FOSTI",Motorcycle,CHINA
LB7,23238,"TIBET NEW SUMMIT MOTORCYCLE CO., LTD.","KOVE, ZF-KY",Motorcycle,CHINA
LB9MTN,24387,"QINGDAO MIC INDUSTRIAL MACHINERY CO., LTD.",,Trailer,CHINA
LBB,10550,"ZHEJIANG QIANJIANG MOTORCYCLE CO., LTD.","ZHEJIANG QIANJIANG MOTORCYCLE, HARLEY-DAVIDSON, BENELLI, QJMOTOR, QJTEC, B MOTOBI",Motorcycle,CHINA
LBP,1130,YAMAHA MOTOR CORPORATION,YAMAHA,Motorcycle,
LBU,18411,"JIANGSU KINGBON VEHICLE CO., LTD.",JINPENG,Motorcycle,CHINA
LBX,7046,"KINROAD XINTIAN MOTORCYCLE MANUFACTURE CO., LTD.",KINROAD XINTIAN MOTORCYCLE MANUFACTURE CO.,Motorcycle,CHINA
LC0,7330,BYD AUTO INDUSTRY COMPANY LIMITED,BYD,Bus,CHINA
LC2,2806,"KWANG YANG MOTOR CO., LTD.",KYMCO,Motorcycle,CHINA
LC3,10754,"WUXI JINHONG MOTORCYCLE CO., LTD","WUXI JINHONG MOTORCYCLE CO., JINHUA SHIWEI",Motorcycle,CHINA
LC4,18570,"CHONGQING LIYANG HONGBEN MOTORCYCLE MANUFACTURING CO., LTD.",LI YANG,Motorcycle,CHINA
LC6,1048,"SUZUKI MOTOR OF AMERICA, INC",SUZUKI,Motorcycle,CHINA
LCA,9721,"LONG CHIH INDUSTRIAL CO., LTD.",LONG CHIH INDUSTRIAL,Trailer,TAIWAN
LCE,22051,"ZHEJIANG CFMOTO POWER CO., LTD","KTM, CHUNFENG, CFMOTO, ZEEHO",Motorcycle,CHINA
LCS,24033,"JIANGSU SUNHOU MOTORCYCLE CO., LTD.","SUNHOU, ZOONDY",Motorcycle,CHINA
LD5,10701,"BENZHOU VEHICLE INDUSTRY GROUP CO., LTD",BENZHOU VEHICLE INDUSTRY GROUP CO.,Motorcycle,UNITED STATES (USA)
LD6,13530,"ZHEJIANG LEIKE MACHINERY INDUSTRY CO., LTD.",ZHEJIANG LEIKE MACHINE INDUSTRY CO,Motorcycle,CHINA
LDF,1575,"DEZHOU FULU VEHICLE CO., LTD.","FULU, LANDSCAPE, WILDFIRE",Motorcycle,
LDU,17686,"CHONGQING HUANGHE MOTORCYCLE CO.,LTD","MISHOZUKI, NAZAXX, CAOFEN, HUANGHE, CHONGQING HUANGHE / MASSIMO",Motorcycle,CHINA
LDW,7799,"DONGGUAN YONGQIANG VEHICLES MANUFACTURING CO., LTD.",DONGGUAN YONGQIANG VEHICLES,Trailer,UNITED STATES (USA)
LE6,9877,HONGDOU GROUP CHITUMA MOTORCYCLE COMPANY,HONGDOU GROUP CHITUMA MOTORCYCLE COMPANY,Motorcycle,CHINA
LE8,6658,"GUANGZHOU HUAYE ELECTRIC VEHICLE TECHNOLOGY CO., LTD.","GUANGZHOU PANYU HUANAN MOTORS GROUP CO., LTD., AMIGO MOTORS, LANCE",Motorcycle,CHINA
LEC,8733,"TIANJIN QINGYUAN ELECTRIC VEHICLE CO., LTD.","TIANJIN QINGYUAN ELECTRIC VEHICLE CO, MILES",Low Speed Vehicle (LSV),CHINA
LEH,7807,"ZHEJIANG RIYA MOTORCYCLE CO., LTD.","ZHEJIANG RIYA MOTORCYCLE CO, CHICAGO SCOOTER COMPANY",Motorcycle,CHINA
LES,16004,SANFU MOTOR INDUSTRY,ISUZU,Multipurpose Passenger Vehicle (MPV),TAIWAN
LEX,17833,"EXIGIS, INC.","EXIGIS, INC.",Motorcycle,UNITED STATES (USA)
LF3,13239,LIFAN INDUSTRY (GROUP) COMPANY LTD.,LIFAN INDUSTRY,Motorcycle,CHINA
LFE,6659,"ZHEJIANG SENLING MOTORCYCLE CO., LTD.","MEIDUO, SENLING, SUPERMACH",Motorcycle,CHINA
LFF,13728,"TAIZHOU WANGYE MOTORCYCLE CO., LTD.","ZHEJIANG TAIZHOU WANGYE POWER CO, SPIRA, WANGYE, SANDEN, UNITED MOTORS, MOTOFINO, LAOYE, HUAZAI, YONGXIN, HANHU, YUEBEN, PULADA, XINLVJIAYUAN",Motorcycle,CHINA
LFG,7888,"ZHEJIANG CHUANGTAI MOTORCYCLE CO., LTD.","TAIZHOU CHUANL MOTORCYCLE MANUFACTURING, TARO",Motorcycle,CHINA
LFP,13960,CHINA FIRST AUTOMOBILE GROUP IMP. % EXP. CORP.,FAW JIAXING HAPPY MESSENGER,Passenger Car,CHINA
LFU,14878,"LIFENG GROUP CO., LTD.",REGAL RAPTOR,Motorcycle,
LFX,23547,"HUNAN AUTOMOBILE MANUFACTURING CO., LTD.","VOLTZ, SANY",Truck,CHINA
LFY,22773,"ZHEJIANG LUYUAN ELECTRIC VEHICLE CO., LTD.","CHANGSHU LIGHT MOTORCYCLE FACTORY, ZHEJIANG LUYUAN ELECTRIC VEHICLE / LUYUAN, LYVA, GIO, HMP",Motorcycle,CHINA
LG0,19420,"YONGKANG EAGLE MOTOR CO.,LTD","YONGKANG EAGLE MOTOR CO., LTD, EGLMOTOR",Motorcycle,CHINA
LG9BYD,7330,BYD AUTO INDUSTRY COMPANY LIMITED,,Incomplete Vehicle,CHINA
LGA,18377,THE SECOND AUTOMOBILE WORKS,SAW,Truck,CHINA
LGM,19099,"DONGGUAN TAILING ELECTRIC VEHICLE CO.,LTD.",DONGGUAN TAILING ELECTRIC VEHICLE,Motorcycle,
LGX,14611,"BYD AUTO CO., LTD.",BYD,Passenger Car,CHINA
LHA,6246,"SHENZHEN GREENWHEEL ELECTRIC VEHICLE CO., LTD.",SHENZHEN GREENWHEEL ELECTRIC VEHICLE,Motorcycle,CHINA
LHJ,12293,"CHONGQING ASTRONAUTIC BASHAN MOTORCYCLE MANUFACTURING CO., LTD.","BASHAN, SSR MOTORSPORTS, BASHAN/BMS, BASHAN/RAVEN",Motorcycle,CHINA
LJ4,8564,"SHANGHAI JMSTAR MOTORCYCLE CO., LTD",SHANGHAI JMSTAR MOTORCYCLE,Motorcycle,CHINA
LJ5,9909,"CIXI KINGRING MOTORCYCLE CO., LTD",CIXI KINGRING MOTORCYCLE CO,Motorcycle,CHINA
LJ7,21257,"JIANGSU ZHONGXING MOTORCYCLE CO.,LTD.",ZHONGXING,Motorcycle,
LJC,8463,JINCHENG CORPORATION,JINCHENG CORPORATION,Motorcycle,CHINA
LJL,8670,"ZHEJIANG LINGYU VEHICLE INDUSTRY CO., LTD.",ZHEJIANG LINGYU VEHICLE INDUSTRY CO,Motorcycle,CHINA
LJR,9950,"CIMC VEHICLES GROUP CO., LTD.",CIMC VEHICLES GROUP CO,Trailer,CHINA
LJU,23294,"WUHAN LOTUS CARS CO., LTD",LOTUS,Multipurpose Passenger Vehicle (MPV),CHINA
LK8,13753,"ZHEJIANG YULE NEW ENERGY AUTOMOBILE TECHNOLOGY CO., LTD.","ZAP, YULE, JONWAY",Low Speed Vehicle (LSV),CHINA
LKK,10938,"JIANGSU JINJIE MOTOR MANUFACTURE CO., LTD",JIANGSU JINJIE MOTOR MANUFACTURE CO.,Motorcycle,CHINA
LKX,18814,"CHONGQING ANDES MOTORCYCLE MANUFACTURING CO.,LTD.","WOLF, FREEDOM SCOOTERS",Motorcycle,CHINA
LL0,11987,"SANMEN COUNTY YONGFU MACHINE CO., LTD.",YONGFU,Motorcycle,CHINA
LL8,5774,JIANGSU LINHAI POWER MACHINERY GROUP CORP.,LINHAI,Motorcycle,CHINA
LLA,8915,"SHANGHAI HONLING MOTORCYCLE MANUFACTURE CO., LTD.",SHANGHAI HONLING MOTORCYCLE MANUFACTURE,Motorcycle,CHINA
LLC,7058,"CHONGQING LONCIN MOTOR CO., LTD","KINLON, LONCIN",Motorcycle,CHINA
LLE,15419,CHIN YUAN CHI CASTING CORP,CHIN YUAN CHI CASTING CORP,Trailer,TAIWAN
LLF,15415,SHINN FU COMPANY,SHINN FU,Trailer,CHINA
LLJ,23230,"JIANGSU XINLING MOTORCYCLE FABRICATE CO., LTD.","HORWIN, XINLING, MODERNFOX, HEROWAY, LEDOW, HISUNYES, BASHI",Motorcycle,CHINA
LLM,8799,"ZHEJIANG LINGTIAN MOTORCYCLE CO., LTD",ZHEJIANG LINGTIAN MOTORCYCLE CO LTD,Motorcycle,CHINA
LLP,7207,"ZHEJIANG JIAJUE MOTORCYCLE MANUFACTURING CO., LTD.",JIAJUE,Motorcycle,CHINA
LM0,18532,"ZHEJIANG TIANYING LOCOMOTIVE CO., LTD",TEYIN,Motorcycle,CHINA
LM1,1048,"SUZUKI MOTOR OF AMERICA, INC",SUZUKI,Motorcycle,TAIWAN
LM4,1048,"SUZUKI MOTOR OF AMERICA, INC","SUZUKI, KAWASAKI",Motorcycle,TAIWAN
LM5,16004,SANFU MOTOR INDUSTRY,ISUZU,Multipurpose Passenger Vehicle (MPV),TAIWAN
LMF,9042,"JIANGMEN ZHONGYU MOTOR (GROUP) CO., LTD.","JIANGMEN ZHONGYU MOTOR (GROUP) CO., LTD.",Motorcycle,CHINA
LN1,1048,"SUZUKI MOTOR OF AMERICA, INC",SUZUKI,Motorcycle,JAPAN
LN2,12900,"GLOBAL FACTORY PRODUCTS, INC","GLOBAL FACTORY PRODUCTS, INC",Trailer,UNITED STATES (USA)
LN4,18531,"ZHEJIANG KINYE MOTOR VEHICLE CO.,LTD","ZHEJIANG KINYE MOTOR VEHICLE CO., LTD.",Motorcycle,UNITED STATES (USA)
LP4,23499,"SHANDONG BUS NEW ENERGY VEHICLE INDUSTRY CO., LTD",DACHI GOLF CART,Low Speed Vehicle (LSV),
LP5,14235,"GUANGZHOU TIANMA GROUP TIANMA MOTORCYCLE CO., LTD.","TIANMA MOTORCYCLE CO., LTD.",Motorcycle,CHINA
LP6,9090,"GUANGZHOU PANYU HAOJIAN MOTORCYCLE INDUSTRY CO., LTD.","GUANGZHOU PANYU HAOJIAN MOTORCYCLE INDUSTRY CO., LTD",Motorcycle,CHINA
LPE,7330,BYD AUTO INDUSTRY COMPANY LIMITED,BYD,Truck,CHINA
LPG,25072,SHANGDONG JILU AUTO-REFITTING CO LTD,JILU,Trailer,CHINA
LPK,13677,"ANYUAN BUS MANUFACTURING CO., LTD",PHEONIX,Bus,CHINA
LPP,16653,NANCHANG AIRCRAFT MFG. CO ( HONGDU MACHINERY PLANT),NANCHANG AIRCRAFT MFG. CO,Motorcycle,CHINA
LPR,1130,YAMAHA MOTOR CORPORATION,YAMAHA,Motorcycle,TAIWAN
LPS,19493,ZHEJIANG HAOQING AUTOMOBILE MFG CO LTD,POLESTAR,Passenger Car,CHINA
LPY,10195,CHINA BAOTIAN MOTORCYCLE INDUSTRIAL CO. LTD.,CHINA BAOTIAN MOTORCYCLE,Motorcycle,UNITED STATES (USA)
LR4,17279,"YADEA  TECHNOLOGY GROUP CO., LTD.","UBCO, YADEA",Motorcycle,CHINA
LRB,16300,SHANGHAI GENERAL MOTORS CORP LTD.,"BUICK, CADILLAC",Multipurpose Passenger Vehicle (MPV),CHINA
LRE,16300,SHANGHAI GENERAL MOTORS CORP LTD.,CADILLAC,Passenger Car,CHINA
LRP,1471,"CHONGQING RATO POWER CO., LTD.",CHONGQING RATO,Motorcycle,CHINA
LRR,22874,"NINGBO LONGJIA POWER TECHNOLOGY CO., LTD.","LONGJIA, KEEWAY, MBP, MORBIDELLI, VICTORIA, VICTORIA MOTORRAD",Motorcycle,CHINA
LRY,12142,"CHONGQING GUANGYU MOTORCYCLE MANUFACTURE CO., LTD.","KAINUO, HAONUO, HAOYING, JN",Motorcycle,CHINA
LS8,23706,HENAN SHAOLIN BUS CO. LTD.,SHAOLIN BUS,Truck,
LSB,1327,"SHANGHAI HUIZHONG AUTOMOTIVE MANUFACTURING CO., LTD",SHANGHAI HUIZHONG AUTOMOTIVE MANUFACTURING,Trailer,CHINA
LSE,15835,"FOSHAN SHUNDE F1 TRANSPORT ENGINEERING CO., LTD","FOSHAN SHUNDE F1 TRANSPORT ENGINEERING CO., LTD",Trailer,CHINA
LSG,984,GENERAL MOTORS LLC,CADILLAC,Passenger Car,UNITED STATES (USA)
LSR,11163,"CHONGQING HI-BIRD MOTORCYCLE INDUSTRY CO., LTD.",CHONGQING HI-BIRD MOTORCYCLE,Motorcycle,CHINA
LT1,9862,YANGZHOU TONGHUA SEMI-TRIALER CO. LTD.,YANGZHOU TONGHUA SEMI-TRIALER,Trailer,CHINA
LT4,10441,"TAIZHOU JIAOJIANG ZHIWEI MOTORCYCLE MANUFACTURE CO., LTD.","TAIZHOU JIAOJIANG ZHIWEI MOTORCYCLE, CHEETA, XIANFENG, ZHWEKI, SHENQI, WANQIANG",Motorcycle,CHINA
LT8,11547,"CHINA TAISHAN GROUP, TAISHAN, HAOFU, DAJINYA",CHINA TAISHAN GROUP,Motorcycle,CHINA
LTB,7968,GUANGDONG QINGXIN LIANTONG INDUSTRY CO. LTD.,GUANGDONG QINGXIN LIANTONG INDUSTRY CO. LTD.,Motorcycle,CHINA
LTD,3625,"TAIXING SANDI MOTORCYCLE CO., LTD.",TAIXING SANDI MOTORCYCLE,Motorcycle,CHINA
LTE,23857,"CHONGQING CHARMING MOTORCYCLE MANUFACTURE CO., LTD.",CHAMP,Motorcycle,CHINA
LTS,12502,"INTERNATIONAL TRANSIT SYSTEMS, LTD.",INTERNATIONAL TRANSIT SYSTEM,Bus,UNITED STATES (USA)
LTU,20958,"NINE TECH CO., LTD.",SEGWAY,Motorcycle,CHINA
LUA,11152,"CHONGQING HENSIM GROUP CO., LTD.",HENSIM,Motorcycle,CHINA
LUJ,18532,"ZHEJIANG TIANYING LOCOMOTIVE CO., LTD",TEYIN,Motorcycle,CHINA
LUV,1336,"LIANYUNGANG UNIVERSAL SPECIAL PURPOSE VEHICLE MANUFACTURING CO., LTD.",LIANYUNGANG UNIVERSAL SPECIAL PURPOSE,Trailer,CHINA
LV2,19902,"JIANGSU LVNENG ELECTRICAL BICYCLE TECHNOLOGY CO., LTD.","JIANGSU LVNENG ELECTRICAL BICYCLE TECHNOLOGY CO, LTD.",Motorcycle,CHINA
LV7,7203,"JINAN QINGQI MOTORCYCLE CO., LTD.",QINGQI,Motorcycle,CHINA
LVC,11658,"BEIQI FOTON MOTOR CO., LTD. BEIJING BUS BRANCH COM",BEIQI FOTON MOTOR / BEIJING BUS BRANCH,Bus,CHINA
LVE,11658,"BEIQI FOTON MOTOR CO., LTD. BEIJING BUS BRANCH COM",BEIQI FOTON MOTOR / BEIJING BUS BRANCH,Bus,CHINA
LVN,6823,NOGAS ELECTRIC SCOOTER CO.,NOGAS ELECTRIC SCOOTER CO,Motorcycle,UNITED STATES (USA)
LVP,15940,"DFSK MOTOR CO.,LTD.",DONGFENG,Passenger Car,CHINA
LVW,10724,FIRST UNITED INDUSTRIAL FOSHAN LIMITED,FIRST UNITED INDUSTRIAL FOSHAN,Motorcycle,CHINA
LVY,16477,DAQING VOLVO CAR MANUFACTURING CO LTD,VOLVO,Passenger Car,CHINA
LW0,10915,WENZHOU LIGHT MOTORCYCLE CO. LTD. (POWERSPORTS),WENZHOU LIGHT MOTORCYCLE CO.,Motorcycle,CHINA
LWB,988,"AMERICAN HONDA MOTOR CO., INC.",HONDA,Motorcycle,CHINA
LWE,11375,"DONGFENG YANGTSE MOTOR (WUHAN) CO., LTD DBA WUXI AN YUAN AUTOMOBILE COMPANY",YANGTSE RIVER,Bus,CHINA
LWG,11366,"CHONGQING HUANSONG INDUSTRIES (GROUP) CO., LTD.",CHONGQING HUANSONG INDUSTRIES,Motorcycle,CHINA
LX6,7576,"JIANGMEN CITY HUARI GROUP CO., LTD.",JIANGMEN CITY HUARI GROUP CO. LTD,Motorcycle,CHINA
LX8,25144,"CHONGQING XGJAO MOTORCYCLE CO., LTD.","EGLMOTOR, XGJAO, JOWIN, APEXMOTOR, ACEMOTOR, VINTOMOTO",Motorcycle,
LXA,9371,"JIANGMEN QIPAI MOTORCYCLE CO., LTD",QIPAI,Motorcycle,PUERTO RICO
LXD,7300,"NINGBO DONGFANG LINGYUN VEHICLE MADE CO., LTD.",DONGFANG,Motorcycle,UNITED STATES (USA)
LXE,6820,"JIANGSU SINSKI VEHICLE SCIENCE & TECHNOLOGY CO., LTD.","JIANGSU SINSKI VEHICLE SCIENCE & TECHNOLOGY CO., SINSKI, MADEFOR",Motorcycle,CHINA
LXK,5915,SHANGHAI MEITIAN MOTORCYCLE COMPANY LTD.,SHANGHAI MEITIAN MOTORCYCLE COMPANY,Motorcycle,CHINA
LXM,10295,"XIAMEN XIASHING MOTORCYCLE CO., LTD.",XIAMEN XIASHING MOTORCYCLE CO.,Motorcycle,CHINA
LXR,6798,"JIANGSU XINRI E-VEHICLE CO.,LTD.","SUNRA, XINRI, MOONRA, NUMI, CRUZER, NEW WAVE",Motorcycle,CHINA
LXS,9792,"GUANGZHOU DAYANG MOTORCYCLE CO., LTD.",GUANGZHOU DAYANG MOTORCYCLE CO LTD,Motorcycle,UNITED STATES (USA)
LXY,14236,"CHONGQING SHINERAY MOTORCYCLE CO., LTD.","SHINERAY, GENUINE, SWM",Motorcycle,CHINA
LY4,15538,CHONGQING YINGANG SCIENCE & TECHNOLOGY GROUP CO. LTD.,"SSR MOTORSPORTS, YINGANG, FREEDOM MOTOR COMPANY, URAL NEO",Motorcycle,CHINA
LYD,8890,"TAIZHOU CITY SENLONG MOTORCYCLE MANUFACTURE CO.,LTD.","TAIZHOU CITY KAITONG MOTORCYCLE MANUFACTURE CO.,LTD, MEIDUO, YIBEN",Motorcycle,CHINA
LYE,12294,"CHONGQING KAIER MOTORCYCLE MANUFACTURING CO.,",CHONGQING KAIER MOTORCYCLE,Motorcycle,CHINA
LYH,6356,"NINGBO SANJIANG DYKON MOTORCYCLE CO., LTD.","NINGBO SANJIANG DYKON MOTORCYCLE CO., LTD.",Motorcycle,CHINA
LYS,14588,"NANJING VMOTO MANUFACTURING CO., LTD.",VMOTO,Motorcycle,CHINA
LYV,16477,DAQING VOLVO CAR MANUFACTURING CO LTD,VOLVO,Multipurpose Passenger Vehicle (MPV),CHINA
LYX,9836,"JIANGSU SINSKI SONIK MOTOR TECHNOLOGY CO., LTD.",JIANGSU SINSKI SONIK MOTOR TECHNOLOGY CO.,Motorcycle,CHINA
LYZ,22516,JINLANG SCIENCE AND TECHNOLOGY CO. LTD.,ARIIC,Motorcycle,CHINA
LZ9373,1487,ZTPOWERSTATION LLC,,Motorcycle,UNITED STATES (USA)
LZ9EJH,24787,"HUBEI JINGHENG SPECIAL PURPOSE VEHICLE CO.,LTD",,Trailer,
LZ9HZG,17428,CHANGJIANG AUTOMOBILE HOLDINGS LTD.,,Truck,CHINA
LZ9JLF,24824,"SHANDONG JIN LI MECHANICAL EQUIPMENT CO., LTD",,Trailer,CHINA
LZ9SSY,23780,"SHANDONG LUJUN AUTOMOBILE MANUFACTURE CO., LTD",,Trailer,
LZB,15093,"SANYOU HOLDING GROUP YINYOU MOTORCYCLE CO., LTD",SANYOU,Motorcycle,CHINA
LZE,13311,"DAZON , INC.",DIAMONBACK,Motorcycle,UNITED STATES (USA)
LZL,7692,"ZENGCHENG HAILI MOTORCYCLE CO., LTD.",ZENGCHENG HAILI MOTORCYCLE CO,Motorcycle,PUERTO RICO
LZP,10195,CHINA BAOTIAN MOTORCYCLE INDUSTRIAL CO. LTD.,CHINA BAOTIAN MOTORCYCLE,Motorcycle,CHINA
LZR,1706,"JUNENG MOTORCYCLE TECHNOLOGY CO., LTD","JNEN, JINGLONG, GANGTIEXIA, ZHEJIANG JIAJIA JUNENG MOTORCYCLE TECHNOLOGY CO., LTD., KEEWAY, MBP",Motorcycle,CHINA
LZS,13838,"CHONGQING ZONGSHEN AUTOMOBILE INDUSTRY CO., LTD.","CHONGQING ZONGSHEN AUTOMOBILE INDUSTRY, ELECTRA MECCANICA VEHICLES CORP., ZONGSHEN INDUSTRIAL GROUP CO., LTD., CHONGQING ZONGSHEN AUTOMOTIVE INDUSTRY CO., LTD.",Motorcycle,CHINA
LZX,10038,CHONGQING SHUANGQING MECHANICAL & ELECTRICAL CO. LTD.,E Z RYDER MOTOR,Motorcycle,CHINA
MAA,21860,"KAWASAKI MOTORS, LTD.",KAWASAKI,Motorcycle,INDIA
MAJ,16564,FORD INDIA LTD,FORD,Multipurpose Passenger Vehicle (MPV),INDIA
MBF,11422,"ROYAL ENFIELD, A UNIT OF EICHER MOTORS LTD.",ROYAL ENFIELD,Motorcycle,INDIA
MCU,7451,MAHINDRA & MAHINDRA LIMITED,MAHINDRA,Truck,UNITED STATES (USA)
MCV,7451,MAHINDRA & MAHINDRA LIMITED,MAHINDRA,Multipurpose Passenger Vehicle (MPV),UNITED STATES (USA)
MD2,13034,BAJAJ AUTO LTD,"KTM, HUSQVARNA, BAJAJ AUTO",Motorcycle,INDIA
MD9101,14016,INDER TOOL INDUSTRIES,,Trailer,UNITED STATES (USA)
MD9142,23636,INOX INDIA LIMITED,,Trailer,INDIA
MD9357,23142,BULLSTON GROUP OF INDUSTRIES,,Trailer,INDIA
MDE,3498,KINETIC ENGINEERING LTD.,KINETIC ENGINEERING LTD.,Motorcycle,INDIA
ME3,11422,"ROYAL ENFIELD, A UNIT OF EICHER MOTORS LTD.","ROYAL ENFIELD, ROYAL ENFIELD HIGHWAY MOTORCYCLE, ROYAL ENFIELD HIGHWAY MOTORCYCLE AND J PRODUCT FAMILY",Motorcycle,INDIA
MH3,1130,YAMAHA MOTOR CORPORATION,YAMAHA,Motorcycle,UNITED STATES (USA)
MH4,21860,"KAWASAKI MOTORS, LTD.",KAWASAKI,Motorcycle,INDONESIA
ML0,13702,"DUCATI MOTOR (THAILAND) CO., LTD.",DUCATI,Motorcycle,THAILAND
ML3,1052,MITSUBISHI MOTORS CORPORATION (MMC),MITSUBISHI,Passenger Car,THAILAND
ML5,25762,"KAWASAKI MOTORS ENTERPRISE THAILAND CO., LTD.",KAWASAKI,Motorcycle,THAILAND
MLC,1048,"SUZUKI MOTOR OF AMERICA, INC",SUZUKI,Motorcycle,
MLH,14337,"THAI HONDA CO., LTD.",HONDA,Motorcycle,THAILAND
MLP,13509,"TIGER MOTOR CO., LTD.","TIGER MOTOR CO., LTD.",Motorcycle,THAILAND
MLW,18491,"SCO MOTOR CO., LTD",ROYAL ALLOY,Motorcycle,THAILAND
MLY,24197,HDMC (THAILAND) LIMITED,HARLEY-DAVIDSON,Motorcycle,THAILAND
MN3,994,FCA US LLC,EAGLE,Passenger Car,THAILAND
MP3,25559,MITSUBISHI MOTORS (THAILAND) CO LTD,PLYMOUTH,Passenger Car,THAILAND
MP7,21230,"PANUS ASSEMBLY CO., LTD.",PANUS,Trailer,THAILAND
MRC,9400,UPBEAT CO.LTD,UPBEAT CO. LTD,Trailer,THAILAND
MXV,22411,"IMZ-KAZAKHSTAN, LLC","URAL (IMZ-KAZAKHSTAN, LLC)",Motorcycle,
MZD,23968,CLASSIC LEGENDS PVT LTD,CLASSIC LEGENDS,Motorcycle,INDIA
N51,4506,NEA,NEA,Trailer,UNITED STATES (USA)
NLF,23549,KOLUMAN OTOMOTIV ENDÜSTRI A.S,KOLUMAN,Trailer,TURKEY
NLN,19622,KARSAN OTOMOTIV SANAYII VE TIC. A.S.,KARSAN,Bus,TURKEY
NLT,1129,TEMSA SKODA SABANCI ULASIM ARACLARI A.S.,TEMSA,Bus,TURKEY
NM0,986,"FORD OTOMOTIV SANAYI A.S., TURKEY",FORD,Truck,TURKEY
NMT,16405,"TOYOTA MOTOR MANUFACTURING,TURKEY ,INC.",TOYOTA,Passenger Car,TURKEY
NP9168,17633,BASOGLU KARAVAN SANAYI VE TICARET A.S.,,Trailer,UNITED STATES (USA)
NP9176,22863,CAZGIR INSAAT ISI SISTEMLERI TICARET VE SANAYI A.S.,,Trailer,
NP9299,24749,TECAM MAKINA OTOMOTIV TEKSTIL CADIR INSAAT ENERJI DIS TICARET SANAYI LIMITED SIRKETI,,Trailer,
NR9442,22347,VERTISA CEVRE TEKNOLOJILERI INS.REK.DAN.ITH.IHR. SAN.VE TIC.LTD.STI.,,Trailer,TURKEY
NR9493,23109,PUTZMEISTER MAKINA SAN. VE TIC. A.S.,,Trailer,TURKEY
NR9810,24631,FRSTONE DOGAL TAS SAN. VE TIC. LTD. STI.,,Trailer,TURKEY
NRY,20932,PILOTCAR OTOMOTIV SAN. TIC. A.S.,PILOTCAR,Low Speed Vehicle (LSV),TURKEY
PA9005,18772,"TAP WORLDWIDE, LLC",,Trailer,PHILIPPINES
PAG,23072,"INTEGRATED MICRO-ELECTRONICS, INC.",ZERO MOTORCYCLES,Motorcycle,PHILIPPINES
PF9001,11566,DOWELL SCHLUMBERGER INT'L INC.,,Trailer,SINGAPORE
PF9002,24628,SIN TRANS ENGINEERING PTE LTD,,Trailer,SINGAPORE
PFD,23656,HYUNDAI MOTOR GROUP INNOVATION CENTRE IN SINGAPORE,HYUNDAI,Multipurpose Passenger Vehicle (MPV),SINGAPORE
PL9056,24582,GEMILANG COACHWORK SDN. BDH,,Bus,
R12,7363,"XINRI E-VEHICLE HONGKONG CO., LIMITED","XINRI E-VEH HONGKONG CO., LIMITED DBA JIANGSU XINN INTERNATIONAL TRADING",Motorcycle,CHINA
R19018,21642,"QINGDAO TUNE IMPORT AND EXPORT CO.,LTD",,Trailer,CHINA
R19019,25500,MAGIC MIRROR TECHNOLOGY LIMITED,,Trailer,HONG KONG
R1A,16100,"JHC NEW ENERGY VEHICLE HONGKONG CO.,LTD",JHC,Low Speed Vehicle (LSV),CHINA
R1J,22191,JIAYUAN POWER (HONG KONG) LIMITED,MEV,Low Speed Vehicle (LSV),CHINA
R1N,18836,NIU TECHNOLOGIES GROUP LIMITED,NIU,Motorcycle,CHINA
R1R,25718,DONGMA VEHICLE HONGKONG CO LIMITED,"XTION, IJOY",Motorcycle,
R1S,14817,GREENMAN MACHINERY GROUP(HK)LIMITED,GREENMAN MACHINERY GROUP(HK)LIMITED,Low Speed Vehicle (LSV),CHINA
R1V,15739,RONGCHENG COMPAKS (HONG KONG) NEW ENERGY AUTOMOBILE CO LTD,COMPAKS,Trailer,HONG KONG
R2A,21258,SCOOTERCAR LTD.,SCOOTERCAR,Low Speed Vehicle (LSV),
R2F,17691,WINMAX ASIA LIMITED,"DENZEL, LOJO, KY, ML, LUJO, SUNPULSE, WINMAX/SOLAR",Motorcycle,HONG KONG
R2H,17691,WINMAX ASIA LIMITED,"LOJO, KY, YW, LU",Low Speed Vehicle (LSV),CHINA
R2L,17562,"HONGDU ELECTRIC VEHICLE HONGKONG CO.,LIMITED",HONGDU,Motorcycle,CHINA
R2T,22842,TIME TOP INTERNATIONAL INDUSTRY LIMITED,"SOVERSKY, MOVE ECO, FATBEAR SCOOTERS, 3PLUSCOCO, HIGH-TECH, ALIEN ATV, CITY COCO",Motorcycle,HONG KONG
R2V,22396,"DOGEBOS INDUSTRIAL CO., LIMITED",DOGEBOS,Motorcycle,HONG KONG
R2W,21783,"SMARDA INDUSTRY & TRADE CO., LIMITED","SMARDA, GAEA, SUNCYCLE, YIDE, SMARDA SCOOTER, SMARDA SOVERSKY",Motorcycle,CHINA
R2X,21761,"HK PUVITER INTERNATIONAL CO., LIMITED",PUVITER,Motorcycle,CHINA
R33,21053,"HENAN WEBETTER INTELLIGENT EQUIPMENT CO., LTD.","WECARE, WEBETTER",Trailer,CHINA
R35,20933,KAI YUN AUTOMOBILE MANUFACTURING CO. LTD,PICKMAN,Low Speed Vehicle (LSV),HONG KONG
R36,20834,"YONGKANG CHANGPAO INDUSTRY AND TRADE CO., LTD.",SHANSU,Motorcycle,CHINA
R38,20753,KING HK INTERNATIONAL TRADING LIMITED,KING HK INTERNATIONAL TRADING LIMITED,Motorcycle,HONG KONG
R3B,18648,"MUNRO TECHNOLOGY CO.,LIMITED","MUNRO, JIANSHE",Motorcycle,CHINA
R3C,22735,"BENNENG VEHICLE INDUSTRY CO., LIMITED","BNECOZONE, VELECO, RDB, ERIDE, EKOMOTO, EMOTO, THOR, TROTTY",Motorcycle,CHINA
R3F,22799,HANSHENG INDUSTRIAL MANUFACTURING LIMITED,"HANYI, MINGLI, HANSHENG",Motorcycle,HONG KONG
R3G,22799,HANSHENG INDUSTRIAL MANUFACTURING LIMITED,"FIBERGLASS BREAD, RECTANGLE, HANSHENG / AIRSTREAM, HANSHENG / RETRO, SUMMER ICE CREAM, DEPARTMENT STORE",Trailer,HONG KONG
R3J,18927,"DENZEL MOTORS CO.,LIMITED","DENZEL, TRIDENT",Motorcycle,CHINA
R3M,21102,"MANGOSTEEN TECHNOLOGY CO., LIMITED","MANGOSTEEN, EAHORA, SOVERSKY",Motorcycle,CHINA
R3R,23378,"ELECTRIC ALLIANCE TECHNOLOGY CO., LIMITED",DIMEN,Motorcycle,HONG KONG
R3W,22273,"HONG KONG RUNHORSE HOLDING CO., LIMITED","RUNHORSE, JINMA, ETRIKECO, ENVIROTECH VEHICLES",Motorcycle,HONG KONG
R41,22011,"WUXI TENGHUI ELECTRIC VEHICLES CO., LIMITED","ENGTIAN, TRANSPRO",Motorcycle,CHINA
R45,21110,"XL HOLDING GROUP (HK) CO., LIMITED",HORWIN,Motorcycle,CHINA
R46,19477,"WUXI XIYAO INTELLIGENT TECHNOLOGY CO., LIMITED","FLUX, CHEERDMOTO, RAIN, VTRON, VTRON MOTO, EVENTURE POWERSPORTS, ICON (XIYAO), EVENTURE (XIYAO)",Motorcycle,HONG KONG
R4C,21266,"DOUFENG VEHICLE CO., LIMITED",DOFERN,Motorcycle,HONG KONG
R4F,19364,"QINGDAO HOIRO MARINE CO.,LIMITED",HOIRO,Trailer,UNITED STATES (USA)
R4N,20032,ELYX SMART TECHNOLOGY HOLDINGS (HONGKONG) LIMITED,"ELYX SMART, ZEBRA",Motorcycle,CHINA
R4X,22055,FUTENGDA VEHICLE(HK) LIMITED,"MILG, EMOVE",Motorcycle,HONG KONG
R56,20368,"YONGKANG LIQIAN INDUSTRY AND TRADE CO., LIMITED",LI QIAN,Motorcycle,CHINA
R5B,20750,GAIA INTERNATIONAL TRADE LIMITED,GAIA,Low Speed Vehicle (LSV),HONG KONG
R5C,22052,"(HONG KONG) SUMEC CO, LTD",SUMEC,Motorcycle,HONG KONG
R5H,20592,HANBIRD TECHNOLOGY(HONGKONG) LIMITED,HANBIRD,Motorcycle,HONG KONG
R61,22806,HONG KONG YIESON TRAILER LIMITED,YIESON,Trailer,HONG KONG
R62,22786,ATLANT INDUSTRY LIMITED,"ATLANT, SINOTECH, FLASH, WUXI SINOTECH",Motorcycle,HONG KONG
R68,25464,ZHEJIANG YIXING INDUSTRY AND TRADE LIMITED,"SHANSU HI MOTO, OFFCOOL, QRONGE",Motorcycle,HONG KONG
R6C,21689,HENAN WEHOPE SPECIAL EQUIPMENT CO. LTD,"HONLU, WEHOPE",Trailer,CHINA
R6J,21710,"NEWBOT (HK) CO., LIMITED",NEWBOT,Motorcycle,HONG KONG
R6P,21011,HONG KONG MAICHE MACHINERY MANUFACTURING CO. LIMITED,"SILANG, MAICHE",Trailer,HONG KONG
R6U,24096,"HONGKONG YIXING INDUSTRY AND TRADE CO., LIMITED","AMO, VSEIKO",Motorcycle,CHINA
R74,22062,"MKING TECHNOLOGY (HONGKONG) CO., LIMITED",MKING,Motorcycle,HONG KONG
R75,21502,ANCHI MOTORCYCLE TECHNOLOGY LIMITED,"ANCHI, FLY WING",Motorcycle,HONG KONG
R76,21552,"QINGDAO ORIENTAL SHIMAO IMPORT AND EXPORT CO.,LIMITED",ORIENTAL SHIMAO,Trailer,
R77,21766,"QINGDAO SEAHISUN TRAILER TECHNOLOGY CO., LIMITED",SEAHISUN,Trailer,CHINA
R78,22948,WANWEI ELECTRIC VEHICLE LIMITED,"WANWEI, FLISTAR",Motorcycle,HONG KONG
R7D,21627,CNREALLY KNOWN CORPORATION LIMITED,ZZKNOWN,Trailer,HONG KONG
R7E,21627,CNREALLY KNOWN CORPORATION LIMITED,ZZKNOWN,Truck,HONG KONG
R7M,21627,CNREALLY KNOWN CORPORATION LIMITED,ZZKNOWN,Motorcycle,HONG KONG
R7N,22158,DAYI INTELLIGENT TECHNOLOGY CO. LIMITED,DAYI MOTOR,Motorcycle,HONG KONG
R7S,23518,"JIANGSU JINPENG GROUP CO., LTD.",WINK MOTORS INC,Low Speed Vehicle (LSV),
R8B,22273,"HONG KONG RUNHORSE HOLDING CO., LIMITED","RUNHORSE, JINMA, ETRIKECO, ENVIROTECH VEHICLES",Low Speed Vehicle (LSV),HONG KONG
R8C,22296,"WUXI TENGHUI INTERNATIONAL CO., LIMITED","RINNAI, WUXI TENGHUI INTERNATIONAL CO., LIMITED / ENGTIAN",Motorcycle,HONG KONG
R8F,22403,"SKYBLUE MOTORS (HK) CO., LIMITED","SKYBLUE, SODO",Motorcycle,HONG KONG
R8G,22829,ORA GROUP LIMITED,"ORA, MEGA, WUSUN, ORA GROUP / PEERLESS",Motorcycle,HONG KONG
R8H,23946,"VELI TECHNOLOGY INDUSTRIAL CO., LIMITED",VELI,Motorcycle,HONG KONG
R8M,22407,HK ULEAD VEHICLE MANUFACTURING LIMITED,"ALLBETTER, BELYOO, NO, HK ULEAD / UD, URDREAM, GOEASY, COGSUN, HIGH QUALITY",Trailer,CHINA
R8N,22282,HELI MOTORCYCLE TECHNOLOGY LIMITED,"HELI, PINGANDAYUN",Motorcycle,HONG KONG
R8R,22401,"SHANDONG FOCUS INDUSTRY CO., LIMITED",GREENFIST,Trailer,HONG KONG
R8S,23480,"HK DINGYI TECHNOLOGY CO., LIMITED","YUHANZHEN, DINGYITOP, KUNIU, QIJUE, YASHIXIN, B.E.S.T",Motorcycle,CHINA
R8V,22853,"ZHEJIANG TODAY SUNSHINE NEW ENERGY VEHICLE CO., LTD.","REV, E-WAGON, TODAY SUNSHINE, NEO",Low Speed Vehicle (LSV),CHINA
RA9007,22063,NAFFCO FZCO,,Truck,UNITED ARAB EMIRATES
RA9015,23711,AL-ASSRI INDUSTRIES LLC,,Trailer,UNITED ARAB EMIRATES
RF3,9718,"AEONTEK CO., LTD.","YAMAHA, POLARIS, CAN-AM, AERO",Motorcycle,TAIWAN
RF4,9497,"CHYONG HORNG ENTERPRISE CO., LTD.",WHIZZER,Motorcycle,TAIWAN
RF8,12828,"EVT TECHNOLOGY CO., LTD.",EVT,Motorcycle,TAIWAN
RFB,2806,"KWANG YANG MOTOR CO., LTD.","KYMCO, LIVEWIRE",Motorcycle,TAIWAN
RFC,11521,TAIWAN GOLDEN BEE COMPANY,TAIWAN GOLDEN BEE,Motorcycle,TAIWAN
RFD,1048,"SUZUKI MOTOR OF AMERICA, INC",SUZUKI,Motorcycle,
RFG,9850,"SANYANG MOTOR CO., LTD. (SYM)","SYM, BRP, LANCE",Motorcycle,TAIWAN
RFL,5580,"HER CHEE INDUSTRIAL CO., LTD.","ADLY, LAMBRETTA",Motorcycle,TAIWAN
RFR,6903,STANDARD MOTOR CORPORATION,STANDARD MOTOR CORPORATION,Motorcycle,TAIWAN
RFT,3492,CPI MOTOR CO.,CPI,Motorcycle,TAIWAN
RFV,1135,MOTIVE POWER INDUSTRY CO. LTD.,GENUINE SCOOTERS,Motorcycle,
RFZ,11270,"E-TON AMERICA, LLC.",E-TON,Motorcycle,TAIWAN
RG1,6463,APEX MOTOR USA,APEX MOTOR,Motorcycle,UNITED STATES (USA)
RGS,2806,"KWANG YANG MOTOR CO., LTD.",KYMCO,Motorcycle,TAIWAN
RK1,7691,"E-TON POWER TECH CO., LTD.","YAMAHA, E-TON I, E-TON II, E-TON",Motorcycle,TAIWAN
RK6,1048,"SUZUKI MOTOR OF AMERICA, INC",KAWASAKI,Motorcycle,TAIWAN
RK7,1048,"SUZUKI MOTOR OF AMERICA, INC",KAWASAKI,Motorcycle,TAIWAN
RKC,11093,"RHINO POWER SPORT INDUSTRIAL CO., LTD",RHINO,Motorcycle,TAIWAN
RKP,17719,"AERO MOTORSPORTS, LLC",AERO MOTORSPORTS,Motorcycle,UNITED STATES (USA)
RKR,1153,"YAMAHA MOTOR TAIWAN CO., LTD.",YAMAHA,Motorcycle,TAIWAN
RKZ,10063,"TAIWAN HELIO TECHNOLOGY CO., LTD.",TAIWAN HELIO TECHNOLOGY CO.,Motorcycle,TAIWAN
RL7,14271,GELIMEX,GELIMEX JSC,Motorcycle,VIETNAM
RL8,10555,"LIFAN-VIETNAM MOTOR CO., LTD.",LIFAN-VIETNAM MOTOR,Motorcycle,CHINA
RL9001,16092,SAI GON CHAN PHAT JOINT STOCK COMPANY,,Trailer,VIETNAM
RL9002,16089,HUNG DAO CONTAINER JOINT STOCK CO.,,Trailer,VIETNAM
RLH,14691,"HONDA VIETNAM CO., LTD.",HONDA,Motorcycle,VIETNAM
RLL,20180,VINFAST TRADING AND PRODUCTION JOINT STOCK COMPANY,VINFAST,Multipurpose Passenger Vehicle (MPV),VIETNAM
RLP,19945,"VIETNAM KWANG YANG MOTOR CO., LTD.",KYMCO,Motorcycle,VIETNAM
RLV,22769,VIETNAM PRECISION INDUSTRIAL CO LTD,"BRP, WIDESCAPE",Motorcycle,VIETNAM
RMF,22671,THACO INDUSTRIES TRAILERS AND HEAVY STEEL STRUCTURES MANUFACTURING LIMITED LIABILITY COMPANY,THACO TRAILERS,Trailer,VIETNAM
RMT,21798,TAN THANH TRADING MECHANIC CORPORATION,"TAN THANH, TAN THANH / SUPERIOR",Trailer,VIETNAM
RN0,19289,THACO SPECIAL VEHICLES MANUFACTURING LIMITED COMPANY,THACO,Trailer,VIETNAM
RNV,22759,KOTINOCHI JOINT STOCK COMPANY,RHINO CHASSIS,Trailer,
RPG,7191,GCK INDUSTRIAL USA,GCK INDUSTRIAL,Motorcycle,VIETNAM
RSA,5443,FREIGHTLINER  CORPORATION,FREIGHTLINER,Incomplete Vehicle,SAUDI ARABIA
RSB,5443,FREIGHTLINER  CORPORATION,FREIGHTLINER,Truck,SAUDI ARABIA
RTJ,22741,ARABIAN METAL INDUSTRIES LTD.,ARABIAN METAL INDUSTRIES LTD.,Trailer,
RX2,24398,"AEONTEK VIETNAM CO., LTD.",SUPERMACH,Motorcycle,VIETNAM
RX4,25188,SUPER SONIC COMPANY LIMITED,"AODES, BLP, FREEWIND, STAR",Low Speed Vehicle (LSV),
S21,1132,POLARIS INDUSTRIES INC.,POLARIS,Off-Road Vehicle,UNITED STATES (USA)
SA1,22717,GREEN MESSENGER ELECTRIC VEHICLE LIMITED,"RAP, SCOOBIC",Motorcycle,UNITED KINGDOM (UK)
SA9004,22205,MORGAN MOTOR COMPANY LIMITED,,Passenger Car,UNITED KINGDOM (UK)
SA9005,15370,THE PANTHER CAR COMPANY LTD,,Passenger Car,ENGLAND
SA9020,15230,M & G TANKERS LTD,,Trailer,ENGLAND
SA9022,15387,TRIKING OF MARLINGFORD,,Motorcycle,ENGLAND
SA9112,1879,HONNOR MARINE LTD,,Trailer,UNITED KINGDOM (UK)
SA9123,17637,VIPEX LTD.,,Trailer,ENGLAND
SA9141,6200,WRIGHTBUS LTD.,,Bus,IRELAND
SA9149,16094,SNORKEL EUROPE LIMITED,,Trailer,UNITED KINGDOM (UK)
SA9159,6660,MARTIN CONQUEST LIMITED,,Motorcycle,UNITED KINGDOM (UK)
SA9173,11918,RONDAR RACEBOATS LTD.,,Trailer,UNITED KINGDOM (UK)
SA9202,22205,MORGAN MOTOR COMPANY LIMITED,,Motorcycle,UNITED KINGDOM (UK)
SA9204,7269,TRAILER-LIFT LTD.,,Trailer,ENGLAND
SA9231,6551,PEEL ENGINEERING LIMITED,,Motorcycle,UNITED KINGDOM (UK)
SA9350,22928,PENDINE MOTORS LTD.,,Motorcycle,ENGLAND
SA9457,23502,HEDLEY STUDIOS LIMITED,,Low Speed Vehicle (LSV),UNITED KINGDOM (UK)
SA9472,21623,ARC V LTD,,Motorcycle,UNITED KINGDOM (UK)
SA9493,22274,SEBRING VEHICLE DESIGN LTD.,,Passenger Car,
SA9534,23502,HEDLEY STUDIOS LIMITED,,Passenger Car,UNITED KINGDOM (UK)
SA9A11,22205,MORGAN MOTOR COMPANY LIMITED,,Passenger Car,UNITED KINGDOM (UK)
SA9J00,22205,MORGAN MOTOR COMPANY LIMITED,,Passenger Car,ENGLAND
SAD,1079,JAGUAR LAND ROVER LIMITED,JAGUAR,Multipurpose Passenger Vehicle (MPV),UNITED KINGDOM (UK)
SAJ,1079,JAGUAR LAND ROVER LIMITED,JAGUAR,Passenger Car,UNITED KINGDOM (UK)
SAL,1079,JAGUAR LAND ROVER LIMITED,LAND ROVER,Multipurpose Passenger Vehicle (MPV),UNITED KINGDOM (UK)
SAT,16054,TRIUMPH MOTORCYCLES LIMITED,TRIUMPH,Passenger Car,UNITED KINGDOM (UK)
SAX,5201,AUSTIN ROVER GROUP LIMITED,STERLING MOTOR CAR,Passenger Car,UNITED KINGDOM (UK)
SAY,14186,NORTON MOTORCYCLES UK LTD,NORTON MOTORCYCLES,Motorcycle,UNITED KINGDOM (UK)
SB1,1057,TOYOTA MOTOR CORPORATION,TOYOTA,Passenger Car,UNITED KINGDOM (UK)
SBD,6046,EQUI-TREK LTD.,EQUI-TREK,Trailer,UNITED STATES (USA)
SBM,7775,MCLAREN AUTOMOTIVE LIMITED,MCLAREN,Passenger Car,ENGLAND
SBS,15325,SCAMMELL MOTORS PLANT,SCAMMELL,Truck,UNITED KINGDOM (UK)
SBV,1031,PACCAR INC.,"PETERBILT, KENWORTH",Incomplete Vehicle,UNITED KINGDOM (UK)
SC0,15421,ABI CARAVANS LTD,ABI CARAVANS LTD,Trailer,ENGLAND
SC6,22059,INEOS AUTOMOTIVE LIMITED,INEOS,Multipurpose Passenger Vehicle (MPV),
SCA,960,ROLLS ROYCE MOTOR CARS,ROLLS-ROYCE,Passenger Car,UNITED KINGDOM (UK)
SCB,13983,BENTLEY MOTORS LIMITED,BENTLEY,Passenger Car,UNITED KINGDOM (UK)
SCC,983,LOTUS CARS LIMITED,LOTUS,Passenger Car,UNITED KINGDOM (UK)
SCE,23456,DELOREAN MOTOR CARS LIMITED,DELOREAN,Passenger Car,UNITED KINGDOM (UK)
SCF,956,ASTON MARTIN LAGONDA LIMITED,ASTON MARTIN,Passenger Car,UNITED KINGDOM (UK)
SCR,15450,CARBODIES LTD,CARBODIES,Passenger Car,UNITED STATES (USA)
SD7,956,ASTON MARTIN LAGONDA LIMITED,ASTON MARTIN,Multipurpose Passenger Vehicle (MPV),UNITED KINGDOM (UK)
SD8,21836,MOKE INTERNATIONAL LIMITED,MOKE,Passenger Car,UNITED KINGDOM (UK)
SDR,2475,RICHARDSON RICE TRAILERS LTD,RICHARDSON RICE TRAILERS LTD,Trailer,UNITED KINGDOM (UK)
SE3,21767,REDWOOD GLOBAL LTD,FORST,Trailer,UNITED KINGDOM (UK)
SE4,22870,MAEVING LIMITED,MAEVING,Motorcycle,
SEG,16747,"DENNIS EAGLE, LTD.","DENNIS, PENSKE",Truck,UNITED KINGDOM (UK)
SF3,22798,"GY DEVICE GROUP CO., LTD.",GY DEVICE,Trailer,UNITED KINGDOM (UK)
SF6,24034,"KAXA MOTOS CO., LTD.","THRONE CYCLES, BOCEBIKE, SRPNT",Motorcycle,UNITED KINGDOM (UK)
SFB,10246,ELECTROSTORM,ELECTROSTORM,Low Speed Vehicle (LSV),UNITED KINGDOM (UK)
SFE,9951,ALEXANDER DENNIS LIMITED,ALEXANDER DENNIS LIMITED,Bus,UNITED KINGDOM (UK)
SFN,1032,KENWORTH TRUCK COMPANY,KENWORTH,Truck,UNITED KINGDOM (UK)
SFZ,955,"TESLA, INC.",TESLA,Passenger Car,UNITED STATES (USA)
SH2,23129,THE NORTON MOTORCYCLE COMPANY LIMITED,NORTON,Motorcycle,UNITED KINGDOM (UK)
SH3,22576,"JINHUA SUNCART VEHICLE CO., LIMITED",SVN-CART,Low Speed Vehicle (LSV),UNITED KINGDOM (UK)
SH7,22059,INEOS AUTOMOTIVE LIMITED,INEOS,Truck,UNITED KINGDOM (UK)
SHH,991,"HONDA OF THE U.K. MFG., LTD.",HONDA,Passenger Car,UNITED KINGDOM (UK)
SHS,991,"HONDA OF THE U.K. MFG., LTD.",HONDA,Multipurpose Passenger Vehicle (MPV),UNITED KINGDOM (UK)
SJ1,22936,REE AUTOMOTIVE LTD.,REE,Incomplete Vehicle,UNITED KINGDOM (UK)
SJA,13983,BENTLEY MOTORS LIMITED,BENTLEY,Multipurpose Passenger Vehicle (MPV),UNITED KINGDOM (UK)
SJB,23802,BRIAN JAMES TRAILERS LTD,BRIAN JAMES TRAILERS,Trailer,UNITED KINGDOM (UK)
SJJ,13946,"XIANGRUI VEHICLE CO., LTD.","FULU, LICHI",Low Speed Vehicle (LSV),UNITED KINGDOM (UK)
SJK,15795,NISSAN MOTOR MANUFACTURING (UK) LTD,"NISSAN, INFINITI",Passenger Car,UNITED KINGDOM (UK)
SJZ,8905,AUTOCAR LIMITED,AUTOCAR LTD,Passenger Car,UNITED KINGDOM (UK)
SKP,15667,"RAYTTLE (UK) MOTORS CO., LTD",RAYTTLE,Low Speed Vehicle (LSV),UNITED KINGDOM (UK)
SLA,960,ROLLS ROYCE MOTOR CARS,ROLLS-ROYCE,Multipurpose Passenger Vehicle (MPV),ENGLAND
SLJ,22915,"LUQI INTELLGENT TECHNOLOGY CO., LTD","LUQI, ESOMOTO",Motorcycle,UNITED KINGDOM (UK)
SLN,11193,NIFTYLIFT LIMITED,NIFTYLIFT,Trailer,UNITED STATES (USA)
SMT,16054,TRIUMPH MOTORCYCLES LIMITED,TRIUMPH,Motorcycle,UNITED KINGDOM (UK)
SN1,1132,POLARIS INDUSTRIES INC.,POLARIS,Off-Road Vehicle,UNITED STATES (USA)
SNZ,10594,MUZ OF NORTH AMERICA,MUZ OF NORTH AMERICA,Motorcycle,UNITED STATES (USA)
SU9ME1,19361,METBOX KURPAS SPÓLKA JAWNA,,Trailer,POLAND
SU9SL2,18599,SCREEN-LED SP. Z O.O. SP.K.,,Trailer,POLAND
SVE,14671,GOVECS AG,GOVECS,Motorcycle,POLAND
SVS,15184,A SMITH GT BENTLEY LTD,A SMITH GT BENTLEY,Trailer,POLAND
SZC,1345,VECTRIX SP. Z O.O.,VECTRIX SP. Z.O.O.,Motorcycle,UNITED KINGDOM (UK)
TA9144,22068,TUNING FACTORY GMBH,,Passenger Car,SWITZERLAND
TAP,1132,POLARIS INDUSTRIES INC.,POLARIS,Motorcycle,POLAND
TCP,8131,PERAVES AG,PERAVES AG,Motorcycle,SWITZERLAND
TDM,6249,QUANTYA SA,QUANTYA SA,Motorcycle,SWITZERLAND
TK9SD7,14536,RHC SPECIALNI PRIVESY,,Trailer,CZECH REPUBLIC
TLF,19688,KUBERG S.R.O,KUBERG,Motorcycle,CZECH REPUBLIC
TLJ,15428,AMERICAN JAWA LTD,JAWA,Motorcycle,CZECH REPUBLIC
TMC,10887,THOMPSON MFG. COMPANY WEXFORD LTD.,COSTIN SPORTS CAR,Passenger Car,IRELAND
TRU,1149,AUDI AG,AUDI,Passenger Car,HUNGARY
TYB,17508,MITSUBISHI FUSO TRUCK EUROPE S.A.,MITSUBISHI FUSO,Truck,PORTUGAL
U19GMV,25135,BRAKO LTD,,Truck,NORTH MACEDONIA
U1V,24697,VDL BUS MACEDONIA,VAN HOOL,Bus,NORTH MACEDONIA
U5Y,1034,HYUNDAI-KIA AMERICA TECHNICAL CENTER INC (HATCI),"HYUNDAI, KIA",Passenger Car,UNITED STATES (USA)
U89WL9,20070,WILDERWISE BH D.O.O. TUZLA,,Trailer,BOSNIA AND HERZEGOVINA
UBM,17444,TORROT ELECTRIC EUROPA S.L.,"TORROT ELECTRIC EUPOA, S.L.",Motorcycle,UNITED STATES (USA)
UC5,2548,LACFAMET,LACF,Motorcycle,SPAIN
UCV,18629,VOLTA MOTOR COMPANY S.L.,VOLTA MOTOR COMPANY SL,Motorcycle,SPAIN
UDU,24098,STARK FUTURE S.L.,STARK FUTURE,Motorcycle,SPAIN
UH2,16077,BRENDERUP TRAILERS,"THULE TRAILERS, BRENDERUP TRAILERS",Trailer,DENMARK
UH5,16833,CITYCOM ELEKTROMOBILFABRIK A/S,CITY-EL,Motorcycle,DENMARK
UH6,19244,MUSTANG-TRAILERS A/S,MUSTANG TRAILER A/S,Trailer,DENMARK
UHL,15496,CAMP-LET APS,CAMP-LET,Trailer,DENMARK
UHN,25202,LYNX APS,CARVER,Motorcycle,DENMARK
UJG,7452,GARIA A/S,GARIA,Low Speed Vehicle (LSV),FINLAND
UKR,19861,KRONINGS APS,KRONINGS,Trailer,DENMARK
UN9092,24700,REWARD CATERING LTD,,Trailer,
UU3,4553,ARO SA,ARO SA,Off-Road Vehicle,ROMANIA
V39AB8,21882,BUGATTI RIMAC D.O.O.,,Passenger Car,
V61,15836,RESPO HAAGISED AS,RESPO,Trailer,ESTONIA
V69011,6243,TRUCKS & TRAILERS OU,,Trailer,ESTONIA
V6E,23042,ARCAS TRAILER OÜ,"ARCAS TRAILER, MDSC SYSTEMS",Incomplete Vehicle,ESTONIA
V6T,23345,VERGE MOTORCYCLES OÜ,VERGE,Motorcycle,
VA9RB1,21553,ROSENBAUER INTERNATIONAL AG,,Truck,AUSTRIA
VBK,13885,KTM AG,"KTM, HUSQVARNA, HUSABERG, GASGAS",Motorcycle,AUSTRIA
VCF,21267,FISKER GROUP INC.,FISKER,Multipurpose Passenger Vehicle (MPV),
VF1,1001,RENAULT GROUP,"EAGLE, RENAULT",Passenger Car,FRANCE
VF3,15959,AUTOMOBILES PEUGEOT,PEUGEOT,Passenger Car,FRANCE
VF9045,24286,SAFRAN DATA SYSTEMS,,Trailer,FRANCE
VF9391,20818,CRYOLOR SA,,Trailer,FRANCE
VF9795,970,BUGATTI AUTOMOBILES S.A.S.,,Passenger Car,UNITED STATES (USA)
VF9964,20739,MAC3,,Trailer,FRANCE
VFM,15471,ESTEREL CARAVANES S.A,ESTEREL,Trailer,FRANCE
VG5,1130,YAMAHA MOTOR CORPORATION,YAMAHA,Motorcycle,UNITED STATES (USA)
VG6,1001,RENAULT GROUP,MACK,Incomplete Vehicle,FRANCE
VG8,1001,RENAULT GROUP,MACK,Bus,FRANCE
VG9021,20030,OZICONCEPT,,Trailer,FRANCE
VG9036,21075,BEAUER,,Trailer,FRANCE
VGA,8344,PEUGEOT MOTORCYCLES,PEUGEOT MOTORCYCLES,Motorcycle,FRANCE
VGY,8607,LOHR EQUIPMENT & WELDING,LOHR,Trailer,FRANCE
VKD,22292,S.A.R.L. NANCY CHEVAL,CHEVAL LIBERTE,Trailer,
VL4,13755,"BLUECAR, SAS",BLUECAR,Passenger Car,ITALY
VME,14501,FAUTRAS HORSE TRAILERS (JLFD PRODUCTION),JLFD PRODUCTION (FAUTRAS HORSE TRAILERS),Trailer,FRANCE
VNB,23419,SHERCO MOTORCYCLES SARL,SHERCO,Motorcycle,FRANCE
VNE,12600,IRISBUS FRANCE,IRISBUS FRANCE,Bus,FRANCE
VNK,1155,"TOYOTA MOTOR MANUFACTURING, FRANCE, S.A.S.",TOYOTA,Passenger Car,FRANCE
VRC,17343,"VERUCCI MOTORCYCLES, LLC",VERUCCI MOTORCYCLES LLC,Motorcycle,UNITED STATES (USA)
VS9016,19695,"IRIZAR, S.COOP.",,Bus,SPAIN
VS9031,6724,"CARROCERIAS AYATS, S.A.",,Bus,SPAIN
VTD,15171,MONTESA HONDA SA,HONDA,Motorcycle,SPAIN
VTH,14463,NACIONAL MOTOR S.A.U.,DERBI,Motorcycle,SPAIN
VTM,15171,MONTESA HONDA SA,HONDA,Motorcycle,SPAIN
VTT,1048,"SUZUKI MOTOR OF AMERICA, INC",SUZUKI,Motorcycle,SPAIN
VV1,21961,LECITRAILER S.A.,LECITRAILER S.A,Trailer,
VX1,15416,"SOUR ZAVODI CRVENA ZASTAVA DBA YUGO AMERICA, INC.",YUGO,Passenger Car,SERBIA
W04,15139,ADAM OPEL AG,BUICK,Passenger Car,UNITED KINGDOM (UK)
W06,15139,ADAM OPEL AG,"CADILLAC, OPEL",Passenger Car,GERMANY
W08,15139,ADAM OPEL AG,"OPEL, SATURN",Passenger Car,UNITED STATES (USA)
W09A24,20789,AUWAERTER-ANHAENGER UND AUFBAUTEN GMBH & CO. KG,,Trailer,GERMANY
W09F57,11596,TWIKE/FINE MOBILE GMBH,,Motorcycle,GERMANY
W09P06,25095,HERMANN PAUS MASCHINENFABRIK GMBH,,Trailer,
W09R06,22832,RUF AUTOMOBILE GMBH,,Passenger Car,GERMANY
W09R09,13107,AMPHI-RANGER-FAHRZEUG GMBH,,Multipurpose Passenger Vehicle (MPV),GERMANY
W09R38,6758,REWACO SPEZIALFAHRZEUGE GMBH,,Motorcycle,GERMANY
W09T06,20876,JAKOB THALER GMBH,,Trailer,GERMANY
W09T45,3890,"ROADSTERTEC USA, INC.",,Motorcycle,UNITED STATES (USA)
W09Z16,20068,ZECK GMBH,,Trailer,GERMANY
W0L,15139,ADAM OPEL AG,OPEL,Passenger Car,UNITED STATES (USA)
W0V,984,GENERAL MOTORS LLC,OPEL,Passenger Car,UNITED STATES (USA)
W1A,1023,"MERCEDES-BENZ, AG",MERCEDES-BENZ,Passenger Car,
W1H,1023,"MERCEDES-BENZ, AG",FREIGHTLINER,Truck,GERMANY
W1K,1042,MERCEDES-BENZ CARS,MERCEDES-BENZ,Passenger Car,GERMANY
W1L,1023,"MERCEDES-BENZ, AG",MERCEDES-BENZ,Passenger Car,
W1M,1023,"MERCEDES-BENZ, AG",MERCEDES-BENZ,Passenger Car,
W1N,1023,"MERCEDES-BENZ, AG",MERCEDES-BENZ,Multipurpose Passenger Vehicle (MPV),GERMANY
W1P,1023,"MERCEDES-BENZ, AG",MERCEDES-BENZ,Multipurpose Passenger Vehicle (MPV),
W1R,1023,"MERCEDES-BENZ, AG",MERCEDES-BENZ,Multipurpose Passenger Vehicle (MPV),
W1W,1023,"MERCEDES-BENZ, AG",MERCEDES-BENZ,Multipurpose Passenger Vehicle (MPV),GERMANY
W1X,1023,"MERCEDES-BENZ, AG",MERCEDES-BENZ,Incomplete Vehicle,GERMANY
W1Y,1023,"MERCEDES-BENZ, AG",MERCEDES-BENZ,Truck,GERMANY
W1Z,1023,"MERCEDES-BENZ, AG",MERCEDES-BENZ,Bus,GERMANY
W2W,1023,"MERCEDES-BENZ, AG",FREIGHTLINER,Multipurpose Passenger Vehicle (MPV),GERMANY
W2X,1023,"MERCEDES-BENZ, AG",FREIGHTLINER,Incomplete Vehicle,GERMANY
W2Y,1023,"MERCEDES-BENZ, AG",FREIGHTLINER,Truck,GERMANY
W2Z,1023,"MERCEDES-BENZ, AG",FREIGHTLINER,Bus,GERMANY
WA1,1149,AUDI AG,AUDI,Multipurpose Passenger Vehicle (MPV),GERMANY
WAP,957,"BMW OF NORTH AMERICA, LLC",BMW,Passenger Car,GERMANY
WAU,1149,AUDI AG,AUDI,Passenger Car,GERMANY
WB0,5304,BOCKMANN FAHRZEUGWERKE GMBH,BOCKMANN FAHRZEUGWERKE GMBH,Trailer,GERMANY
WB1,972,BMW AG MOTORCYCLES,BMW,Motorcycle,GERMANY
WB3,972,BMW AG MOTORCYCLES,BMW,Motorcycle,GERMANY
WB4,972,BMW AG MOTORCYCLES,BMW,Motorcycle,GERMANY
WB5,966,BMW AG,BMW,Multipurpose Passenger Vehicle (MPV),GERMANY
WB7,20872,BLACK TEA MOTORBIKES GMBH,BLACK TEA MOTORBIKES,Motorcycle,GERMANY
WBA,966,BMW AG,BMW,Passenger Car,GERMANY
WBC,18822,BOOM TRIKES FAHRZEUGBAU AG,BOOM TRIKES,Motorcycle,GERMANY
WBK,14158,BOCKER MASCHINENWERKE GMBH,ALBERT BÖCKER GMBH & CO. KG,Trailer,GERMANY
WBS,967,BMW M GMBH,BMW,Passenger Car,GERMANY
WBX,966,BMW AG,BMW,Multipurpose Passenger Vehicle (MPV),GERMANY
WBY,966,BMW AG,BMW,Passenger Car,GERMANY
WCD,1146,DAIMLER CHRYSLER AG,FREIGHTLINER,Bus,GERMANY
WD0,1023,"MERCEDES-BENZ, AG",DODGE,Truck,UNITED STATES (USA)
WD1,1146,DAIMLER CHRYSLER AG,SPRINTER (DODGE OR FREIGHTLINER),Incomplete Vehicle,UNITED STATES (USA)
WD2,1146,DAIMLER CHRYSLER AG,"FREIGHTLINER, SPRINTER (DODGE OR FREIGHTLINER)",Truck,UNITED STATES (USA)
WD3,1023,"MERCEDES-BENZ, AG",MERCEDES-BENZ,Truck,GERMANY
WD4,1023,"MERCEDES-BENZ, AG","MERCEDES-BENZ, FREIGHTLINER",Multipurpose Passenger Vehicle (MPV),GERMANY
WD5,1146,DAIMLER CHRYSLER AG,SPRINTER (DODGE OR FREIGHTLINER),Multipurpose Passenger Vehicle (MPV),UNITED STATES (USA)
WD6,1146,DAIMLER CHRYSLER AG,FREIGHTLINER,Truck,GERMANY
WD7,1146,DAIMLER CHRYSLER AG,AMERICAN LAFRANCE,Incomplete Vehicle,UNITED STATES (USA)
WD8,1023,"MERCEDES-BENZ, AG",DODGE,Multipurpose Passenger Vehicle (MPV),UNITED STATES (USA)
WDA,1023,"MERCEDES-BENZ, AG",MERCEDES-BENZ,Incomplete Vehicle,GERMANY
WDB,1042,MERCEDES-BENZ CARS,"MERCEDES-BENZ, MAYBACH",Passenger Car,GERMANY
WDC,1042,MERCEDES-BENZ CARS,MERCEDES-BENZ,Multipurpose Passenger Vehicle (MPV),GERMANY
WDD,1042,MERCEDES-BENZ CARS,MERCEDES-BENZ,Passenger Car,GERMANY
WDP,1146,DAIMLER CHRYSLER AG,FREIGHTLINER,Incomplete Vehicle,GERMANY
WDR,1146,DAIMLER CHRYSLER AG,FREIGHTLINER,Multipurpose Passenger Vehicle (MPV),GERMANY
WDW,1023,"MERCEDES-BENZ, AG",DODGE,Bus,UNITED STATES (USA)
WDX,1023,"MERCEDES-BENZ, AG",DODGE,Incomplete Vehicle,UNITED STATES (USA)
WDY,1146,DAIMLER CHRYSLER AG,FREIGHTLINER,Truck,GERMANY
WDZ,964,"MERCEDES-BENZ USA, LLC (SPRINTER)",MERCEDES-BENZ,Bus,GERMANY
WEB,14460,DAIMLER BUSES GMBH,"MERCEDES-BENZ, EVOBUS",Bus,GERMANY
WEW,19899,E-BILITY GMBH,KUMPAN ELECTRIC,Motorcycle,GERMANY
WF0,14678,FORD WERKE AG,FORD,Passenger Car,GERMANY
WF1,14678,FORD WERKE AG,MERKUR,Passenger Car,GERMANY
WG0,24952,GOLDHOFER AG,GOLDHOFER,Trailer,
WGG,14706,"GGC-GLOBAL GENERATION CULT, GMBH",GLOBAL GENERATION CULT,Motorcycle,UNITED STATES (USA)
WHR,17969,HERMANN HARBECK FAHRZEUGBAU GMBH & CO. KG,HARBECK,Trailer,UNITED STATES (USA)
WKK,14460,DAIMLER BUSES GMBH,SETRA,Bus,UNITED STATES (USA)
WLA,23520,LANGENDORF GMBH,LANGENDORF,Trailer,GERMANY
WME,1042,MERCEDES-BENZ CARS,SMART,Passenger Car,GERMANY
WMW,966,BMW AG,MINI,Passenger Car,GERMANY
WMZ,966,BMW AG,MINI,Multipurpose Passenger Vehicle (MPV),GERMANY
WP0,13510,DR. ING. H.C.F. PORSCHE AG,PORSCHE,Passenger Car,GERMANY
WP1,13510,DR. ING. H.C.F. PORSCHE AG,PORSCHE,Multipurpose Passenger Vehicle (MPV),GERMANY
WPU,25071,PUTZMEISTER MÖRTELMASCHINEN GMBH,PUTZMEISTER,Trailer,GERMANY
WT9136,7367,"TWISTED HAWAIIAN, LLC",,Motorcycle,UNITED STATES (USA)
WTK,19159,TINBOT TECHNOLOGY GMBH,"TINBOT, KOLLTER",Motorcycle,GERMANY
WU1,1150,AUDI SPORT GMBH,AUDI,Multipurpose Passenger Vehicle (MPV),GERMANY
WUA,1150,AUDI SPORT GMBH,AUDI,Passenger Car,GERMANY
WV1,1147,"VOLKSWAGEN GROUP OF AMERICA, INC.",VOLKSWAGEN,Truck,GERMANY
WV2,1147,"VOLKSWAGEN GROUP OF AMERICA, INC.",VOLKSWAGEN,Multipurpose Passenger Vehicle (MPV),GERMANY
WV3,1147,"VOLKSWAGEN GROUP OF AMERICA, INC.",VOLKSWAGEN,Incomplete Vehicle,GERMANY
WVG,1148,VOLKSWAGEN AG,VOLKSWAGEN,Multipurpose Passenger Vehicle (MPV),GERMANY
WVW,1148,VOLKSWAGEN AG,VOLKSWAGEN,Passenger Car,GERMANY
WYB,1023,"MERCEDES-BENZ, AG",FREIGHTLINER,Truck,GERMANY
WZ1,966,BMW AG,TOYOTA,Passenger Car,GERMANY
X89AC5,10959,AUTOKAD LTD,,Multipurpose Passenger Vehicle (MPV),RUSSIA
X8H,13416,KAZ (RUSSIA) KAMSKY AUTOASSEMBLY FACTORY,OKA,Low Speed Vehicle (LSV),RUSSIA
X8J,7726,IRBITSKI MOTOTSICLETNY ZAVOD,"IRBITSKI MOTOTSICLETNY ZAVOD, URAL",Motorcycle,RUSSIA
XL9003,15200,"KONDOR COACH BUILDERS, INC",,Bus,NETHERLANDS
XL9009,3317,RIOR/RIONED B.V.,,Trailer,NETHERLANDS
XL9081,20236,E.B.O. VAN WEEL B.V.,,Trailer,NETHERLANDS
XL9310,8385,TRIGGER TECHNICS BV,,Motorcycle,UNITED STATES (USA)
XL9363,17280,SPYKER NEDERLAND B.V.,,Passenger Car,NETHERLANDS
XL9486,17280,SPYKER NEDERLAND B.V.,,Passenger Car,NETHERLANDS
XL9530,21958,EBUSCO HOLDING N.V.,,Bus,NETHERLANDS
XL9551,22916,METAAL CENTRUM DUNNING BV,,Trailer,NETHERLANDS
XL9650,23063,EXPANDABLE B.V.,,Trailer,
XLW,22207,TERBERG BENSCHOP B.V.,TERBERG BENSCHOP B.V.,Truck,NETHERLANDS
XMK,10051,ATEC AANHANGWAGENS BV,ATEC AANHANGWAGENS,Trailer,NETHERLANDS
XPM,16457,VANCLAES BOAT TRAILERS,VANCLAES,Trailer,UNITED STATES (USA)
XTB,2139,"CLASSIC MOTORCYCLES & SIDECARS, INC.",URAL SIDECARS & SOLOS,Motorcycle,RUSSIA
XZ1,6619,NOV LUXEMBOURG S.A.,MYCAR,Passenger Car,SOUTH AFRICA
Y69001,13533,CENTRAL PURCHASING LLC.,,Trailer,UNITED STATES (USA)
Y69002,17246,LORGANO LLC,,Motorcycle,UKRAINE
Y69003,17246,LORGANO LLC,,Trailer,UKRAINE
Y79E81,24389,D LIGHT LLC,,Trailer,UKRAINE
YA3,16497,ATLAS COPCO AIRPOWER NV,"ATLAS COPCO, CHICAGO PNEUMATIC, AMERICAN PNEUMATIC TOOLS",Trailer,BELGIUM
YA9284,14981,PRESSES ET CISAILLES LEFORT SA,,Trailer,BELGIUM
YAF,23545,FAYMONVILLE DISTRIBUTION AG,FAYMONVILLE,Trailer,BELGIUM
YAM,25218,MAX TRAILER DISTRIBUTION SA,FAYMONVILLE,Trailer,LUXEMBOURG
YB1,15886,VOLVO EUROPA TRUCK NV,VOLVO,Incomplete Vehicle,BELGIUM
YB3,15886,VOLVO EUROPA TRUCK NV,VOLVO,Incomplete Vehicle,BELGIUM
YC1,988,"AMERICAN HONDA MOTOR CO., INC.",HONDA,Motorcycle,BELGIUM
YE2,1163,VAN HOOL N.V.,VAN HOOL,Bus,
YH4,12144,"FISKER AUTOMOTIVE, INC.",FISKER,Passenger Car,
YK1,15952,OY SAAB VALMET AB,SAAB,Passenger Car,FINLAND
YS3,1137,"SAAB CARS NORTH AMERICA, INC.",SAAB,Passenger Car,SWEDEN
YSM,22624,POLESTAR PERFORMANCE AB,POLESTAR,Passenger Car,SWEDEN
YSR,22624,POLESTAR PERFORMANCE AB,POLESTAR,Multipurpose Passenger Vehicle (MPV),SWEDEN
YST,9374,COMING THROUGH SWEDEN AB,"RETRIEVER MOTORCYCLES, RETRIEVER TRAILERS",Motorcycle,
YT1,15888,RICKARDSSON SLAPVAGNS AB,BRIAB,Trailer,SWEDEN
YT9007,1344,KOENIGSEGG AUTOMOTIVE AB,,Passenger Car,SWEDEN
YV1,14914,VOLVO CAR CORPORATION,VOLVO,Passenger Car,SWEDEN
YV2,14914,VOLVO CAR CORPORATION,VOLVO,Incomplete Vehicle,SWEDEN
YV3,14914,VOLVO CAR CORPORATION,VOLVO,Bus,SWEDEN
YV4,14914,VOLVO CAR CORPORATION,VOLVO,Multipurpose Passenger Vehicle (MPV),SWEDEN
YV5,14914,VOLVO CAR CORPORATION,VOLVO,Incomplete Vehicle,SWEDEN
YV6,14914,VOLVO CAR CORPORATION,VOLVO,Trailer,SWEDEN
YW2,19094,CAKE 0 EMISSION AB,CAKE,Motorcycle,UNITED STATES (USA)
YXF,19357,FOLDTRAILER LIMITED,FOLDTRAILER LTD.,Trailer,NORWAY
YYC,13384,TH!NK NORDIC AS,TH!NK,Passenger Car,NORWAY
ZA9A12,14379,AUTOMOBILI LAMBORGHINI SPA,,Passenger Car,ITALY
ZA9D39,970,BUGATTI AUTOMOBILES S.A.S.,,Passenger Car,ITALY
ZA9F76,7176,PAGANI SPA,,Passenger Car,ITALY
ZA9K49,7438,CRP RACING,,Motorcycle,ITALY
ZA9M91,20582,AUTOMOBILI PININFARINA GMBH,,Passenger Car,GERMANY
ZAC,1029,FCA ITALY S.P.A.,"DODGE, JEEP, FIAT, RAM",Multipurpose Passenger Vehicle (MPV),UNITED STATES (USA)
ZAM,15956,MASERATI S.P.A.,MASERATI,Passenger Car,ITALY
ZAP,14462,PIAGGIO & C.S.P.A.,"PIAGGIO AND VESPA, PIAGGIO, VESPA",Motorcycle,ITALY
ZAR,4834,ALFA ROMEO S.P.A.,ALFA ROMEO,Passenger Car,ITALY
ZAS,4834,ALFA ROMEO S.P.A.,ALFA ROMEO,Multipurpose Passenger Vehicle (MPV),ITALY
ZB0,15268,"MOTOR BIKE IMPORTS, INC",MBI,Motorcycle,ITALY
ZB2,15423,MOTO METEORA,MOTOMARINA,Motorcycle,ITALY
ZBB,23459,CARROZZERIA BERTONE SPA,BERTONE,Passenger Car,ITALY
ZBG,17625,BALBI RIMORCHI SRL,BALBI RIMORCHI SRL,Trailer,ITALY
ZBN,10757,BENELLI Q.J. SRL,BENELLI Q.J. SRL,Motorcycle,ITALY
ZC2,15956,MASERATI S.P.A.,CHRYSLER,Passenger Car,ITALY
ZCF,16176,"IVECO TRUCKS OF NORTH AMERICAN, INC",IVECO,Incomplete Vehicle,ITALY
ZCG,2907,MV AGUSTA MOTOR S.P.A.,"MV AGUSTA MOTOR, CAGIVA MOTOR S.P.A",Motorcycle,UNITED STATES (USA)
ZCH,9503,DI BLASI INDUSTRIALE SRL,DI BLASI,Motorcycle,ITALY
ZD3,14129,BETAMOTOR S.P.A.,BETA,Motorcycle,ITALY
ZD4,14091,APRILIA S.P.A.,APRILIA,Motorcycle,ITALY
ZDC,988,"AMERICAN HONDA MOTOR CO., INC.",HONDA,Motorcycle,ITALY
ZDM,1133,DUCATI MOTOR HOLDING S.P.A.,DUCATI,Motorcycle,ITALY
ZFA,16401,STELLANTIS EUROPE S.P.A.,FIAT,Passenger Car,ITALY
ZFB,1029,FCA ITALY S.P.A.,"JEEP, FIAT, RAM",Multipurpose Passenger Vehicle (MPV),ITALY
ZFD,1169,"FERRARI NORTH AMERICA, INC.",FERRARI,Passenger Car,
ZFF,14805,FERRARI S.P.A.,FERRARI,Passenger Car,ITALY
ZFJ,15082,CARROZZERIA PEZZAIOLI S.R.L.,PEZZAIOLI,Trailer,ITALY
ZFM,25066,FANTIC MOTOR S.P.A.,FANTIC,Motorcycle,ITALY
ZFR,16053,PININFARINA,PININFARINA,Passenger Car,ITALY
ZGR,2568,II TORO ITALIANO INC.,T.L.R. S.P.A,Low Speed Vehicle (LSV),ITALY
ZGU,1139,MOTO GUZZI S.P.A,MOTO GUZZI,Motorcycle,ITALY
ZGZ,14455,OXYGEN S.P.A,OXYGEN SPA,Motorcycle,ITALY
ZHK,12017,MOVITRON S.R.L.,MOVITRON S.R.L.,Low Speed Vehicle (LSV),ITALY
ZHW,14379,AUTOMOBILI LAMBORGHINI SPA,LAMBORGHINI,Passenger Car,ITALY
ZJM,8081,MALAGUTI S.P.A.,MALAGUTI S.P.A.,Motorcycle,ITALY
ZJP,18235,PICCOLI MOTORI S.R.L.,PICCOLI MOTORI,Motorcycle,ITALY
ZJT,22744,ITALJET S.R.L.,ITALJET,Motorcycle,ITALY
ZKH,9754,"HUSQVARNA MOTORCYCLES S.R.L (FORMERLY KNOWN AS BOXER S.R.L., VARESE, ITALY)",HUSQVARNA,Motorcycle,ITALY
ZLF,1479,TAZZARI GL SPA,TAZZARI GL SPA,Low Speed Vehicle (LSV),ITALY
ZLV,2376,MOTO LAVERDA SPA,LAVERDA,Motorcycle,ITALY
ZN0,19182,SWM MOTORCYCLES S.R.L.,EUROPE - ITALY,Motorcycle,ITALY
ZN6,15956,MASERATI S.P.A.,MASERATI,Multipurpose Passenger Vehicle (MPV),ITALY
ZNA,24887,OMC AXLES AND TRAILERS SRL,OMC AXLES & TRAILERS S.R.L.,Trailer,
ZNN,12006,ENERGICA MOTOR COMPANY SPA,ENERGICA,Motorcycle,ITALY
ZPB,14379,AUTOMOBILI LAMBORGHINI SPA,LAMBORGHINI,Multipurpose Passenger Vehicle (MPV),UNITED STATES (USA)
ZPR,21371,NUEVA INDUSTRIA TORINESE S.R.L.,NITO BIKES,Motorcycle,
ZRG,23291,TAZZARI GL IMOLA SPA,TAZZARI,Low Speed Vehicle (LSV),ITALY
ZRP,9335,BIMOTA S.P.A.,BIMOTA,Motorcycle,ITALY
ZSG,14805,FERRARI S.P.A.,FERRARI,Multipurpose Passenger Vehicle (MPV),ITALY
ZZ1,1689,TOMOS D.O.O. MOTOINDUSTRIJA,TOMOS,Motorcycle,SLOVENIA
ZZ3,22061,"MC MOTO, MOTOINDUSTRIJA, D.O.O.",MC MOTO,Motorcycle,
